"Date","SPY","IEF","GLD"
2015-01-02,170.124969482422,82.8684158325195,114.080001831055
2015-01-05,167.05256652832,83.3740234375,115.800003051758
2015-01-06,165.479125976562,83.93408203125,117.120002746582
2015-01-07,167.541198730469,83.9185409545898,116.430000305176
2015-01-08,170.514205932617,83.5762557983398,115.940002441406
2015-01-09,169.147811889648,83.9885787963867,117.26000213623
2015-01-12,167.822769165039,84.2841873168945,118.559997558594
2015-01-13,167.350769042969,84.3618698120117,118.160003662109
2015-01-14,166.340438842773,84.7508773803711,117.970001220703
2015-01-15,164.816650390625,85.4743194580078,120.940002441406
2015-01-16,166.978118896484,84.8442077636719,122.519996643066
2015-01-20,167.334182739258,85.0387115478516,124.199996948242
2015-01-21,168.17887878418,84.6342315673828,124.230003356934
2015-01-22,170.679870605469,84.4241256713867,125.230003356934
2015-01-23,169.744049072266,84.976448059082,124.230003356934
2015-01-26,170.141586303711,84.7819900512695,122.98999786377
2015-01-27,167.897308349609,84.8986511230469,124.400001525879
2015-01-28,165.744125366211,85.5521240234375,123.419998168945
2015-01-29,167.276229858398,85.2487411499023,120.76000213623
2015-01-30,165.172698974609,85.9955291748047,123.449996948242
2015-02-02,167.218276977539,85.8879776000977,122.419998168945
2015-02-03,169.636428833008,85.1633529663086,121.050003051758
2015-02-04,168.990447998047,85.303596496582,121.580001831055
2015-02-05,170.696411132812,84.9919357299805,121.790000915527
2015-02-06,170.224365234375,84.0413284301758,118.639999389648
2015-02-09,169.462478637695,84.0023956298828,119.169998168945
2015-02-10,171.267868041992,83.7919769287109,118.470001220703
2015-02-11,171.367218017578,83.7608489990234,117.069999694824
2015-02-12,173.015243530273,83.7919769287109,117.339996337891
2015-02-13,173.727401733398,83.5114974975586,117.980003356934
2015-02-17,174.000701904297,82.9193878173828,116.01000213623
2015-02-18,174.017303466797,83.3166961669922,116.339996337891
2015-02-19,173.893020629883,83.1063995361328,115.940002441406
2015-02-20,174.936538696289,83.0596084594727,115.279998779297
2015-02-23,174.911682128906,83.4413681030273,115.430000305176
2015-02-24,175.40852355957,83.9946060180664,115.26000213623
2015-02-25,175.259490966797,84.0725250244141,115.699996948242
2015-02-26,175.052429199219,83.5739059448242,116.069999694824
2015-02-27,174.456192016602,83.8699493408203,116.160003662109
2015-03-02,175.557571411133,83.2456207275391,115.680000305176
2015-03-03,174.83708190918,83.0660934448242,115.470001220703
2015-03-04,174.100067138672,83.1285247802734,115.110000610352
2015-03-05,174.290588378906,83.1753845214844,115
2015-03-06,171.839248657227,82.3247451782227,111.860000610352
2015-03-09,172.551467895508,82.7071380615234,111.970001220703
2015-03-10,169.752365112305,83.0582809448242,111.419998168945
2015-03-11,169.354797363281,83.2065963745117,110.75
2015-03-12,171.508010864258,83.2846298217773,110.720001220703
2015-03-13,170.456253051758,83.1597518920898,110.879997253418
2015-03-16,172.733673095703,83.4485092163086,110.809997558594
2015-03-17,172.22021484375,83.6201934814453,110.209999084473
2015-03-18,174.290588378906,84.5800857543945,112.370002746582
2015-03-19,173.495559692383,84.1821212768555,112.290000915527
2015-03-20,175.026947021484,84.5254745483398,113.569999694824
2015-03-23,174.685897827148,84.6347274780273,114.290000915527
2015-03-24,173.704345703125,84.8922805786133,114.569999694824
2015-03-25,171.158889770508,84.5254745483398,114.730003356934
2015-03-26,170.75129699707,84.049446105957,115.480003356934
2015-03-27,171.14225769043,84.3771820068359,115.059997558594
2015-03-30,173.230163574219,84.3693695068359,113.75
2015-03-31,171.716278076172,84.5879287719727,113.660003662109
2015-04-01,171.108993530273,84.990478515625,115.599998474121
2015-04-02,171.724578857422,84.748161315918,115.279998779297
2015-04-06,172.880828857422,84.8575744628906,116.690002441406
2015-04-07,172.423324584961,84.9279022216797,116.110000610352
2015-04-08,173.005599975586,84.8497772216797,115.470001220703
2015-04-09,173.77082824707,84.5058288574219,114.669998168945
2015-04-10,174.719177246094,84.4823684692383,115.970001220703
2015-04-13,173.928909301758,84.6543197631836,115.139999389648
2015-04-14,174.261672973633,84.9044799804688,114.440002441406
2015-04-15,175.043563842773,84.9513854980469,115.430000305176
2015-04-16,174.993667602539,85.0139389038086,115.029998779297
2015-04-17,172.980651855469,85.1858520507812,115.599998474121
2015-04-20,174.561126708984,85.0295333862305,114.720001220703
2015-04-21,174.353179931641,84.8497772216797,115.379997253418
2015-04-22,175.209930419922,84.3573455810547,113.830001831055
2015-04-23,175.650833129883,84.6152572631836,114.660003662109
2015-04-24,176.058395385742,84.9122619628906,113.050003051758
2015-04-27,175.326416015625,84.779411315918,115.330001831055
2015-04-28,175.883773803711,84.3885345458984,116.330001831055
2015-04-29,175.160034179688,84.0759124755859,115.51000213623
2015-04-30,173.404922485352,84.0524368286133,113.470001220703
2015-05-01,175.28483581543,83.5928955078125,113.080001831055
2015-05-04,175.783889770508,83.4207153320312,114.099998474121
2015-05-05,173.77082824707,83.2797927856445,114.419998168945
2015-05-06,173.055480957031,82.8727188110352,114.360000610352
2015-05-07,173.745910644531,83.224967956543,113.419998168945
2015-05-08,176.033477783203,83.5459976196289,113.970001220703
2015-05-11,175.193298339844,82.7239532470703,113.529998779297
2015-05-12,174.66926574707,82.7865600585938,114.5
2015-05-13,174.702575683594,82.6769561767578,116.550003051758
2015-05-14,176.524291992188,82.9588088989258,117.180000305176
2015-05-15,176.715591430664,83.5537872314453,117.529998779297
2015-05-18,177.2646484375,82.9901504516602,117.519996643066
2015-05-19,177.206344604492,82.6221542358398,115.889999389648
2015-05-20,177.081588745117,82.8022537231445,116.080001831055
2015-05-21,177.59733581543,83.2954254150391,115.690002441406
2015-05-22,177.173049926758,83.1075439453125,115.599998474121
2015-05-26,175.268173217773,83.6242370605469,113.910003662109
2015-05-27,176.931838989258,83.5772857666016,113.889999389648
2015-05-28,176.732238769531,83.6555557250977,114.019996643066
2015-05-29,175.634231567383,83.7025146484375,114.099998474121
2015-06-01,175.991897583008,83.333251953125,114
2015-06-02,175.81721496582,82.7529830932617,114.459999084473
2015-06-03,176.28303527832,82.0473022460938,113.639999389648
2015-06-04,174.794082641602,82.447151184082,112.839996337891
2015-06-05,174.49462890625,81.8512954711914,112.23999786377
2015-06-08,173.421585083008,81.9688415527344,112.569999694824
2015-06-09,173.396514892578,81.7023391723633,112.819999694824
2015-06-10,175.476135253906,81.3886871337891,113.779998779297
2015-06-11,176.041809082031,82.031608581543,113.26000213623
2015-06-12,174.694183349609,81.9845275878906,113.230003356934
2015-06-15,173.945571899414,82.1806030273438,113.730003356934
2015-06-16,174.893844604492,82.4942245483398,113.319999694824
2015-06-17,175.176712036133,82.5412521362305,113.849998474121
2015-06-18,176.998382568359,82.4785614013672,115.319999694824
2015-06-19,176.212692260742,82.9176635742188,115.120002746582
2015-06-22,177.115447998047,82.2197875976562,113.639999389648
2015-06-23,177.240798950195,81.9688415527344,112.889999389648
2015-06-24,175.953598022461,82.2119293212891,112.589996337891
2015-06-25,175.418594360352,82.0081024169922,112.440002441406
2015-06-26,175.385147094727,81.6160507202148,112.559997558594
2015-06-29,171.707275390625,82.5648422241211,113.069999694824
2015-06-30,172.06672668457,82.3374176025391,112.370002746582
2015-07-01,173.445892333984,81.9070892333984,111.980003356934
2015-07-02,173.287109375,82.1976623535156,111.76000213623
2015-07-06,172.7939453125,82.7787399291992,112.059997558594
2015-07-07,173.880554199219,82.9986038208008,110.76000213623
2015-07-08,170.963333129883,83.3284683227539,111.089996337891
2015-07-09,171.272506713867,82.7473220825195,111.360000610352
2015-07-10,173.429183959961,82.174072265625,111.48999786377
2015-07-13,175.343399047852,81.9541931152344,110.98999786377
2015-07-14,176.104019165039,82.2133560180664,110.73999786377
2015-07-15,176.045532226562,82.5274658203125,110.160003662109
2015-07-16,177.458114624023,82.4960479736328,109.76000213623
2015-07-17,177.608612060547,82.5039215087891,108.650001525879
2015-07-20,177.700576782227,82.3389511108398,105.699996948242
2015-07-21,176.998382568359,82.5667190551758,105.370002746582
2015-07-22,176.680770874023,82.6687850952148,104.800003051758
2015-07-23,175.686065673828,83.006477355957,104.330001831055
2015-07-24,173.863830566406,83.0850448608398,105.349998474121
2015-07-27,172.852432250977,83.3598785400391,104.860000610352
2015-07-28,174.975555419922,83.1242752075195,105.019996643066
2015-07-29,176.179260253906,83.006477355957,105.169998168945
2015-07-30,176.221069335938,83.1007308959961,104.269996643066
2015-07-31,175.953598022461,83.5876007080078,104.930000305176
2015-08-03,175.360046386719,83.842399597168,104.099998474121
2015-08-04,175.017349243164,83.4098968505859,104.309997558594
2015-08-05,175.594146728516,83.0873870849609,103.930000305176
2015-08-06,174.156387329102,83.3784103393555,104.389999389648
2015-08-07,173.822021484375,83.708740234375,104.650001525879
2015-08-10,176.012069702148,83.3626403808594,105.720001220703
2015-08-11,174.423858642578,83.9132614135742,106.26000213623
2015-08-12,174.632858276367,83.8818054199219,107.75
2015-08-13,174.41552734375,83.6615753173828,106.860000610352
2015-08-14,175.050842285156,83.575065612793,106.849998474121
2015-08-17,176.028762817383,83.724479675293,107.129997253418
2015-08-18,175.518920898438,83.5908050537109,107.110000610352
2015-08-19,174.13134765625,84.1020202636719,108.550003051758
2015-08-20,170.495162963867,84.330078125,110.440002441406
2015-08-21,165.362915039062,84.6682815551758,111.129997253418
2015-08-24,158.400009155273,84.8098831176758,110.529998779297
2015-08-25,156.53596496582,84.3458023071289,109.160003662109
2015-08-26,162.546005249023,83.8267440795898,107.669998168945
2015-08-27,166.56657409668,83.7794952392578,107.730003356934
2015-08-28,166.574935913086,83.7952270507812,108.699996948242
2015-08-31,165.229141235352,83.6537017822266,108.819999694824
2015-09-01,160.297454833984,84.029426574707,109.199996948242
2015-09-02,163.340042114258,83.8010025024414,108.620002746582
2015-09-03,163.457061767578,84.0057907104492,107.839996337891
2015-09-04,160.982849121094,84.265739440918,107.48999786377
2015-09-08,165.028533935547,83.8955307006836,107.519996643066
2015-09-09,162.821807861328,83.9270172119141,106.129997253418
2015-09-10,163.707885742188,83.7379913330078,106.379997253418
2015-09-11,164.451812744141,83.9585647583008,106.160003662109
2015-09-14,163.841598510742,84.0373153686523,106.220001220703
2015-09-15,165.889572143555,83.375617980957,105.900001525879
2015-09-16,167.327209472656,83.3519821166992,107.309997558594
2015-09-17,166.951126098633,84.0451965332031,108.410003662109
2015-09-18,164.222839355469,84.4390716552734,109.209999084473
2015-09-21,165.07145690918,83.9585647583008,108.529998779297
2015-09-22,162.928909301758,84.3760147094727,107.790000915527
2015-09-23,162.668472290039,84.2815017700195,108.220001220703
2015-09-24,162.08024597168,84.4075622558594,110.48999786377
2015-09-25,162.03825378418,84.1870040893555,109.809997558594
2015-09-28,157.971572875977,84.6675186157227,108.419998168945
2015-09-29,158.064025878906,84.9589920043945,107.980003356934
2015-09-30,161.013198852539,84.9747467041016,106.860000610352
2015-10-01,161.433319091797,85.0410003662109,106.730003356934
2015-10-02,163.844757080078,85.4512252807617,108.98999786377
2015-10-05,166.760314941406,84.9779510498047,108.769996643066
2015-10-06,166.188919067383,85.1514282226562,109.860000610352
2015-10-07,167.550140380859,84.9384689331055,109.699996948242
2015-10-08,169.062561035156,84.7175521850586,109.139999389648
2015-10-09,169.163421630859,84.7649078369141,110.870002746582
2015-10-12,169.322998046875,85.0489273071289,111.309997558594
2015-10-13,168.255935668945,85.1277847290039,111.860000610352
2015-10-14,167.449310302734,85.5932540893555,113.809997558594
2015-10-15,170.020431518555,85.3013687133789,113.290000915527
2015-10-16,170.793441772461,85.2303466796875,112.48999786377
2015-10-19,170.87744140625,85.1908950805664,112.019996643066
2015-10-20,170.658950805664,84.8989791870117,112.730003356934
2015-10-21,169.600357055664,85.1908950805664,111.730003356934
2015-10-22,172.465454101562,85.277717590332,111.690002441406
2015-10-23,174.356048583984,84.7964477539062,111.5
2015-10-26,173.927490234375,85.0173797607422,111.430000305176
2015-10-27,173.591415405273,85.2303466796875,111.680000305176
2015-10-28,175.565963745117,84.7885284423828,110.779998779297
2015-10-29,175.465103149414,84.2678756713867,109.720001220703
2015-10-30,174.708877563477,84.4335098266602,109.300003051758
2015-11-02,176.775924682617,84.1909484863281,108.589996337891
2015-11-03,177.288436889648,83.9697189331055,106.980003356934
2015-11-04,176.750686645508,83.8827438354492,105.970001220703
2015-11-05,176.574203491211,83.8274536132812,105.639999389648
2015-11-06,176.481796264648,83.2585601806641,104.099998474121
2015-11-09,174.834899902344,83.1163482666016,104.400001525879
2015-11-10,175.238265991211,83.2743530273438,104.180000305176
2015-11-11,174.54931640625,83.2348785400391,103.830001831055
2015-11-12,172.11262512207,83.2822570800781,103.849998474121
2015-11-13,170.180084228516,83.5983047485352,103.559997558594
2015-11-16,172.768005371094,83.708984375,103.709999084473
2015-11-17,172.641952514648,83.6852493286133,102.339996337891
2015-11-18,175.381088256836,83.6457061767578,102.430000305176
2015-11-19,175.229888916016,83.8274536132812,103.559997558594
2015-11-20,175.868469238281,83.7168502807617,103.089996337891
2015-11-23,175.666748046875,83.8274536132812,102.26000213623
2015-11-24,175.902069091797,83.9064788818359,102.940002441406
2015-11-25,175.876831054688,83.9539108276367,102.459999084473
2015-11-27,176.078506469727,84.0408248901367,101.25
2015-11-30,175.347457885742,84.0724258422852,101.919998168945
2015-12-01,177.019500732422,84.5195617675781,102.279998779297
2015-12-02,175.213027954102,84.2821197509766,100.690002441406
2015-12-03,172.759521484375,83.3957977294922,101.76000213623
2015-12-04,176.128936767578,83.7044143676758,104.019996643066
2015-12-07,175.061798095703,83.973518371582,102.669998168945
2015-12-08,173.885543823242,84.0209732055664,102.839996337891
2015-12-09,172.53271484375,84.1475677490234,102.639999389648
2015-12-10,172.978042602539,83.9655685424805,102.550003051758
2015-12-11,169.62548828125,84.6382598876953,103.110000610352
2015-12-14,170.482559204102,84.0130081176758,101.790000915527
2015-12-15,172.272247314453,83.7994003295898,101.519996643066
2015-12-16,174.79296875,83.5778121948242,102.75
2015-12-17,172.12939453125,83.9260482788086,100.5
2015-12-18,169.062973022461,84.2267684936523,102.040000915527
2015-12-21,170.457534790039,84.2663192749023,103.150001525879
2015-12-22,172.004318237305,84.0288925170898,102.610000610352
2015-12-23,174.13427734375,83.8389739990234,102.309997558594
2015-12-24,173.846923828125,83.9927444458008,103.050003051758
2015-12-28,173.44970703125,84.0086059570312,102.269996643066
2015-12-29,175.300704956055,83.5647048950195,102.199996948242
2015-12-30,174.058242797852,83.5964050292969,101.419998168945
2015-12-31,172.317016601562,83.6915054321289,101.459999084473
2016-01-04,169.908172607422,84.0482177734375,102.889999389648
2016-01-05,170.195541381836,84.0244445800781,103.180000305176
2016-01-06,168.048690795898,84.53173828125,104.669998168945
2016-01-07,164.016891479492,84.7140350341797,106.150001525879
2016-01-08,162.216552734375,84.9280090332031,105.680000305176
2016-01-11,162.377151489258,84.6585159301758,104.73999786377
2016-01-12,163.687301635742,85.0389938354492,104.209999084473
2016-01-13,159.604797363281,85.3719177246094,104.720001220703
2016-01-14,162.225021362305,85.1975021362305,103.019996643066
2016-01-15,158.74267578125,85.5937957763672,104.080001831055
2016-01-19,158.953979492188,85.4828491210938,103.980003356934
2016-01-20,156.916946411133,85.9029083251953,105.370002746582
2016-01-21,157.796005249023,85.6889114379883,105.48999786377
2016-01-22,161.033218383789,85.4986877441406,105
2016-01-25,158.598983764648,85.7840270996094,106.080001831055
2016-01-26,160.762771606445,85.8473892211914,107.290000915527
2016-01-27,159.013092041016,85.9108581542969,107.690002441406
2016-01-28,159.841461181641,86.0218276977539,106.540000915527
2016-01-29,163.737976074219,86.4815673828125,106.949996948242
2016-02-01,163.678787231445,86.2822723388672,108.050003051758
2016-02-02,160.728942871094,86.8935241699219,108.089996337891
2016-02-03,161.692520141602,86.7982635498047,109.25
2016-02-04,161.94612121582,87.0046081542969,110.569999694824
2016-02-05,158.860992431641,87.1157150268555,112.319999694824
2016-02-08,156.722564697266,87.7665939331055,113.830001831055
2016-02-09,156.731002807617,87.7825698852539,113.580001831055
2016-02-10,156.595748901367,88.0444488525391,114.459999084473
2016-02-11,154.558776855469,88.4492492675781,119.059997558594
2016-02-12,157.745315551758,87.774543762207,118.360000610352
2016-02-16,160.407791137695,87.5126342773438,114.769996643066
2016-02-17,163.027954101562,87.2983245849609,115.480003356934
2016-02-18,162.360260009766,87.7031707763672,118.290000915527
2016-02-19,162.284118652344,87.7031707763672,117.580001831055
2016-02-22,164.633911132812,87.615837097168,115.48999786377
2016-02-23,162.554626464844,87.7904357910156,117.220001220703
2016-02-24,163.298431396484,87.7904357910156,117.610000610352
2016-02-25,165.276351928711,88.0523834228516,117.919998168945
2016-02-26,164.895935058594,87.6237564086914,117.110000610352
2016-02-29,163.602737426758,87.7665939331055,118.639999389648
2016-03-01,167.448516845703,87.0806198120117,117.769996643066
2016-03-02,168.200759887695,86.9295501708984,118.680000305176
2016-03-03,168.860076904297,87.0329437255859,120.730003356934
2016-03-04,169.409454345703,86.7388458251953,120.540000915527
2016-03-07,169.544723510742,86.5639343261719,121.139999389648
2016-03-08,167.693634033203,87.0647354125977,120.580001831055
2016-03-09,168.52197265625,86.7229156494141,119.580001831055
2016-03-10,168.6572265625,86.4128875732422,121.5
2016-03-11,171.378829956055,86.1665115356445,119.410003662109
2016-03-14,171.159057617188,86.2301025390625,117.870002746582
2016-03-15,170.880172729492,86.2142028808594,117.959999084473
2016-03-16,171.869094848633,86.6673126220703,120.589996337891
2016-03-17,172.959442138672,86.7626724243164,120.129997253418
2016-03-18,173.639083862305,86.9137268066406,119.800003051758
2016-03-21,173.885452270508,86.6673126220703,118.959999084473
2016-03-22,173.792053222656,86.4844436645508,119.309997558594
2016-03-23,172.645111083984,86.8819427490234,116.610000610352
2016-03-24,172.568603515625,86.7944564819336,116.330001831055
2016-03-28,172.670547485352,86.9216384887695,116.599998474121
2016-03-29,174.267791748047,87.5098648071289,118.76000213623
2016-03-30,175.03239440918,87.3906326293945,117.099998474121
2016-03-31,174.607635498047,87.7086181640625,117.639999389648
2016-04-01,175.797058105469,87.6831283569336,116.930000305176
2016-04-04,175.227890014648,87.7865753173828,116.150001525879
2016-04-05,173.477661132812,88.1369018554688,117.660003662109
2016-04-06,175.372314453125,87.9458312988281,116.940002441406
2016-04-07,173.273803710938,88.3996505737305,118.610000610352
2016-04-08,173.74104309082,88.2642974853516,118.430000305176
2016-04-11,173.333236694336,88.2483520507812,120.029998779297
2016-04-12,174.947494506836,87.8980865478516,120.050003051758
2016-04-13,176.714630126953,87.9617538452148,118.769996643066
2016-04-14,176.72314453125,87.7547607421875,117.110000610352
2016-04-15,176.527740478516,88.0175170898438,117.919998168945
2016-04-18,177.768096923828,87.9299545288086,117.73999786377
2016-04-19,178.328811645508,87.7865753173828,119.580001831055
2016-04-20,178.498779296875,87.3407897949219,118.970001220703
2016-04-21,177.538711547852,87.197509765625,119.419998168945
2016-04-22,177.538711547852,87.1019821166992,117.889999389648
2016-04-25,177.232772827148,87.0064239501953,118.230003356934
2016-04-26,177.496231079102,86.8233261108398,118.699996948242
2016-04-27,177.861572265625,87.3009872436523,119.040000915527
2016-04-28,176.247329711914,87.6035003662109,121.290000915527
2016-04-29,175.295776367188,87.571647644043,123.650001525879
2016-05-02,176.689147949219,87.3173294067383,123.23999786377
2016-05-03,175.151397705078,87.835563659668,122.959999084473
2016-05-04,174.174331665039,87.9950485229492,122.209999084473
2016-05-05,174.140335083008,88.2342147827148,122.069999694824
2016-05-06,174.777572631836,88.0269470214844,123.180000305176
2016-05-09,174.921966552734,88.1943511962891,120.650001525879
2016-05-10,177.096923828125,88.1784133911133,120.980003356934
2016-05-11,175.440246582031,88.3139038085938,122.120002746582
2016-05-12,175.491195678711,88.0747222900391,121.160003662109
2016-05-13,173.961929321289,88.4095764160156,121.709999084473
2016-05-16,175.678115844727,88.0906829833984,121.800003051758
2016-05-17,174.03840637207,87.9711074829102,122.220001220703
2016-05-18,174.089401245117,87.2615203857422,120.099998474121
2016-05-19,173.486206054688,87.3492584228516,119.870002746582
2016-05-20,174.582077026367,87.4050598144531,119.709999084473
2016-05-23,174.344299316406,87.4608612060547,119.370002746582
2016-05-24,176.604202270508,87.3173294067383,117.300003051758
2016-05-25,177.802032470703,87.2774658203125,116.980003356934
2016-05-26,177.853042602539,87.5485534667969,116.580001831055
2016-05-27,178.617706298828,87.3811264038086,115.620002746582
2016-05-31,178.277893066406,87.4847564697266,116.059997558594
2016-06-01,178.643188476562,87.455207824707,115.940002441406
2016-06-02,179.186920166016,87.726692199707,115.669998168945
2016-06-03,178.651657104492,88.5411605834961,118.879997253418
2016-06-06,179.560775756836,88.3096008300781,118.919998168945
2016-06-07,179.841110229492,88.4373321533203,118.819999694824
2016-06-08,180.427337646484,88.5411605834961,120.580001831055
2016-06-09,180.180923461914,88.6768951416016,121.25
2016-06-10,178.473297119141,88.98828125,121.73999786377
2016-06-13,177.096923828125,89.1639251708984,122.639999389648
2016-06-14,176.748580932617,89.140007019043,122.769996643066
2016-06-15,176.502182006836,89.4114151000977,123.680000305176
2016-06-16,177.028961181641,89.5072174072266,122.379997253418
2016-06-17,176.369674682617,89.2038269042969,123.949996948242
2016-06-20,177.505523681641,88.8205947875977,123.209999084473
2016-06-21,178.009368896484,88.620964050293,120.839996337891
2016-06-22,177.718994140625,88.7966690063477,120.900001525879
2016-06-23,180.033401489258,88.3734588623047,120.110000610352
2016-06-24,173.568496704102,89.5950927734375,126
2016-06-27,170.459899902344,90.3696060180664,126.680000305176
2016-06-28,173.53434753418,90.3536682128906,125.319999694824
2016-06-29,176.489242553711,89.9863052368164,125.839996337891
2016-06-30,178.897506713867,90.1859893798828,126.470001220703
2016-07-01,179.273284912109,90.4242172241211,128.410003662109
2016-07-05,177.983734130859,90.9199752807617,129.470001220703
2016-07-06,179.051284790039,90.9359817504883,130.229995727539
2016-07-07,178.940246582031,90.8160095214844,129.740005493164
2016-07-08,181.604751586914,90.991943359375,130.520004272461
2016-07-11,182.245208740234,90.5121536254883,129.289993286133
2016-07-12,183.568923950195,89.9764556884766,127.150001525879
2016-07-13,183.543350219727,90.2083511352539,128.320007324219
2016-07-14,184.568176269531,89.8325424194336,127.330001831055
2016-07-15,184.32048034668,89.4887313842773,126.839996337891
2016-07-18,184.815795898438,89.4647674560547,127.040000915527
2016-07-19,184.627899169922,89.7046508789062,127.209999084473
2016-07-20,185.396560668945,89.5207061767578,125.389999389648
2016-07-21,184.696228027344,89.7206192016602,127.300003051758
2016-07-22,185.524642944336,89.6486282348633,126.349998474121
2016-07-25,185.020751953125,89.5766906738281,125.470001220703
2016-07-26,185.106155395508,89.6326599121094,126
2016-07-27,184.909698486328,90.0164566040039,128.029998779297
2016-07-28,185.123260498047,90.0644226074219,127.660003662109
2016-07-29,185.422210693359,90.4082412719727,128.979995727539
2016-08-01,185.268417358398,90.094367980957,129.220001220703
2016-08-02,184.08137512207,89.8781967163086,130.270004272461
2016-08-03,184.619369506836,89.9262390136719,129.649993896484
2016-08-04,184.815795898438,90.1424255371094,129.869995117188
2016-08-05,186.327407836914,89.5818939208984,127.550003051758
2016-08-08,186.216445922852,89.5338897705078,127.440002441406
2016-08-09,186.327407836914,89.8541717529297,127.959999084473
2016-08-10,185.866226196289,90.094367980957,128.559997558594
2016-08-11,186.728820800781,89.6620559692383,127.669998168945
2016-08-12,186.566543579102,89.982292175293,127.400001525879
2016-08-15,187.104553222656,89.7180557250977,127.839996337891
2016-08-16,186.139450073242,89.5659103393555,128.470001220703
2016-08-17,186.489639282227,89.7100067138672,128.5
2016-08-18,186.908126831055,89.8701095581055,129.110000610352
2016-08-19,186.634811401367,89.5659103393555,127.970001220703
2016-08-22,186.626358032227,89.7660751342773,127.779998779297
2016-08-23,187.002029418945,89.7580871582031,127.76000213623
2016-08-24,186.045562744141,89.7260437011719,126.339996337891
2016-08-25,185.917434692383,89.5818939208984,126.230003356934
2016-08-26,185.567306518555,89.2376098632812,126.050003051758
2016-08-29,186.481094360352,89.6059951782227,126.300003051758
2016-08-30,186.173690795898,89.5979232788086,125.029998779297
2016-08-31,185.644226074219,89.4938812255859,124.779998779297
2016-09-01,185.652709960938,89.6341323852539,125.290000915527
2016-09-02,186.489639282227,89.4016647338867,126.569999694824
2016-09-06,187.053253173828,89.8185882568359,128.710006713867
2016-09-07,187.036285400391,89.8667297363281,128.270004272461
2016-09-08,186.609191894531,89.4256744384766,127.589996337891
2016-09-09,182.14274597168,89.000732421875,126.75
2016-09-12,184.756042480469,89.0809326171875,126.589996337891
2016-09-13,182.100021362305,88.7521667480469,125.75
2016-09-14,182.031707763672,88.9526062011719,126.180000305176
2016-09-15,183.85075378418,88.9767074584961,125.370002746582
2016-09-16,183.140106201172,89.072868347168,125.059997558594
2016-09-19,183.174423217773,88.9205703735352,125.319999694824
2016-09-20,183.183044433594,89.0568313598633,125.440002441406
2016-09-21,185.242980957031,89.2011947631836,127.269996643066
2016-09-22,186.410293579102,89.4658126831055,127.569999694824
2016-09-23,185.388885498047,89.5058746337891,127.650001525879
2016-09-26,183.886856079102,89.7624816894531,127.550003051758
2016-09-27,185.028381347656,89.9148101806641,126.620002746582
2016-09-28,185.946807861328,89.8747024536133,126.220001220703
2016-09-29,184.26448059082,89.9308471679688,126.069999694824
2016-09-30,185.65495300293,89.7062911987305,125.639999389648
2016-10-03,185.208648681641,89.4975738525391,125.319999694824
2016-10-04,184.26448059082,89.0881042480469,120.970001220703
2016-10-05,185.07991027832,88.8874282836914,120.779998779297
2016-10-06,185.208648681641,88.7027053833008,119.660003662109
2016-10-07,184.573455810547,88.8311920166016,119.73999786377
2016-10-10,185.534805297852,88.5983505249023,120.160003662109
2016-10-11,183.191589355469,88.5742492675781,119.550003051758
2016-10-12,183.43196105957,88.5742492675781,119.73999786377
2016-10-13,182.831115722656,88.7589492797852,120.029998779297
2016-10-14,182.925491333008,88.4859313964844,119.360000610352
2016-10-17,182.290313720703,88.6786117553711,119.680000305176
2016-10-18,183.43196105957,88.8552703857422,120.419998168945
2016-10-19,183.921127319336,88.8954467773438,121.110000610352
2016-10-20,183.577819824219,88.8151092529297,120.73999786377
2016-10-21,183.663619995117,88.9114303588867,120.830001831055
2016-10-24,184.444702148438,88.7910766601562,120.559997558594
2016-10-25,183.826782226562,88.7749481201172,121.470001220703
2016-10-26,183.45768737793,88.5823211669922,120.790000915527
2016-10-27,182.968414306641,88.2771759033203,121.01000213623
2016-10-28,182.427627563477,88.2932205200195,121.580001831055
2016-10-31,182.436248779297,88.3655014038086,121.940002441406
2016-11-01,181.114456176758,88.368766784668,122.730003356934
2016-11-02,180.024337768555,88.6340255737305,123.639999389648
2016-11-03,179.200378417969,88.5777893066406,124.300003051758
2016-11-04,179.003036499023,88.8511581420898,124.389999389648
2016-11-07,182.951263427734,88.4812927246094,122.150001525879
2016-11-08,183.775238037109,88.1677093505859,121.639999389648
2016-11-09,185.723617553711,86.8249893188477,121.559997558594
2016-11-10,186.187118530273,86.3024215698242,119.75
2016-11-11,185.757965087891,86.1255264282227,117.099998474121
2016-11-14,185.903900146484,85.6270217895508,116.110000610352
2016-11-15,187.354461669922,85.6270217895508,117.120002746582
2016-11-16,187.002532958984,85.7074127197266,116.769996643066
2016-11-17,187.963836669922,85.3295593261719,116.169998168945
2016-11-18,187.543258666992,84.9517135620117,115.150001525879
2016-11-21,188.959503173828,85.0240097045898,115.580001831055
2016-11-22,189.32861328125,85.1044387817383,115.540000915527
2016-11-23,189.431579589844,84.7989196777344,113.25
2016-11-25,190.135375976562,84.7265548706055,112.610000610352
2016-11-28,189.242752075195,85.1124954223633,113.800003051758
2016-11-29,189.611862182617,85.2009201049805,113.269996643066
2016-11-30,189.156936645508,84.6300659179688,111.75
2016-12-01,188.461685180664,84.3072052001953,111.540000915527
2016-12-02,188.556121826172,84.6856842041016,112.139999389648
2016-12-05,189.689071655273,84.653434753418,111.540000915527
2016-12-06,190.289932250977,84.6856842041016,111.430000305176
2016-12-07,192.779067993164,84.9674072265625,111.830001831055
2016-12-08,193.251052856445,84.6453704833984,111.569999694824
2016-12-09,194.418411254883,84.2106170654297,110.400001525879
2016-12-12,194.195236206055,84.2266845703125,110.819999694824
2016-12-13,195.491363525391,84.2750244140625,110.449996948242
2016-12-14,193.877700805664,83.5745391845703,108.830001831055
2016-12-15,194.67594909668,83.3410263061523,107.339996337891
2016-12-16,194.295120239258,83.4456939697266,108.050003051758
2016-12-19,194.71826171875,83.832160949707,108.589996337891
2016-12-20,195.469375610352,83.6550598144531,107.790000915527
2016-12-21,194.925491333008,83.7919006347656,107.849998474121
2016-12-22,194.588775634766,83.7556228637695,107.589996337891
2016-12-23,194.873641967773,83.8362579345703,107.930000305176
2016-12-27,195.357147216797,83.7153167724609,108.559997558594
2016-12-28,193.742584228516,84.0217437744141,108.860000610352
2016-12-29,193.699478149414,84.2798080444336,110.290000915527
2016-12-30,192.991424560547,84.5297927856445,109.610000610352
2017-01-03,194.467864990234,84.4895095825195,110.470001220703
2017-01-04,195.624755859375,84.5862731933594,110.860000610352
2017-01-05,195.469375610352,85.1346054077148,112.580001831055
2017-01-06,196.168701171875,84.7475357055664,111.75
2017-01-09,195.521255493164,85.0701370239258,112.669998168945
2017-01-10,195.521255493164,85.0297698974609,113.150001525879
2017-01-11,196.073760986328,85.1265869140625,113.5
2017-01-12,195.581604003906,85.1749496459961,113.910003662109
2017-01-13,196.030532836914,84.9894256591797,114.209999084473
2017-01-17,195.339889526367,85.4168853759766,115.849998474121
2017-01-18,195.771545410156,84.8120422363281,114.870002746582
2017-01-19,195.046295166016,84.4895095825195,114.769996643066
2017-01-20,195.762939453125,84.5297927856445,115.050003051758
2017-01-23,195.253570556641,84.9733428955078,115.790000915527
2017-01-24,196.505386352539,84.6507720947266,115.269996643066
2017-01-25,198.206344604492,84.2314300537109,114.319999694824
2017-01-26,197.999084472656,84.3443450927734,113.26000213623
2017-01-27,197.688247680664,84.4491500854492,113.48999786377
2017-01-30,196.462310791016,84.4249496459961,113.970001220703
2017-01-31,196.444976806641,84.7152557373047,115.550003051758
2017-02-01,196.522735595703,84.5529251098633,115.199996948242
2017-02-02,196.652160644531,84.5852432250977,115.839996337891
2017-02-03,198.007720947266,84.6498718261719,116.129997253418
2017-02-06,197.653762817383,85.0536727905273,117.699996948242
2017-02-07,197.662307739258,85.2071380615234,117.459999084473
2017-02-08,197.92138671875,85.5543899536133,118.190002441406
2017-02-09,199.095565795898,85.0456085205078,117.290000915527
2017-02-10,199.881240844727,84.9890747070312,117.599998474121
2017-02-13,200.969085693359,84.8598480224609,116.800003051758
2017-02-14,201.772094726562,84.5529251098633,116.930000305176
2017-02-15,202.825424194336,84.3913803100586,117.449996948242
2017-02-16,202.652694702148,84.7306518554688,118.080001831055
2017-02-17,202.972137451172,84.9567794799805,117.680000305176
2017-02-21,204.180892944336,84.9163970947266,117.75
2017-02-22,203.999588012695,85.0536727905273,117.910003662109
2017-02-23,204.137725830078,85.2797927856445,118.940002441406
2017-02-24,204.396713256836,85.6755676269531,119.699996948242
2017-02-27,204.716156005859,85.3686904907227,119.120002746582
2017-02-28,204.163604736328,85.3283081054688,119.230003356934
2017-03-01,207.021392822266,84.7338638305664,119.059997558594
2017-03-02,205.717697143555,84.4912033081055,117.580001831055
2017-03-03,205.847213745117,84.5720748901367,117.51000213623
2017-03-06,205.234268188477,84.5559234619141,116.720001220703
2017-03-07,204.621200561523,84.4346008300781,115.779998779297
2017-03-08,204.241302490234,84.1515579223633,115.059997558594
2017-03-09,204.500350952148,83.9169692993164,114.470001220703
2017-03-10,205.21696472168,84.0949554443359,114.720001220703
2017-03-13,205.320495605469,83.8846664428711,114.73999786377
2017-03-14,204.534820556641,83.9735794067383,114.120002746582
2017-03-15,206.304824829102,84.7095947265625,116.25
2017-03-16,205.899002075195,84.4750442504883,116.730003356934
2017-03-17,205.537414550781,84.7014770507812,116.98999786377
2017-03-20,205.311965942383,84.9036636352539,117.51000213623
2017-03-21,202.675872802734,85.1867446899414,118.540000915527
2017-03-22,203.152770996094,85.3485107421875,118.830001831055
2017-03-23,202.935989379883,85.2595596313477,118.669998168945
2017-03-24,202.78857421875,85.3080673217773,118.860000610352
2017-03-27,202.580474853516,85.5183792114258,119.529998779297
2017-03-28,204.054595947266,85.2272033691406,119.040000915527
2017-03-29,204.245346069336,85.4698104858398,119.330001831055
2017-03-30,204.895736694336,85.2272033691406,118.470001220703
2017-03-31,204.418853759766,85.3970031738281,118.720001220703
2017-04-03,204.063278198242,85.8173675537109,119.349998474121
2017-04-04,204.193359375,85.6958999633789,119.620002746582
2017-04-05,203.586349487305,85.8578796386719,119.620002746582
2017-04-06,204.158645629883,85.8012237548828,119.180000305176
2017-04-07,203.950531005859,85.5420227050781,119.459999084473
2017-04-10,204.071929931641,85.6958999633789,119.459999084473
2017-04-11,203.829162597656,86.0928115844727,121.190002441406
2017-04-12,202.935989379883,86.3601303100586,122.019996643066
2017-04-13,201.617935180664,86.6193161010742,122.599998474121
2017-04-17,203.404235839844,86.4816055297852,122.23999786377
2017-04-18,202.797302246094,86.9757080078125,122.819999694824
2017-04-19,202.424362182617,86.7489013671875,121.730003356934
2017-04-20,204.071929931641,86.5545120239258,121.959999084473
2017-04-21,203.421585083008,86.5949859619141,122.309997558594
2017-04-24,205.658828735352,86.4168014526367,121.480003356934
2017-04-25,206.85546875,85.9713134765625,120.25
2017-04-26,206.725402832031,86.1980972290039,120.839996337891
2017-04-27,206.898849487305,86.2548141479492,120.389999389648
2017-04-28,206.447937011719,86.343879699707,120.769996643066
2017-05-01,206.968200683594,86.157341003418,119.669998168945
2017-05-02,207.046264648438,86.3357849121094,119.650001525879
2017-05-03,206.79475402832,86.157341003418,117.980003356934
2017-05-04,207.037536621094,85.9626159667969,116.790000915527
2017-05-05,207.852691650391,85.9788665771484,117.01000213623
2017-05-08,207.817993164062,85.7679824829102,116.75
2017-05-09,207.627212524414,85.6705780029297,116.050003051758
2017-05-10,208.000106811523,85.6381301879883,116.040000915527
2017-05-11,207.575149536133,85.7030563354492,116.5
2017-05-12,207.228302001953,86.1410827636719,116.830001831055
2017-05-15,208.372940063477,86.0843658447266,117.139999389648
2017-05-16,208.182189941406,86.1978912353516,117.650001525879
2017-05-17,204.488174438477,86.8874130249023,119.790000915527
2017-05-18,205.311965942383,86.8630828857422,118.809997558594
2017-05-19,206.647354125977,86.8387222290039,119.400001525879
2017-05-22,207.69660949707,86.7413787841797,119.900001525879
2017-05-23,208.156204223633,86.5142669677734,119.139999389648
2017-05-24,208.641754150391,86.6927185058594,119.610000610352
2017-05-25,209.638946533203,86.7413787841797,119.480003356934
2017-05-26,209.595626831055,86.7981643676758,120.540000915527
2017-05-30,209.413543701172,87.0171661376953,120.139999389648
2017-05-31,209.36149597168,87.0577697753906,120.620002746582
2017-06-01,211.026412963867,87.0122833251953,120.720001220703
2017-06-02,211.728775024414,87.3940963745117,121.610000610352
2017-06-05,211.572723388672,87.2478790283203,121.730003356934
2017-06-06,210.896347045898,87.5241241455078,123.099998474121
2017-06-07,211.286544799805,87.3615875244141,122.449996948242
2017-06-08,211.390609741211,87.2234954833984,121.650001525879
2017-06-09,211.069732666016,87.1422805786133,120.540000915527
2017-06-12,211.026412963867,87.1260223388672,120.360000610352
2017-06-13,212.058288574219,87.1585006713867,120.480003356934
2017-06-14,211.789459228516,87.6134872436523,119.819999694824
2017-06-15,211.381958007812,87.4591293334961,119.319999694824
2017-06-16,211.42805480957,87.5078811645508,119.339996337891
2017-06-19,213.188247680664,87.2641220092773,118.430000305176
2017-06-20,211.750518798828,87.4835205078125,118.180000305176
2017-06-21,211.698211669922,87.4753341674805,118.519996643066
2017-06-22,211.60237121582,87.5565643310547,118.919998168945
2017-06-23,211.855072021484,87.5809555053711,119.430000305176
2017-06-26,211.994476318359,87.6540451049805,118.360000610352
2017-06-27,210.28662109375,87.2234954833984,118.809997558594
2017-06-28,212.168762207031,87.1422805786133,118.900001525879
2017-06-29,210.304046630859,86.8172760009766,118.319999694824
2017-06-30,210.696151733398,86.6141815185547,118.019996643066
2017-07-03,211.053451538086,86.2959899902344,116.089996337891
2017-07-05,211.541366577148,86.3611221313477,116.519996643066
2017-07-06,209.606964111328,86.1983871459961,116.470001220703
2017-07-07,210.966278076172,86.0600509643555,115.279998779297
2017-07-10,211.192810058594,86.1739959716797,115.470001220703
2017-07-11,211.036010742188,86.2879257202148,115.620002746582
2017-07-12,212.621887207031,86.540153503418,116.029998779297
2017-07-13,212.979095458984,86.4506301879883,115.819999694824
2017-07-14,213.972457885742,86.5726852416992,116.769996643066
2017-07-17,213.946380615234,86.6784439086914,117.290000915527
2017-07-18,214.059631347656,86.9957656860352,118.110000610352
2017-07-19,215.218536376953,86.9957656860352,118.080001831055
2017-07-20,215.314376831055,87.0201797485352,118.23999786377
2017-07-21,215.122695922852,87.1747665405273,119.26000213623
2017-07-24,215.070419311523,87.1178436279297,119.309997558594
2017-07-25,215.593215942383,86.6296005249023,118.919998168945
2017-07-26,215.601943969727,86.9062805175781,119.879997253418
2017-07-27,215.401504516602,86.7679595947266,119.790000915527
2017-07-28,215.148864746094,86.9144287109375,120.690002441406
2017-07-31,215.026901245117,86.9388122558594,120.75
2017-08-01,215.506103515625,87.1547470092773,120.650001525879
2017-08-02,215.61067199707,87.0732955932617,120.400001525879
2017-08-03,215.192413330078,87.3747787475586,120.589996337891
2017-08-04,215.584518432617,87.1384506225586,119.650001525879
2017-08-07,215.985336303711,87.1873550415039,119.51000213623
2017-08-08,215.453826904297,87.1139907836914,119.860000610352
2017-08-09,215.445083618164,87.2199401855469,121.309997558594
2017-08-10,212.404022216797,87.5458831787109,122.209999084473
2017-08-11,212.717697143555,87.6436767578125,122.790000915527
2017-08-14,214.826400756836,87.4318008422852,121.919998168945
2017-08-15,214.800323486328,87.171012878418,120.980003356934
2017-08-16,215.17497253418,87.3340682983398,121.870002746582
2017-08-17,211.820220947266,87.6436767578125,122.48999786377
2017-08-18,211.489120483398,87.6600112915039,122.300003051758
2017-08-21,211.654647827148,87.7170562744141,122.76000213623
2017-08-22,213.867919921875,87.5458831787109,122.209999084473
2017-08-23,213.101104736328,87.847412109375,122.669998168945
2017-08-24,212.604476928711,87.7088928222656,122.290000915527
2017-08-25,213.101104736328,87.8555908203125,122.73999786377
2017-08-28,213.109832763672,87.9370880126953,124.690002441406
2017-08-29,213.353820800781,88.1408386230469,124.419998168945
2017-08-30,214.364562988281,88.067497253418,124.360000610352
2017-08-31,215.654251098633,88.2060012817383,125.819999694824
2017-09-01,215.959182739258,87.9464645385742,126.059997558594
2017-09-05,214.408218383789,88.5585861206055,127.459999084473
2017-09-06,215.140167236328,88.3463745117188,126.809997558594
2017-09-07,215.113983154297,88.7299041748047,128.130004882812
2017-09-08,214.861282348633,88.6646957397461,127.970001220703
2017-09-11,217.152969360352,88.1586532592773,126.190002441406
2017-09-12,217.884887695312,87.9464645385742,126.559997558594
2017-09-13,217.989456176758,87.7669143676758,125.610000610352
2017-09-14,217.919815063477,87.7832336425781,126.160003662109
2017-09-15,218.213150024414,87.8893356323242,125.529998779297
2017-09-18,218.677215576172,87.5465545654297,124.360000610352
2017-09-19,218.896133422852,87.4486312866211,124.620002746582
2017-09-20,218.974990844727,87.2772750854492,123.620002746582
2017-09-21,218.388290405273,87.1630020141602,122.680000305176
2017-09-22,218.432037353516,87.3180313110352,123.23999786377
2017-09-25,217.985473632812,87.5791931152344,124.529998779297
2017-09-26,218.116790771484,87.505744934082,123.139999389648
2017-09-27,218.966186523438,87.0568466186523,121.980003356934
2017-09-28,219.228927612305,87.0405578613281,122.209999084473
2017-09-29,219.999557495117,86.9344711303711,121.580001831055
2017-10-02,220.954071044922,86.8355484008789,120.769996643066
2017-10-03,221.426895141602,86.958137512207,120.830001831055
2017-10-04,221.689636230469,86.9336471557617,121.169998168945
2017-10-05,223.003158569336,86.84375,120.519996643066
2017-10-06,222.749176025391,86.7374954223633,121.089996337891
2017-10-09,222.381378173828,86.8355484008789,122.080001831055
2017-10-10,222.968109130859,86.8682708740234,122.400001525879
2017-10-11,223.318389892578,86.9663467407227,122.790000915527
2017-10-12,222.985656738281,87.0480880737305,122.889999389648
2017-10-13,223.257080078125,87.3423156738281,123.819999694824
2017-10-16,223.554885864258,87.1952056884766,122.970001220703
2017-10-17,223.712478637695,87.1625289916992,122.129997253418
2017-10-18,223.931411743164,86.9418106079102,121.669998168945
2017-10-19,223.99267578125,87.0317306518555,122.389999389648
2017-10-20,225.148559570312,86.6720809936523,121.610000610352
2017-10-23,224.272888183594,86.7538452148438,121.800003051758
2017-10-24,224.666961669922,86.4922714233398,121.330001831055
2017-10-25,223.554885864258,86.3533248901367,121.349998474121
2017-10-26,223.84375,86.2389068603516,120.330001831055
2017-10-27,225.674011230469,86.5167999267578,120.900001525879
2017-10-30,224.833312988281,86.8274002075195,121.129997253418
2017-10-31,225.183639526367,86.7701797485352,120.669998168945
2017-11-01,225.481307983398,86.8225402832031,121.110000610352
2017-11-02,225.568969726562,86.9371871948242,121.190002441406
2017-11-03,226.322036743164,87.0762939453125,120.620002746582
2017-11-06,226.672271728516,87.1827697753906,121.650001525879
2017-11-07,226.514694213867,87.2154769897461,121.209999084473
2017-11-08,226.899948120117,87.1091003417969,121.629997253418
2017-11-09,226.076858520508,87.0762939453125,122.129997253418
2017-11-10,226.006774902344,86.6343002319336,121.129997253418
2017-11-13,226.216903686523,86.5933303833008,121.309997558594
2017-11-14,225.691528320312,86.7161331176758,121.559997558594
2017-11-15,224.56184387207,87.0271987915039,121.410003662109
2017-11-16,226.470916748047,86.8061599731445,121.400001525879
2017-11-17,225.805374145508,86.9207916259766,122.860000610352
2017-11-20,226.190689086914,86.7816543579102,121.309997558594
2017-11-21,227.670532226562,86.7979888916016,121.51000213623
2017-11-22,227.469192504883,87.0762939453125,122.629997253418
2017-11-24,227.994583129883,87.0026626586914,122.319999694824
2017-11-27,227.880706787109,87.0599594116211,122.830001831055
2017-11-28,230.192489624023,87.0762939453125,122.809997558594
2017-11-29,230.052474975586,86.7979888916016,122.040000915527
2017-11-30,232.066558837891,86.5278625488281,121.099998474121
2017-12-01,231.584915161133,86.8476409912109,121.589996337891
2017-12-04,231.304733276367,86.8065948486328,121.180000305176
2017-12-05,230.472793579102,86.8721923828125,120.319999694824
2017-12-06,230.516571044922,87.0525741577148,120.069999694824
2017-12-07,231.243423461914,86.8967971801758,118.48999786377
2017-12-08,232.504425048828,86.8312149047852,118.480003356934
2017-12-11,233.204986572266,86.7738342285156,118.01000213623
2017-12-12,233.616561889648,86.7000274658203,118.150001525879
2017-12-13,233.590225219727,87.0525741577148,119.169998168945
2017-12-14,232.635711669922,87.0197830200195,118.930000305176
2017-12-15,234.572967529297,87.0034255981445,119.180000305176
2017-12-18,236.060485839844,86.8065948486328,119.730003356934
2017-12-19,235.153900146484,86.4130783081055,119.819999694824
2017-12-20,235.030654907227,86.1589126586914,120.139999389648
2017-12-21,235.51481628418,86.2197113037109,120.309997558594
2017-12-22,235.453201293945,86.2525177001953,120.940002441406
2017-12-26,235.171463012695,86.2854309082031,121.769996643066
2017-12-27,235.285934448242,86.654914855957,122.230003356934
2017-12-28,235.769973754883,86.5481185913086,122.849998474121
2017-12-29,234.881088256836,86.687744140625,123.650001525879
2018-01-02,236.56217956543,86.4003524780273,125.150001525879
2018-01-03,238.058395385742,86.4906539916992,124.819999694824
2018-01-04,239.061752319336,86.4495849609375,125.459999084473
2018-01-05,240.65495300293,86.3428573608398,125.330001831055
2018-01-08,241.095016479492,86.3018035888672,125.309997558594
2018-01-09,241.640762329102,85.8912658691406,124.730003356934
2018-01-10,241.271057128906,85.8665771484375,125.029998779297
2018-01-11,243.031387329102,85.9240798950195,125.440002441406
2018-01-12,244.615768432617,85.8665771484375,126.959999084473
2018-01-16,243.77946472168,85.9076614379883,127.169998168945
2018-01-17,246.103149414062,85.7187881469727,126.139999389648
2018-01-18,245.689437866211,85.4478378295898,125.860000610352
2018-01-19,246.80729675293,85.2261276245117,126.419998168945
2018-01-22,248.814071655273,85.1932907104492,126.650001525879
2018-01-23,249.342193603516,85.4396286010742,127.279998779297
2018-01-24,249.245361328125,85.2753829956055,128.830001831055
2018-01-25,249.35090637207,85.4642181396484,127.970001220703
2018-01-26,252.237945556641,85.2097015380859,128.070007324219
2018-01-29,250.565643310547,84.9962158203125,127.349998474121
2018-01-30,247.995559692383,84.7990951538086,126.800003051758
2018-01-31,248.118743896484,84.8237609863281,127.650001525879
2018-02-01,247.837036132812,84.3862152099609,128.070007324219
2018-02-02,242.441635131836,84.0736618041992,126.389999389648
2018-02-05,232.302200317383,84.7645492553711,126.709999084473
2018-02-06,236.879028320312,84.3944244384766,125.379997253418
2018-02-07,235.593994140625,84.1476669311523,124.790000915527
2018-02-08,226.757125854492,84.2217102050781,124.980003356934
2018-02-09,230.16340637207,84.0736618041992,124.769996643066
2018-02-12,233.543197631836,84.0489654541016,125.370002746582
2018-02-13,234.124099731445,84.1888122558594,126.080001831055
2018-02-14,237.283874511719,83.678840637207,128.229995727539
2018-02-15,240.311737060547,83.7035369873047,128.380004882812
2018-02-16,240.382095336914,83.9009704589844,127.959999084473
2018-02-20,238.876953125,83.8104553222656,126.23999786377
2018-02-21,237.68879699707,83.5637435913086,125.660003662109
2018-02-22,237.996856689453,83.678840637207,126.300003051758
2018-02-23,241.790313720703,83.999626159668,126.139999389648
2018-02-26,244.598129272461,84.0983123779297,126.449996948242
2018-02-27,241.543869018555,83.8351440429688,125.129997253418
2018-02-28,239.097015380859,84.0325317382812,125
2018-03-01,235.620407104492,84.3941345214844,124.720001220703
2018-03-02,236.834976196289,84.0811080932617,125.389999389648
2018-03-05,239.572326660156,83.9740371704102,125.180000305176
2018-03-06,240.179611206055,83.9658355712891,126.529998779297
2018-03-07,240.091705322266,83.9658355712891,125.720001220703
2018-03-08,241.253433227539,84.1388168334961,125.419998168945
2018-03-09,245.451797485352,83.9575576782227,125.540000915527
2018-03-12,245.143737792969,84.1553039550781,125.540000915527
2018-03-13,243.559509277344,84.2953186035156,125.779998779297
2018-03-14,242.309646606445,84.4600601196289,125.699996948242
2018-03-15,242.045639038086,84.4270858764648,124.900001525879
2018-03-16,242.308090209961,84.3283004760742,124.599998474121
2018-03-19,239.029586791992,84.2459106445312,124.870002746582
2018-03-20,239.436096191406,84.0811080932617,124.309997558594
2018-03-21,238.9765625,84.1388168334961,126.480003356934
2018-03-22,233.002807617188,84.484748840332,125.980003356934
2018-03-23,228.036483764648,84.6001434326172,127.610000610352
2018-03-26,234.275283813477,84.3694381713867,128.279998779297
2018-03-27,230.289840698242,84.8472290039062,127.48999786377
2018-03-28,229.609390258789,84.8307571411133,125.730003356934
2018-03-29,232.543273925781,85.003776550293,125.790000915527
2018-04-02,227.523910522461,85.0903930664062,127.26000213623
2018-04-03,230.440048217773,84.8180694580078,126.300003051758
2018-04-04,232.905624389648,84.7686004638672,126.449996948242
2018-04-05,234.743682861328,84.5540161132812,125.800003051758
2018-04-06,229.512222290039,84.9253387451172,126.389999389648
2018-04-09,230.643325805664,84.9418258666992,126.819999694824
2018-04-10,234.310668945312,84.7933197021484,127.120002746582
2018-04-11,233.08235168457,84.8758392333984,128.110000610352
2018-04-12,234.999954223633,84.5705108642578,126.620002746582
2018-04-13,234.310668945312,84.6447830200195,127.449996948242
2018-04-16,236.237091064453,84.6035079956055,127.629997253418
2018-04-17,238.76448059082,84.6530532836914,127.75
2018-04-18,238.941223144531,84.3229598999023,127.849998474121
2018-04-19,237.615661621094,84.0919494628906,127.599998474121
2018-04-20,235.600799560547,83.8113632202148,126.629997253418
2018-04-23,235.565505981445,83.7288360595703,125.620002746582
2018-04-24,232.393035888672,83.6298370361328,126.230003356934
2018-04-25,232.967422485352,83.4482955932617,125.410003662109
2018-04-26,235.335739135742,83.6875839233398,124.970001220703
2018-04-27,235.556655883789,83.8278656005859,125.5
2018-04-30,233.7451171875,83.9186630249023,124.589996337891
2018-05-01,234.160415649414,83.7872085571289,123.709999084473
2018-05-02,232.587463378906,83.8037261962891,123.650001525879
2018-05-03,232.074966430664,84.0187072753906,124.279998779297
2018-05-04,235.079498291016,84.026969909668,124.540000915527
2018-05-07,235.874801635742,83.985595703125,124.569999694824
2018-05-08,235.874801635742,83.8450469970703,124.589996337891
2018-05-09,238.154708862305,83.654914855957,124.330001831055
2018-05-10,240.381591796875,83.8285446166992,125.180000305176
2018-05-11,241.115081787109,83.836799621582,125
2018-05-14,241.22998046875,83.654914855957,124.48999786377
2018-05-15,239.568664550781,83.1919708251953,122.480003356934
2018-05-16,240.57600402832,83.0183792114258,122.290000915527
2018-05-17,240.372772216797,82.9687423706055,122.360000610352
2018-05-18,239.771896362305,83.2911911010742,122.410003662109
2018-05-21,241.574661254883,83.3490371704102,122.480003356934
2018-05-22,240.90299987793,83.3160095214844,122.410003662109
2018-05-23,241.565765380859,83.6962738037109,122.540000915527
2018-05-24,241.070907592773,83.9111938476562,123.589996337891
2018-05-25,240.496490478516,84.2419204711914,123.209999084473
2018-05-29,237.730560302734,85.1512908935547,123.190002441406
2018-05-30,240.90299987793,84.7875061035156,123.370002746582
2018-05-31,239.427230834961,84.7461624145508,123.099998474121
2018-06-01,241.77783203125,84.4331130981445,122.48999786377
2018-06-04,242.926635742188,84.134895324707,122.370002746582
2018-06-05,243.103424072266,84.3502655029297,122.849998474121
2018-06-06,245.135833740234,84.0106201171875,122.919998168945
2018-06-07,245.109359741211,84.366828918457,122.860000610352
2018-06-08,245.833969116211,84.250846862793,123.01000213623
2018-06-11,246.16096496582,84.1679916381836,123.230003356934
2018-06-12,246.479064941406,84.1183090209961,122.819999694824
2018-06-13,245.692581176758,84.018913269043,123.190002441406
2018-06-14,246.311126708984,84.283935546875,123.379997253418
2018-06-15,245.996932983398,84.3502655029297,121.339996337891
2018-06-18,245.490966796875,84.3916244506836,121.110000610352
2018-06-19,244.550048828125,84.6153259277344,120.800003051758
2018-06-20,244.967300415039,84.3419952392578,120.26000213623
2018-06-21,243.431594848633,84.5656433105469,120.050003051758
2018-06-22,243.875411987305,84.5821380615234,120.339996337891
2018-06-25,240.555603027344,84.698127746582,119.889999389648
2018-06-26,241.08821105957,84.7395782470703,119.26000213623
2018-06-27,239.090957641602,85.062614440918,118.580001831055
2018-06-28,240.457946777344,84.9798126220703,118.220001220703
2018-06-29,240.804107666016,84.9134979248047,118.650001525879
2018-07-02,241.318984985352,84.8554153442383,117.459999084473
2018-07-03,240.466873168945,85.0712051391602,118.650001525879
2018-07-05,242.428573608398,85.0794830322266,119.050003051758
2018-07-06,244.479019165039,85.1541748046875,118.860000610352
2018-07-09,246.680450439453,84.9384231567383,119.150001525879
2018-07-10,247.568099975586,84.8720169067383,118.930000305176
2018-07-11,245.757263183594,85.0462799072266,117.639999389648
2018-07-12,247.985275268555,85.0131378173828,118.129997253418
2018-07-13,248.180603027344,85.1541748046875,117.610000610352
2018-07-16,247.958755493164,85.0131378173828,117.550003051758
2018-07-17,248.961730957031,84.9632797241211,116.279998779297
2018-07-18,249.485458374023,84.8969421386719,116.309997558594
2018-07-19,248.544570922852,85.1292877197266,115.809997558594
2018-07-20,248.260498046875,84.8305282592773,116.559997558594
2018-07-23,248.722061157227,84.4155654907227,116
2018-07-24,249.973678588867,84.4736785888672,116.040000915527
2018-07-25,252.104080200195,84.4155654907227,116.680000305176
2018-07-26,251.509353637695,84.3243026733398,115.769996643066
2018-07-27,249.805038452148,84.4570999145508,115.830001831055
2018-07-30,248.500259399414,84.3491592407227,115.650001525879
2018-07-31,249.725067138672,84.4653854370117,115.98999786377
2018-08-01,249.307907104492,84.2658004760742,115.139999389648
2018-08-02,250.666030883789,84.3656005859375,114.519996643066
2018-08-03,251.74006652832,84.5817565917969,114.919998168945
2018-08-06,252.663284301758,84.6233825683594,114.330001831055
2018-08-07,253.497634887695,84.4487991333008,114.589996337891
2018-08-08,253.391174316406,84.5235977172852,114.910003662109
2018-08-09,253.045013427734,84.7564163208008,114.73999786377
2018-08-10,251.349594116211,85.1222763061523,114.690002441406
2018-08-13,250.408599853516,85.0973281860352,112.959999084473
2018-08-14,252.006423950195,85.0141983032227,113.069999694824
2018-08-15,250.12451171875,85.2220840454102,111.190002441406
2018-08-16,252.148468017578,85.1971435546875,111.099998474121
2018-08-17,253.036041259766,85.2304000854492,112.129997253418
2018-08-20,253.577575683594,85.496452331543,112.690002441406
2018-08-21,254.172332763672,85.3800277709961,113.019996643066
2018-08-22,254.021377563477,85.5380249023438,113.269996643066
2018-08-23,253.684173583984,85.5297241210938,112.199996948242
2018-08-24,255.210952758789,85.5546798706055,114.160003662109
2018-08-27,257.225799560547,85.3634338378906,114.589996337891
2018-08-28,257.350128173828,85.1721878051758,113.680000305176
2018-08-29,258.73486328125,85.147216796875,114.199996948242
2018-08-30,257.687438964844,85.3052139282227,113.639999389648
2018-08-31,257.696350097656,85.3218154907227,113.51000213623
2018-09-04,257.252502441406,85.1268615722656,112.930000305176
2018-09-05,256.560119628906,85.1185302734375,113.319999694824
2018-09-06,255.787826538086,85.2935256958008,113.540000915527
2018-09-07,255.290710449219,84.9102325439453,113.230003356934
2018-09-10,255.734558105469,84.9602279663086,113.150001525879
2018-09-11,256.577880859375,84.6519622802734,113.220001220703
2018-09-12,256.639862060547,84.7519683837891,114.169998168945
2018-09-13,258.157928466797,84.7436370849609,113.76000213623
2018-09-14,258.202270507812,84.5853118896484,113.019996643066
2018-09-17,256.835144042969,84.6019973754883,113.610000610352
2018-09-18,258.228912353516,84.2520217895508,113.440002441406
2018-09-19,258.504119873047,84.1103515625,113.879997253418
2018-09-20,260.598968505859,84.1187210083008,114.269996643066
2018-09-21,260.360870361328,84.1520462036133,113.48999786377
2018-09-24,259.495910644531,84.0604019165039,113.470001220703
2018-09-25,259.255126953125,83.9770965576172,113.650001525879
2018-09-26,258.479400634766,84.2520217895508,113.050003051758
2018-09-27,259.201721191406,84.2520217895508,112.050003051758
2018-09-28,259.228393554688,84.2936935424805,112.76000213623
2018-10-01,260.128997802734,84.079963684082,112.569999694824
2018-10-02,259.977447509766,84.2970275878906,113.870002746582
2018-10-03,260.1201171875,83.6708602905273,113.419998168945
2018-10-04,258.087127685547,83.4538040161133,113.480003356934
2018-10-05,256.642639160156,83.2534103393555,113.800003051758
2018-10-08,256.642639160156,83.2867889404297,112.540000915527
2018-10-09,256.268005371094,83.445442199707,112.599998474121
2018-10-10,248.153778076172,83.4872207641602,112.879997253418
2018-10-11,242.687866210938,83.8294982910156,115.779998779297
2018-10-12,246.058364868164,83.7293167114258,115.230003356934
2018-10-15,244.676223754883,83.779426574707,116
2018-10-16,250.026336669922,83.7710800170898,115.800003051758
2018-10-17,250.070938110352,83.5289459228516,115.790000915527
2018-10-18,246.459533691406,83.6792373657227,115.919998168945
2018-10-19,246.325866699219,83.5790481567383,116.01000213623
2018-10-22,245.220169067383,83.5957260131836,115.709999084473
2018-10-23,243.97184753418,83.8128433227539,116.389999389648
2018-10-24,236.579788208008,84.2636566162109,116.660003662109
2018-10-25,240.824203491211,84.0632171630859,116.400001525879
2018-10-26,236.588760375977,84.4389419555664,116.769996643066
2018-10-29,235.277984619141,84.4305877685547,116.309997558594
2018-10-30,238.764450073242,84.2469482421875,115.800003051758
2018-10-31,241.314636230469,84.0381851196289,115.150001525879
2018-11-01,243.882614135742,84.1101531982422,116.629997253418
2018-11-02,242.43815612793,83.6416778564453,116.650001525879
2018-11-05,243.775741577148,83.6918106079102,116.370002746582
2018-11-06,245.318313598633,83.5998229980469,116.040000915527
2018-11-07,250.570281982422,83.5998229980469,116.029998779297
2018-11-08,250.115509033203,83.4826965332031,115.779998779297
2018-11-09,247.672378540039,83.8089828491211,114.480003356934
2018-11-12,243.044479370117,84.0599899291992,113.660003662109
2018-11-13,242.589706420898,84.1269226074219,113.699996948242
2018-11-14,240.931259155273,84.3025741577148,114.639999389648
2018-11-15,243.445816040039,84.3611755371094,114.769996643066
2018-11-16,244.078796386719,84.6205596923828,115.620002746582
2018-11-19,239.950302124023,84.7460174560547,115.669998168945
2018-11-20,235.509826660156,84.7292785644531,115.669998168945
2018-11-21,236.31233215332,84.7125549316406,115.860000610352
2018-11-23,234.734085083008,84.7627716064453,115.769996643066
2018-11-26,238.523666381836,84.6958236694336,115.639999389648
2018-11-27,239.326171875,84.7794952392578,114.949996948242
2018-11-28,244.836776733398,84.7711486816406,115.379997253418
2018-11-29,244.3017578125,84.9886474609375,115.73999786377
2018-11-30,245.79084777832,85.1560134887695,115.540000915527
2018-12-03,249.04541015625,85.3421401977539,116.410003662109
2018-12-04,240.975784301758,85.7361602783203,117.120002746582
2018-12-06,240.610198974609,85.9541854858398,117.139999389648
2018-12-07,235.01936340332,86.2056655883789,118.089996337891
2018-12-10,235.465209960938,86.2560272216797,117.680000305176
2018-12-11,235.518753051758,86.0380020141602,117.540000915527
2018-12-12,236.704635620117,85.8032455444336,117.790000915527
2018-12-13,236.624389648438,85.8535537719727,117.529998779297
2018-12-14,232.25520324707,85.9877395629883,117.059997558594
2018-12-17,227.698699951172,86.2391891479492,117.870002746582
2018-12-18,227.449066162109,86.4518051147461,118.150001525879
2018-12-19,224.042816162109,86.7542953491211,117.430000305176
2018-12-20,220.395904541016,86.64501953125,119.23999786377
2018-12-21,215.880065917969,86.7206573486328,118.720001220703
2018-12-24,210.175918579102,86.9390869140625,120.019996643066
2018-12-26,220.794998168945,86.5274124145508,119.660003662109
2018-12-27,222.490097045898,86.7458419799805,120.569999694824
2018-12-28,222.203109741211,87.2163696289062,121.059997558594
2018-12-31,224.149322509766,87.5439910888672,121.25
2019-01-02,224.382522583008,87.7288131713867,121.330001831055
2019-01-03,219.028121948242,88.4261932373047,122.430000305176
2019-01-04,226.364700317383,87.7120208740234,121.440002441406
2019-01-07,228.149490356445,87.4683685302734,121.860000610352
2019-01-08,230.292984008789,87.2499313354492,121.529998779297
2019-01-09,231.369277954102,87.300407409668,122.309997558594
2019-01-10,232.185440063477,87.2583618164062,121.589996337891
2019-01-11,232.275131225586,87.5188217163086,121.800003051758
2019-01-14,230.858016967773,87.4683685302734,122.089996337891
2019-01-15,233.503875732422,87.3843765258789,121.879997253418
2019-01-16,234.068923950195,87.3339691162109,122.269996643066
2019-01-17,235.844696044922,87.1743240356445,122.110000610352
2019-01-18,238.983795166016,86.8970794677734,121.019996643066
2019-01-22,235.754974365234,87.1995162963867,121.449996948242
2019-01-23,236.248336791992,87.1575241088867,121.279998779297
2019-01-24,236.373870849609,87.4347839355469,121.089996337891
2019-01-25,238.373947143555,87.2331390380859,122.860000610352
2019-01-28,236.562271118164,87.2583618164062,123.290000915527
2019-01-29,236.248336791992,87.5104293823242,123.980003356934
2019-01-30,239.988311767578,87.7120208740234,124.690002441406
2019-01-31,242.09602355957,88.1153106689453,124.75
2019-02-01,242.212524414062,87.6438064575195,124.5
2019-02-04,243.916641235352,87.4501800537109,123.959999084473
2019-02-05,244.93913269043,87.6017227172852,124.279998779297
2019-02-06,244.616317749023,87.6690292358398,123.440002441406
2019-02-07,242.284286499023,87.9553451538086,123.73999786377
2019-02-08,242.580322265625,88.0732116699219,124.209999084473
2019-02-11,242.714828491211,87.9384918212891,123.599998474121
2019-02-12,245.835968017578,87.820671081543,123.860000610352
2019-02-13,246.634216308594,87.6017227172852,123.370002746582
2019-02-14,246.087127685547,88.0142669677734,124.059997558594
2019-02-15,248.768829345703,87.9300765991211,124.800003051758
2019-02-19,249.199310302734,88.081657409668,126.699996948242
2019-02-20,249.701583862305,88.0647583007812,126.480003356934
2019-02-21,248.813583374023,87.8038024902344,125.050003051758
2019-02-22,250.356338500977,88.0647583007812,125.5
2019-02-25,250.697113037109,87.9300765991211,125.370002746582
2019-02-26,250.517684936523,88.1910934448242,125.580001831055
2019-02-27,250.410171508789,87.8795623779297,124.690002441406
2019-02-28,249.943801879883,87.6522598266602,123.98999786377
2019-03-01,251.504348754883,87.3646087646484,121.879997253418
2019-03-04,250.589447021484,87.6345138549805,121.559997558594
2019-03-05,250.248687744141,87.6851501464844,121.720001220703
2019-03-06,248.733062744141,87.9298095703125,121.610000610352
2019-03-07,246.652206420898,88.2249908447266,121.51000213623
2019-03-08,246.158889770508,88.3515319824219,122.839996337891
2019-03-11,249.728591918945,88.2840805053711,122.23999786377
2019-03-12,250.670211791992,88.5287170410156,122.980003356934
2019-03-13,252.329345703125,88.4949645996094,123.839996337891
2019-03-14,252.167999267578,88.3684158325195,122.410003662109
2019-03-15,253.413909912109,88.6467437744141,122.970001220703
2019-03-18,254.332733154297,88.5287170410156,123.040000915527
2019-03-19,254.395751953125,88.4696426391602,123.379997253418
2019-03-20,253.630111694336,89.0854034423828,124.180000305176
2019-03-21,256.494750976562,89.0432357788086,123.680000305176
2019-03-22,251.558151245117,89.701171875,123.970001220703
2019-03-25,251.368988037109,89.9289703369141,124.919998168945
2019-03-26,253.242706298828,89.8530349731445,124.300003051758
2019-03-27,251.918502807617,90.1145324707031,123.650001525879
2019-03-28,252.873397827148,90.1229476928711,121.900001525879
2019-03-29,254.467849731445,89.9795532226562,122.01000213623
2019-04-01,257.485687255859,89.3608322143555,121.529998779297
2019-04-02,257.611785888672,89.5129776000977,121.980003356934
2019-04-03,258.017120361328,89.2340240478516,121.800003051758
2019-04-04,258.701782226562,89.3270111083984,122.110000610352
2019-04-05,259.953948974609,89.3693084716797,121.980003356934
2019-04-08,260.152099609375,89.2255706787109,122.51000213623
2019-04-09,258.818817138672,89.3861618041992,123.150001525879
2019-04-10,259.701690673828,89.5974655151367,123.529998779297
2019-04-11,259.629608154297,89.3946228027344,121.949996948242
2019-04-12,261.386199951172,88.9804763793945,121.830001831055
2019-04-15,261.215087890625,89.0987930297852,121.599998474121
2019-04-16,261.386199951172,88.7944793701172,120.51000213623
2019-04-17,260.746643066406,88.8113555908203,120.279998779297
2019-04-18,261.260040283203,89.022705078125,120.370002746582
2019-04-22,261.485321044922,88.8959121704102,120.370002746582
2019-04-23,263.836517333984,89.0565414428711,120.120002746582
2019-04-24,263.251007080078,89.3946228027344,120.470001220703
2019-04-25,263.088897705078,89.2847366333008,120.569999694824
2019-04-26,264.31396484375,89.5214004516602,121.370002746582
2019-04-29,264.728332519531,89.3354721069336,120.830001831055
2019-04-30,264.863464355469,89.5129776000977,121.199996948242
2019-05-01,262.872680664062,89.472297668457,120.400001525879
2019-05-02,262.305145263672,89.2182388305664,119.940002441406
2019-05-03,264.872467041016,89.3367767333984,120.650001525879
2019-05-06,263.782409667969,89.5654525756836,120.809997558594
2019-05-07,259.377380371094,89.8703918457031,121.209999084473
2019-05-08,259.017059326172,89.7009811401367,120.910003662109
2019-05-09,258.233337402344,89.9381332397461,121.199996948242
2019-05-10,259.530578613281,89.8788375854492,121.430000305176
2019-05-13,253.008483886719,90.327751159668,122.669998168945
2019-05-14,255.296600341797,90.2430191040039,122.459999084473
2019-05-15,256.792083740234,90.5310134887695,122.389999389648
2019-05-16,259.170196533203,90.353141784668,121.51000213623
2019-05-17,257.49462890625,90.3955230712891,120.650001525879
2019-05-20,255.792053222656,90.2430191040039,120.639999389648
2019-05-21,258.098297119141,90.1414260864258,120.360000610352
2019-05-22,257.305480957031,90.4124069213867,120.23999786377
2019-05-23,254.161605834961,90.9629516601562,121.169998168945
2019-05-24,254.738128662109,90.9375,121.300003051758
2019-05-28,252.368881225586,91.3356170654297,120.830001831055
2019-05-29,250.675338745117,91.3017196655273,120.870002746582
2019-05-30,251.359954833984,91.6320571899414,121.690002441406
2019-05-31,247.972793579102,92.2418670654297,123.330001831055
2019-06-03,247.342239379883,92.6856994628906,125.110000610352
2019-06-04,252.711181640625,92.3462295532227,125.150001525879
2019-06-05,254.900192260742,92.3462295532227,125.470001220703
2019-06-06,256.557800292969,92.3292922973633,125.879997253418
2019-06-07,259.125091552734,92.6941909790039,126.589996337891
2019-06-10,260.314300537109,92.2359008789062,125.330001831055
2019-06-11,260.251190185547,92.2359008789062,125.180000305176
2019-06-12,259.791839599609,92.473503112793,125.830001831055
2019-06-13,260.863830566406,92.7026672363281,126.599998474121
2019-06-14,260.575500488281,92.7705612182617,126.559997558594
2019-06-17,260.674591064453,92.7535934448242,126.480003356934
2019-06-18,263.404205322266,92.9317626953125,127.120002746582
2019-06-19,263.998687744141,93.186393737793,127.889999389648
2019-06-20,266.520965576172,93.3390960693359,131.110000610352
2019-06-21,266.133544921875,92.9572448730469,131.979995727539
2019-06-24,265.807769775391,93.2797317504883,133.940002441406
2019-06-25,263.200714111328,93.4239730834961,134.199996948242
2019-06-26,262.938171386719,93.0420761108398,132.970001220703
2019-06-27,263.87060546875,93.3221435546875,132.839996337891
2019-06-28,265.228454589844,93.3645706176758,133.199996948242
2019-07-01,267.63623046875,93.2472686767578,130.619995117188
2019-07-02,268.333251953125,93.5787887573242,133.410003662109
2019-07-03,270.478576660156,93.7573471069336,133.630004882812
2019-07-05,270.170837402344,93.162239074707,132.139999389648
2019-07-08,268.686279296875,93.0687484741211,131.289993286133
2019-07-09,269.021240234375,93.0092697143555,131.75
2019-07-10,270.306610107422,93.0602416992188,133.830001831055
2019-07-11,270.940246582031,92.6011810302734,132.699996948242
2019-07-12,272.153259277344,92.7032089233398,133.529998779297
2019-07-15,272.243743896484,92.8987350463867,133.529998779297
2019-07-16,271.365753173828,92.694694519043,132.399993896484
2019-07-17,269.519104003906,93.1282043457031,134.580001831055
2019-07-18,270.505767822266,93.3577728271484,136.479995727539
2019-07-19,269.003143310547,93.1877746582031,134.470001220703
2019-07-22,269.663940429688,93.2302856445312,134.449996948242
2019-07-23,271.592041015625,93.0772399902344,133.690002441406
2019-07-24,272.868438720703,93.2132797241211,134.369995117188
2019-07-25,271.564819335938,93.0517425537109,133.419998168945
2019-07-26,273.384399414062,93.0347518920898,133.639999389648
2019-07-29,272.886535644531,93.1197738647461,134.529998779297
2019-07-30,272.216613769531,93.162239074707,134.979995727539
2019-07-31,269.238525390625,93.4002685546875,133.210006713867
2019-08-01,266.893981933594,94.4596710205078,136.410003662109
2019-08-02,264.884338378906,94.6555709838867,135.889999389648
2019-08-05,256.918518066406,95.4730758666992,137.789993286133
2019-08-06,260.521270751953,95.626335144043,138.910003662109
2019-08-07,260.675140380859,95.626335144043,141.020004272461
2019-08-08,265.789520263672,95.6348724365234,141.729995727539
2019-08-09,263.979187011719,95.490119934082,141.259994506836
2019-08-12,260.765625,96.0947647094727,142.630004882812
2019-08-13,264.820983886719,95.7541122436523,141.779998779297
2019-08-14,256.990905761719,96.3927917480469,142.75
2019-08-15,257.669799804688,97.0059585571289,143.699996948242
2019-08-16,261.471771240234,96.7504425048828,142.779998779297
2019-08-19,264.621917724609,96.2906112670898,141.110000610352
2019-08-20,262.594177246094,96.7164077758789,142.210006713867
2019-08-21,264.730407714844,96.4609298706055,141.759994506836
2019-08-22,264.648986816406,96.2480697631836,141.399993896484
2019-08-23,257.850830078125,96.8952407836914,144.169998168945
2019-08-26,260.702270507812,96.8016052246094,144.190002441406
2019-08-27,259.679412841797,97.218879699707,145.570007324219
2019-08-28,261.507995605469,97.2529144287109,145.160003662109
2019-08-29,264.848175048828,97.0655746459961,144.119995117188
2019-08-30,264.730407714844,97.0910797119141,143.75
2019-09-03,263.182525634766,97.3043518066406,145.75
2019-09-04,266.169799804688,97.4579467773438,146.660003662109
2019-09-05,269.591522216797,96.6731796264648,143.139999389648
2019-09-06,269.799713134766,96.7328414916992,141.919998168945
2019-09-09,269.935455322266,96.1357345581055,141.389999389648
2019-09-10,269.872100830078,95.4362487792969,140.179992675781
2019-09-11,271.791229248047,95.3424224853516,141.029998779297
2019-09-12,272.732666015625,95.129150390625,141.320007324219
2019-09-13,272.551513671875,94.2590560913086,140.149993896484
2019-09-16,271.709716796875,94.6685638427734,141.320007324219
2019-09-17,272.397705078125,94.9158935546875,141.600006103516
2019-09-18,272.560638427734,94.9500274658203,140.710006713867
2019-09-19,272.542510986328,94.9926986694336,141.279998779297
2019-09-20,271.254730224609,95.5386199951172,142.949996948242
2019-09-23,271.191101074219,95.6751022338867,143.75
2019-09-24,269.063079833984,96.1527786254883,144.509994506836
2019-09-25,270.654632568359,95.5215454101562,141.830001831055
2019-09-26,270.0908203125,95.7263031005859,141.789993286133
2019-09-27,268.635711669922,95.8627853393555,141.059997558594
2019-09-30,269.881683349609,95.9395370483398,138.869995117188
2019-10-01,266.671417236328,96.2052459716797,139.630004882812
2019-10-02,261.960845947266,96.5384216308594,141.259994506836
2019-10-03,264.106994628906,97.0424728393555,141.899993896484
2019-10-04,267.680908203125,97.2304077148438,141.899993896484
2019-10-07,266.525939941406,96.9057769775391,140.690002441406
2019-10-08,262.388153076172,97.1108016967773,141.919998168945
2019-10-09,264.8798828125,96.8630752563477,142.050003051758
2019-10-10,266.671417236328,96.2565155029297,140.809997558594
2019-10-11,269.436004638672,95.5986328125,140.029998779297
2019-10-14,269.135925292969,95.8634948730469,140.589996337891
2019-10-15,271.800445556641,95.4021835327148,139.610000610352
2019-10-16,271.363983154297,95.590087890625,140.410003662109
2019-10-17,272.164215087891,95.5559616088867,140.610000610352
2019-10-18,270.972808837891,95.6413955688477,140.460006713867
2019-10-21,272.809875488281,95.2911376953125,139.789993286133
2019-10-22,271.918640136719,95.5132598876953,140.199996948242
2019-10-23,272.709869384766,95.5474395751953,140.529998779297
2019-10-24,273.155426025391,95.5303421020508,141.529998779297
2019-10-25,274.274017333984,95.3253021240234,141.860000610352
2019-10-28,275.819976806641,94.9664688110352,140.639999389648
2019-10-29,275.738128662109,95.0518951416016,140.25
2019-10-30,276.583953857422,95.5132598876953,141.020004272461
2019-10-31,275.847290039062,96.1198272705078,142.429992675781
2019-11-01,278.402770996094,95.9384460449219,142.559997558594
2019-11-04,279.521270751953,95.4507293701172,142.149993896484
2019-11-05,279.211975097656,94.9373779296875,139.850006103516
2019-11-06,279.275695800781,95.2111434936523,140.449996948242
2019-11-07,280.257873535156,94.4496612548828,138.270004272461
2019-11-08,280.949005126953,94.3213348388672,137.389999389648
2019-11-11,280.412384033203,94.4240264892578,137.059997558594
2019-11-12,281.003479003906,94.4668045043945,137.429992675781
2019-11-13,281.094573974609,94.7234573364258,137.979995727539
2019-11-14,281.503692626953,95.2026214599609,138.559997558594
2019-11-15,283.540771484375,95.1256103515625,138.210006713867
2019-11-18,283.749938964844,95.2881698608398,138.619995117188
2019-11-19,283.668090820312,95.4678497314453,138.690002441406
2019-11-20,282.613189697266,95.8186264038086,138.759994506836
2019-11-21,282.158477783203,95.5790634155273,138
2019-11-22,282.785919189453,95.5619506835938,137.740005493164
2019-11-25,284.977600097656,95.604736328125,137.080001831055
2019-11-26,285.623321533203,95.7844161987305,137.740005493164
2019-11-27,286.896423339844,95.5362701416016,137.009994506836
2019-11-29,285.832458496094,95.4592971801758,137.860000610352
2019-12-02,283.404418945312,95.1164932250977,137.789993286133
2019-12-03,281.503692626953,95.9647750854492,139.110000610352
2019-12-04,283.24072265625,95.5963821411133,138.919998168945
2019-12-05,283.749938964844,95.3735961914062,139
2019-12-06,286.341674804688,95.0822677612305,137.619995117188
2019-12-09,285.44140625,95.1593856811523,137.580001831055
2019-12-10,285.123077392578,95.0480194091797,137.970001220703
2019-12-11,285.932495117188,95.4421310424805,138.919998168945
2019-12-12,288.396942138672,94.6881332397461,138.429992675781
2019-12-13,288.569732666016,95.2450485229492,139.050003051758
2019-12-16,290.55224609375,94.7995300292969,139.039993286133
2019-12-17,290.615875244141,94.80810546875,139.009994506836
2019-12-18,290.634124755859,94.5510940551758,139.020004272461
2019-12-19,291.825378417969,94.6248474121094,139.380004882812
2019-12-20,293.104827880859,94.6248474121094,139.520004272461
2019-12-23,293.552520751953,94.5390548706055,139.949996948242
2019-12-24,293.561767578125,94.7020874023438,141.270004272461
2019-12-26,295.124450683594,94.8393249511719,142.380004882812
2019-12-27,295.051300048828,94.9766540527344,142.330001831055
2019-12-30,293.424591064453,94.9165725708008,142.630004882812
2019-12-31,294.137481689453,94.5733871459961,142.899993896484
2020-01-02,296.888214111328,95.0109634399414,143.949996948242
2020-01-03,294.640075683594,95.6459350585938,145.860000610352
2020-01-06,295.764129638672,95.5429458618164,147.389999389648
2020-01-07,294.932586669922,95.4056396484375,147.970001220703
2020-01-08,296.504302978516,95.1825866699219,146.860000610352
2020-01-09,298.514862060547,95.2511825561523,146.029998779297
2020-01-10,297.655792236328,95.457145690918,146.910003662109
2020-01-13,299.702972412109,95.3455963134766,145.820007324219
2020-01-14,299.246002197266,95.5343475341797,145.690002441406
2020-01-15,299.922241210938,95.7746124267578,146.539993286133
2020-01-16,302.417053222656,95.577262878418,146.309997558594
2020-01-17,303.358367919922,95.5000457763672,146.580001831055
2020-01-21,302.764312744141,95.877571105957,146.740005493164
2020-01-22,302.800872802734,95.8947448730469,146.789993286133
2020-01-23,303.148162841797,96.1349945068359,147.119995117188
2020-01-24,300.452270507812,96.4781799316406,147.979995727539
2020-01-27,295.63623046875,97.1303176879883,148.990005493164
2020-01-28,298.734222412109,96.8042678833008,147.660003662109
2020-01-29,298.487426757812,97.2676086425781,148.460006713867
2020-01-30,299.456115722656,97.3619918823242,148.470001220703
2020-01-31,294.018676757812,97.8510513305664,149.330001831055
2020-02-03,296.202758789062,97.7677230834961,148.360000610352
2020-02-04,300.717254638672,97.2006530761719,146.429992675781
2020-02-05,304.189971923828,96.7796859741211,146.610000610352
2020-02-06,305.213562011719,96.8483963012695,147.399993896484
2020-02-07,303.586822509766,97.3124008178711,147.789993286133
2020-02-10,305.853179931641,97.5013732910156,148.169998168945
2020-02-11,306.383270263672,97.2694091796875,147.660003662109
2020-02-12,308.357238769531,97.020263671875,147.539993286133
2020-02-13,308.028228759766,97.1061706542969,148.380004882812
2020-02-14,308.521606445312,97.3467330932617,149
2020-02-18,307.726654052734,97.5013732910156,150.910003662109
2020-02-19,309.197998046875,97.4842300415039,151.789993286133
2020-02-20,307.927673339844,97.7677230834961,152.410003662109
2020-02-21,304.756500244141,98.1630172729492,154.699996948242
2020-02-24,294.649291992188,98.9276428222656,156.089996337891
2020-02-25,285.720733642578,99.2025756835938,153.300003051758
2020-02-26,284.669738769531,99.1510620117188,153.970001220703
2020-02-27,271.884704589844,99.6321792602539,154
2020-02-28,270.742431640625,100.749137878418,148.380004882812
2020-03-02,282.467407226562,100.680313110352,149.199996948242
2020-03-03,274.379699707031,101.850234985352,153.889999389648
2020-03-04,285.912628173828,101.626586914062,154.160003662109
2020-03-05,276.408325195312,102.529777526855,157.490005493164
2020-03-06,271.839080810547,103.570655822754,157.550003051758
2020-03-09,250.609970092773,104.499710083008,157.809997558594
2020-03-10,263.577697753906,102.581390380859,154.479995727539
2020-03-11,250.728698730469,101.557777404785,153.929992675781
2020-03-12,226.739685058594,101.609382629395,147.789993286133
2020-03-13,246.122817993164,100.947006225586,143.279998779297
2020-03-16,219.191177368164,103.613677978516,141.639999389648
2020-03-17,231.02571105957,101.015823364258,143.559997558594
2020-03-18,219.328201293945,99.613655090332,140.699996948242
2020-03-19,219.794342041016,99.9405288696289,138.039993286133
2020-03-20,210.322418212891,102.486808776855,140.110000610352
2020-03-23,204.944869995117,103.699729919434,146.300003051758
2020-03-24,223.513565063477,102.994277954102,153.399993896484
2020-03-25,226.859619140625,103.05451965332,151.300003051758
2020-03-26,240.105850219727,103.303970336914,153.240005493164
2020-03-27,232.954162597656,104.069602966309,152.25
2020-03-30,240.519515991211,104.310470581055,152.919998168945
2020-03-31,236.934448242188,104.499710083008,148.050003051758
2020-04-01,226.271240234375,104.925186157227,149.449996948242
2020-04-02,231.492584228516,104.942367553711,151.899993896484
2020-04-03,228.146514892578,105.019882202148,152.649993896484
2020-04-06,243.470291137695,104.54621887207,156.880004882812
2020-04-07,243.718490600586,104.081085205078,156.039993286133
2020-04-08,251.899703979492,103.951965332031,154.649993896484
2020-04-09,255.732925415039,104.175880432129,158.690002441406
2020-04-13,253.398132324219,103.951965332031,161.410003662109
2020-04-14,260.871520996094,104.089736938477,162.679992675781
2020-04-15,255.328475952148,105.019882202148,161.850006103516
2020-04-16,256.560333251953,105.131858825684,161.710006713867
2020-04-17,263.491424560547,104.856254577637,158.570007324219
2020-04-20,258.849151611328,105.131858825684,159.699996948242
2020-04-21,250.989700317383,105.424697875977,158.610000610352
2020-04-22,256.560333251953,105.097412109375,161.729995727539
2020-04-23,256.541839599609,105.166305541992,163.339996337891
2020-04-24,260.11767578125,105.192138671875,162.639999389648
2020-04-27,263.868255615234,104.632308959961,161.559997558594
2020-04-28,262.654876708984,105.088806152344,160.839996337891
2020-04-29,269.53076171875,105.037139892578,161.729995727539
2020-04-30,267.021331787109,104.787376403809,158.800003051758
2020-05-01,259.952239990234,104.932243347168,159.779998779297
2020-05-04,260.669281005859,104.949478149414,160.339996337891
2020-05-05,263.077728271484,104.871871948242,161.020004272461
2020-05-06,261.294250488281,104.483871459961,158.949996948242
2020-05-07,264.447387695312,105.121894836426,161.389999389648
2020-05-08,268.822998046875,104.777008056641,160.419998168945
2020-05-11,268.878112792969,104.483871459961,159.419998168945
2020-05-12,263.518890380859,104.828720092773,160.039993286133
2020-05-13,258.858367919922,105.044250488281,161.580001831055
2020-05-14,261.956329345703,105.20809173584,163.009994506836
2020-05-15,263.160461425781,105.139144897461,163.929992675781
2020-05-18,271.176239013672,104.492469787598,162.690002441406
2020-05-19,268.390930175781,104.785636901855,164.259994506836
2020-05-20,272.950317382812,104.811500549316,164.649993896484
2020-05-21,271.065948486328,104.880462646484,162.25
2020-05-22,271.580688476562,105.07878112793,163.210006713867
2020-05-26,274.926666259766,104.802841186523,160.889999389648
2020-05-27,279.017364501953,104.889099121094,161.179992675781
2020-05-28,278.502624511719,104.794273376465,161.720001220703
2020-05-29,279.743530273438,105.13045501709,162.910003662109
2020-06-01,280.874237060547,105.089073181152,163.660003662109
2020-06-02,283.199920654297,104.916458129883,162.600006103516
2020-06-03,286.968780517578,104.295074462891,159.600006103516
2020-06-04,286.215087890625,103.880882263184,161.279998779297
2020-06-05,293.550598144531,103.363037109375,158.009994506836
2020-06-08,297.098846435547,103.475234985352,159.720001220703
2020-06-09,294.883483886719,103.846321105957,161.259994506836
2020-06-10,293.238037109375,104.623062133789,163.570007324219
2020-06-11,276.333160400391,104.994148254395,162.389999389648
2020-06-12,279.642395019531,104.761131286621,162.619995117188
2020-06-15,282.253082275391,104.674812316895,162.330001831055
2020-06-16,287.685791015625,104.459075927734,162.25
2020-06-17,286.490783691406,104.623062133789,162.559997558594
2020-06-18,286.60107421875,104.856018066406,162.240005493164
2020-06-19,284.963226318359,104.890579223633,164.029998779297
2020-06-22,286.791320800781,104.79564666748,165.089996337891
2020-06-23,288.111602783203,104.761131286621,166.479995727539
2020-06-24,280.76220703125,104.959609985352,165.899993896484
2020-06-25,283.772186279297,104.976890563965,165.800003051758
2020-06-26,277.032196044922,105.261672973633,166.539993286133
2020-06-29,281.103790283203,105.365219116211,166.630004882812
2020-06-30,284.704650878906,105.175384521484,167.369995117188
2020-07-01,286.698913574219,105.011238098145,166.619995117188
2020-07-02,288.277709960938,105.14079284668,166.979995727539
2020-07-06,292.727905273438,104.985336303711,167.979995727539
2020-07-07,289.708953857422,105.322227478027,169.039993286133
2020-07-08,291.9248046875,105.158081054688,170.089996337891
2020-07-09,290.262908935547,105.494972229004,169.630004882812
2020-07-10,293.226593017578,105.287666320801,169.190002441406
2020-07-13,290.687561035156,105.39998626709,169.399993896484
2020-07-14,294.45458984375,105.391311645508,170.190002441406
2020-07-15,297.159759521484,105.356742858887,170.339996337891
2020-07-16,296.181121826172,105.434509277344,168.729995727539
2020-07-17,297.039794921875,105.408584594727,170.119995117188
2020-07-20,299.440338134766,105.477699279785,170.940002441406
2020-07-21,300.077331542969,105.589973449707,173
2020-07-22,301.785491943359,105.624542236328,175.630004882812
2020-07-23,298.184722900391,105.728225708008,177.179992675781
2020-07-24,296.264190673828,105.676315307617,178.699996948242
2020-07-27,298.424713134766,105.512229919434,182.229995727539
2020-07-28,296.531951904297,105.762748718262,183.75
2020-07-29,300.178924560547,105.900978088379,185.130004882812
2020-07-30,299.107940673828,106.047790527344,183.759994506836
2020-07-31,301.471496582031,106.073722839355,185.429992675781
2020-08-03,303.567443847656,106.021842956543,185.639999389648
2020-08-04,304.739898681641,106.38493347168,189.589996337891
2020-08-05,306.632720947266,106.030502319336,191.350006103516
2020-08-06,308.682434082031,106.151527404785,193.889999389648
2020-08-07,308.904052734375,105.926742553711,190.809997558594
2020-08-10,309.827301025391,105.814353942871,190.149993896484
2020-08-11,307.269744873047,105.451293945312,179.940002441406
2020-08-12,311.553833007812,105.14005279541,179.100006103516
2020-08-13,310.990692138672,104.923904418945,183.330001831055
2020-08-14,310.999908447266,104.975830078125,182.539993286133
2020-08-17,311.987854003906,105.148704528809,186.5
2020-08-18,312.661834716797,105.330230712891,188.179992675781
2020-08-19,311.360015869141,105.191932678223,182.240005493164
2020-08-20,312.329467773438,105.494468688965,183.5
2020-08-21,313.437316894531,105.572334289551,182.029998779297
2020-08-24,316.613433837891,105.425323486328,181
2020-08-25,317.721343994141,105.174613952637,181.220001220703
2020-08-26,320.906707763672,105.131401062012,183.360000610352
2020-08-27,321.608428955078,104.759666442871,181.240005493164
2020-08-28,323.685821533203,104.932563781738,184.389999389648
2020-08-31,322.513305664062,105.044929504395,184.830001831055
2020-09-01,325.550842285156,105.389297485352,185.050003051758
2020-09-02,330.259643554688,105.536323547363,182.619995117188
2020-09-03,318.894073486328,105.674789428711,181.139999389648
2020-09-04,316.290344238281,105.086494445801,181.639999389648
2020-09-08,307.648376464844,105.311470031738,181.289993286133
2020-09-09,313.723602294922,105.259521484375,183.050003051758
2020-09-10,308.276184082031,105.389297485352,182.460006713867
2020-09-11,308.433135986328,105.553649902344,182.449996948242
2020-09-14,312.49560546875,105.458465576172,183.889999389648
2020-09-15,314.074432373047,105.406562805176,183.449996948242
2020-09-16,312.827911376953,105.346046447754,183.970001220703
2020-09-17,310.076568603516,105.380615234375,182.960006713867
2020-09-18,306.506774902344,105.285438537598,183.199996948242
2020-09-21,303.095458984375,105.47583770752,179.520004272461
2020-09-22,306.182312011719,105.47583770752,178.649993896484
2020-09-23,299.081695556641,105.47583770752,174.789993286133
2020-09-24,299.878936767578,105.527687072754,175.440002441406
2020-09-25,304.72705078125,105.614219665527,174.940002441406
2020-09-28,309.788299560547,105.596900939941,176.699996948242
2020-09-29,308.101196289062,105.674789428711,178.190002441406
2020-09-30,310.437133789062,105.389297485352,177.119995117188
2020-10-01,312.430206298828,105.448989868164,178.699996948242
2020-10-02,309.463928222656,105.345123291016,178.539993286133
2020-10-05,314.951599121094,104.678565979004,179.410003662109
2020-10-06,310.474273681641,104.920944213867,177.300003051758
2020-10-07,315.878570556641,104.617919921875,177.220001220703
2020-10-08,318.678070068359,104.808372497559,177.850006103516
2020-10-09,321.523864746094,104.756454467773,181.080001831055
2020-10-12,326.696411132812,104.869003295898,180.559997558594
2020-10-13,324.564422607422,105.102714538574,177.720001220703
2020-10-14,322.525054931641,105.137336730957,178.270004272461
2020-10-15,322.126495361328,105.02481842041,178.919998168945
2020-10-16,321.931762695312,104.964218139648,178.300003051758
2020-10-19,317.037322998047,104.79109954834,178.389999389648
2020-10-20,318.307281494141,104.566009521484,179.25
2020-10-21,317.704742431641,104.427513122559,180.600006103516
2020-10-22,319.447418212891,104.063934326172,178.830001831055
2020-10-23,320.532043457031,104.211036682129,178.639999389648
2020-10-26,314.608612060547,104.488098144531,178.550003051758
2020-10-27,313.524047851562,104.721817016602,179.020004272461
2020-10-28,302.808135986328,104.713165283203,176.130004882812
2020-10-29,305.885711669922,104.271682739258,175.399993896484
2020-10-30,302.696899414062,103.934074401855,176.199996948242
2020-11-02,306.089691162109,104.112495422363,177.910003662109
2020-11-03,311.493957519531,103.878639221191,178.919998168945
2020-11-04,318.45556640625,104.753517150879,178.820007324219
2020-11-05,324.666381835938,104.736190795898,182.929992675781
2020-11-06,324.592254638672,104.381034851074,183.190002441406
2020-11-09,328.670867919922,103.610092163086,175.080001831055
2020-11-10,328.188903808594,103.315582275391,175.660003662109
2020-11-11,330.626831054688,103.480133056641,174.899993896484
2020-11-12,327.419525146484,104.069152832031,175.960006713867
2020-11-13,331.952514648438,103.930610656738,177.160003662109
2020-11-16,336.096069335938,103.852615356445,177.149993896484
2020-11-17,334.288391113281,104.12117767334,176.5
2020-11-18,330.265289306641,104.086517333984,175.490005493164
2020-11-19,331.655822753906,104.199111938477,175.160003662109
2020-11-20,329.384765625,104.381034851074,175.690002441406
2020-11-23,331.359130859375,104.173141479492,172.229995727539
2020-11-24,336.698608398438,104.008544921875,169.589996337891
2020-11-25,336.179412841797,104.043243408203,169.509994506836
2020-11-27,337.115692138672,104.35506439209,167.789993286133
2020-11-30,335.623321533203,104.285736083984,166.669998168945
2020-12-01,339.294158935547,103.730964660645,170.179992675781
2020-12-02,340.007965087891,103.557640075684,171.460006713867
2020-12-03,339.915222167969,103.834991455078,172.809997558594
2020-12-04,342.844451904297,103.427574157715,172.320007324219
2020-12-07,342.140014648438,103.748291015625,174.889999389648
2020-12-08,343.14111328125,103.852386474609,175.5
2020-12-09,340.063507080078,103.704978942871,172.5
2020-12-10,339.952301025391,103.939025878906,172.169998168945
2020-12-11,339.553649902344,104.14705657959,172.490005493164
2020-12-14,338.033477783203,104.086364746094,171.539993286133
2020-12-15,342.603454589844,103.982391357422,173.940002441406
2020-12-16,343.14111328125,103.895698547363,174.899993896484
2020-12-17,345.059906005859,103.820205688477,176.740005493164
2020-12-18,343.68212890625,103.733474731445,176.440002441406
2020-12-21,342.453338623047,103.802879333496,175.880004882812
2020-12-22,341.876159667969,103.976356506348,174.490005493164
2020-12-23,342.183380126953,103.759498596191,175.649993896484
2020-12-24,343.5146484375,103.906982421875,176.350006103516
2020-12-28,346.465667724609,103.915634155273,175.710006713867
2020-12-29,345.804656982422,103.898262023926,176.350006103516
2020-12-30,346.298095703125,103.967712402344,177.699996948242
2020-12-31,348.057647705078,104.037063598633,178.360000610352
2021-01-04,343.319091796875,104.063064575195,182.330001831055
2021-01-05,345.683654785156,103.820205688477,182.869995117188
2021-01-06,347.750366210938,103.213081359863,179.899993896484
2021-01-07,352.917083740234,102.848793029785,179.479995727539
2021-01-08,354.927856445312,102.553939819336,173.339996337891
2021-01-11,352.535339355469,102.354446411133,173
2021-01-12,352.609802246094,102.33708190918,174.119995117188
2021-01-13,353.559387207031,102.692687988281,173.369995117188
2021-01-14,352.321228027344,102.458488464355,173.279998779297
2021-01-15,349.751922607422,102.736030578613,171.130004882812
2021-01-19,352.498077392578,102.796760559082,172.580001831055
2021-01-20,357.376190185547,102.840126037598,175.389999389648
2021-01-21,357.702026367188,102.692687988281,175.279998779297
2021-01-22,356.435974121094,102.848793029785,173.899993896484
2021-01-25,357.841705322266,103.265144348145,174.050003051758
2021-01-26,357.283111572266,103.230415344238,173.619995117188
2021-01-27,348.550964355469,103.351867675781,172.520004272461
2021-01-28,351.548522949219,103.0830078125,172.679992675781
2021-01-29,344.510772705078,102.900840759277,172.610000610352
2021-02-01,350.245269775391,103.029312133789,174.229995727539
2021-02-02,355.197875976562,102.768920898438,172.110000610352
2021-02-03,355.477172851562,102.517265319824,171.850006103516
2021-02-04,359.517425537109,102.482521057129,168.149993896484
2021-02-05,360.932403564453,102.265548706055,169.809997558594
2021-02-08,363.539093017578,102.30891418457,171.520004272461
2021-02-09,363.296936035156,102.38703918457,172.080001831055
2021-02-10,363.138671875,102.647384643555,172.710006713867
2021-02-11,363.725158691406,102.569297790527,171.210006713867
2021-02-12,365.521881103516,102.230812072754,170.690002441406
2021-02-16,365.205383300781,101.493118286133,168.240005493164
2021-02-17,365.289154052734,101.562545776367,166.330001831055
2021-02-18,363.734527587891,101.553886413574,166.320007324219
2021-02-19,363.092193603516,101.145919799805,167.009994506836
2021-02-22,360.299377441406,100.981018066406,169.509994506836
2021-02-23,360.736938476562,101.059143066406,169.119995117188
2021-02-24,364.712005615234,100.920265197754,169
2021-02-25,355.924011230469,99.5750274658203,165.820007324219
2021-02-26,354.090057373047,100.46900177002,161.809997558594
2021-03-01,362.673248291016,100.356063842773,161.529998779297
2021-03-02,359.843170166016,100.538475036621,162.410003662109
2021-03-03,355.076812744141,100.000015258789,160.619995117188
2021-03-04,350.682769775391,99.5050201416016,159.039993286133
2021-03-05,357.134216308594,99.3660507202148,159.139999389648
2021-03-08,355.356140136719,98.9752502441406,157.490005493164
2021-03-09,360.429626464844,99.444221496582,160.839996337891
2021-03-10,362.673248291016,99.6526412963867,161.660003662109
2021-03-11,366.350433349609,99.617919921875,161.520004272461
2021-03-12,366.843811035156,98.8971176147461,161.490005493164
2021-03-15,369.031555175781,99.0187072753906,162.199996948242
2021-03-16,368.566101074219,99.0013198852539,162.350006103516
2021-03-17,369.822906494141,98.8363189697266,163.509994506836
2021-03-18,364.442047119141,98.2196960449219,162.559997558594
2021-03-19,363.767730712891,98.1589508056641,163.240005493164
2021-03-22,366.672393798828,98.4802627563477,163
2021-03-23,363.786407470703,98.9665908813477,161.809997558594
2021-03-24,361.937103271484,99.0968475341797,162.369995117188
2021-03-25,363.973175048828,98.9665908813477,161.779998779297
2021-03-26,369.838531494141,98.636589050293,162.240005493164
2021-03-29,369.651763916016,98.2978668212891,160.309997558594
2021-03-30,368.671112060547,98.211051940918,157.570007324219
2021-03-31,370.165435791016,98.0721282958984,159.960006713867
2021-04-01,374.162902832031,98.5065994262695,161.979995727539
2021-04-05,379.533294677734,98.2285308837891,161.919998168945
2021-04-06,379.30908203125,98.7064437866211,163.220001220703
2021-04-07,379.748107910156,98.6456298828125,162.759994506836
2021-04-08,381.550628662109,98.9845123291016,164.509994506836
2021-04-09,384.324615478516,98.7238082885742,163.270004272461
2021-04-12,384.464752197266,98.662971496582,162.279998779297
2021-04-13,385.604248046875,99.071403503418,163.429992675781
2021-04-14,384.287322998047,98.9497680664062,162.720001220703
2021-04-15,388.415496826172,99.584114074707,165.350006103516
2021-04-16,389.713745117188,99.3147430419922,166.350006103516
2021-04-19,387.799011230469,99.2104949951172,165.889999389648
2021-04-20,384.959838867188,99.5059051513672,166.479995727539
2021-04-21,388.602325439453,99.5580444335938,168.130004882812
2021-04-22,385.053100585938,99.6362686157227,167.039993286133
2021-04-23,389.22802734375,99.5059051513672,166.399993896484
2021-04-26,390.040618896484,99.4016265869141,166.839996337891
2021-04-27,389.956573486328,99.0105743408203,166.419998168945
2021-04-28,389.844512939453,99.1409378051758,166.910003662109
2021-04-29,392.328948974609,98.9671630859375,166.220001220703
2021-04-30,389.751098632812,99.0540390014648,165.660003662109
2021-05-03,390.591705322266,99.2227096557617,167.809997558594
2021-05-04,388.181945800781,99.353157043457,166.580001831055
2021-05-05,388.303405761719,99.4749221801758,167.270004272461
2021-05-06,391.404266357422,99.5183486938477,170.059997558594
2021-05-07,394.252868652344,99.5531387329102,171.589996337891
2021-05-10,390.348815917969,99.353157043457,172.110000610352
2021-05-11,386.865112304688,99.1879501342773,172.139999389648
2021-05-12,378.646087646484,98.7096862792969,170.429992675781
2021-05-13,383.194549560547,99.0401229858398,171.130004882812
2021-05-14,389.078582763672,99.2574615478516,172.690002441406
2021-05-17,388.088623046875,99.161865234375,174.699996948242
2021-05-18,384.744934082031,99.161865234375,175.039993286133
2021-05-19,383.736206054688,98.8661880493164,175.160003662109
2021-05-20,387.864440917969,99.2749099731445,175.960006713867
2021-05-21,387.546844482422,99.3097076416016,176.039993286133
2021-05-24,391.497680664062,99.4053115844727,176.350006103516
2021-05-25,390.629028320312,99.7705383300781,177.949996948242
2021-05-26,391.404266357422,99.6575164794922,177.639999389648
2021-05-27,391.609710693359,99.4835815429688,177.710006713867
2021-05-28,392.310180664062,99.4749221801758,178.380004882812
2021-06-01,391.964630126953,99.4566192626953,177.899993896484
2021-06-02,392.581085205078,99.5697326660156,178.770004272461
2021-06-03,391.124084472656,99.3174133300781,175.270004272461
2021-06-04,394.701232910156,99.8655471801758,177.160003662109
2021-06-07,394.318298339844,99.7872695922852,177.869995117188
2021-06-08,394.402374267578,100.074432373047,177.320007324219
2021-06-09,393.813873291016,100.387664794922,176.979995727539
2021-06-10,395.64453125,100.744415283203,177.740005493164
2021-06-11,396.298278808594,100.59651184082,175.740005493164
2021-06-14,397.185607910156,100.283241271973,174.710006713867
2021-06-15,396.457153320312,100.300643920898,174.050003051758
2021-06-16,394.243530273438,99.6132278442383,171.110000610352
2021-06-17,394.112762451172,99.9700012207031,165.850006103516
2021-06-18,388.796142578125,100.535583496094,164.929992675781
2021-06-21,394.362091064453,100.21363067627,166.949996948242
2021-06-22,396.470367431641,100.396385192871,166.25
2021-06-23,395.992523193359,100.196228027344,166.139999389648
2021-06-24,398.335144042969,100.178817749023,166.039993286133
2021-06-25,399.75,99.9700012207031,166.589996337891
2021-06-28,400.555847167969,100.283241271973,166.580001831055
2021-06-29,400.771362304688,100.33544921875,164.830001831055
2021-06-30,401.108795166016,100.492080688477,165.630004882812
2021-07-01,403.329467773438,100.41983795166,166.199996948242
2021-07-02,406.412353515625,100.785484313965,167.289993286133
2021-07-06,405.672058105469,101.316665649414,168.119995117188
2021-07-07,407.105743408203,101.612686157227,168.759994506836
2021-07-08,403.788696289062,101.873908996582,168.649993896484
2021-07-09,408.098968505859,101.360206604004,169.210006713867
2021-07-12,409.560729980469,101.307960510254,169
2021-07-13,408.16455078125,100.99446105957,169.220001220703
2021-07-14,408.773712158203,101.429840087891,171.039993286133
2021-07-15,407.377532958984,101.856513977051,171.070007324219
2021-07-16,404.182250976562,101.839088439941,169.410003662109
2021-07-19,398.213317871094,102.709808349609,169.610000610352
2021-07-20,403.919891357422,102.579200744629,169.389999389648
2021-07-21,407.190063476562,101.987098693848,168.759994506836
2021-07-22,408.042816162109,102.222190856934,169.089996337891
2021-07-23,412.240783691406,102.065444946289,168.559997558594
2021-07-26,413.252716064453,101.995803833008,168.160003662109
2021-07-27,411.369384765625,102.431159973145,168.440002441406
2021-07-28,411.20068359375,102.51823425293,169.289993286133
2021-07-29,412.906036376953,102.204788208008,171.169998168945
2021-07-30,410.900848388672,102.492095947266,169.820007324219
2021-08-02,410.038696289062,102.941703796387,169.610000610352
2021-08-03,413.374603271484,102.967826843262,169.490005493164
2021-08-04,411.341247558594,102.941703796387,169.529998779297
2021-08-05,413.946136474609,102.567070007324,168.860000610352
2021-08-06,414.630126953125,101.965850830078,164.639999389648
2021-08-09,414.292907714844,101.748069763184,161.720001220703
2021-08-10,414.808227539062,101.556350708008,161.770004272461
2021-08-11,415.838989257812,101.669593811035,164
2021-08-12,417.085174560547,101.565071105957,164.039993286133
2021-08-13,417.844268798828,102.148834228516,166.389999389648
2021-08-16,418.828125,102.375373840332,167.220001220703
2021-08-17,416.082611083984,102.323104858398,166.970001220703
2021-08-18,411.528564453125,102.270790100098,167.100006103516
2021-08-19,412.165802001953,102.497337341309,166.610000610352
2021-08-20,415.445465087891,102.401489257812,166.699996948242
2021-08-23,419.099945068359,102.427642822266,168.729995727539
2021-08-24,419.765167236328,102.148834228516,168.649993896484
2021-08-25,420.646026611328,101.748069763184,167.479995727539
2021-08-26,418.162841796875,101.748069763184,167.669998168945
2021-08-27,421.901641845703,102.079132080078,170.190002441406
2021-08-30,423.756958007812,102.279518127441,169.350006103516
2021-08-31,423.129089355469,102.087837219238,169.690002441406
2021-09-01,423.354095458984,102.131439208984,169.699996948242
2021-09-02,424.656524658203,102.253524780273,169.25
2021-09-03,424.553497314453,102.009384155273,171.059997558594
2021-09-07,423.035461425781,101.608283996582,167.710006713867
2021-09-08,422.520080566406,101.887329101562,167.289993286133
2021-09-09,420.711669921875,102.17505645752,168.029998779297
2021-09-10,417.394439697266,101.852424621582,167.179992675781
2021-09-13,418.462677001953,101.97452545166,167.740005493164
2021-09-14,416.204406738281,102.358108520508,168.820007324219
2021-09-15,419.680847167969,102.183753967285,167.830001831055
2021-09-16,419.015533447266,101.861152648926,164.029998779297
2021-09-17,414.933898925781,101.564712524414,163.770004272461
2021-09-20,408.015167236328,102.079139709473,164.940002441406
2021-09-21,407.629791259766,102.018104553223,166.039993286133
2021-09-22,411.606079101562,102.114013671875,165.419998168945
2021-09-23,416.607177734375,101.189796447754,163.509994506836
2021-09-24,417.293365478516,100.884643554688,163.300003051758
2021-09-27,416.099548339844,100.614372253418,163.639999389648
2021-09-28,407.714385986328,100.230751037598,162.050003051758
2021-09-29,408.400573730469,100.335380554199,161.320007324219
2021-09-30,403.408996582031,100.45743560791,164.220001220703
2021-10-01,408.203155517578,100.867523193359,164.589996337891
2021-10-04,402.93896484375,100.74535369873,165.360000610352
2021-10-05,407.131530761719,100.431274414062,164.589996337891
2021-10-06,408.823638916016,100.457405090332,165.029998779297
2021-10-07,412.358245849609,100.056121826172,164.160003662109
2021-10-08,411.606079101562,99.8379745483398,164.229995727539
2021-10-11,408.626190185547,99.5936737060547,163.919998168945
2021-10-12,407.620391845703,100.04736328125,164.660003662109
2021-10-13,409.086853027344,100.239295959473,167.589996337891
2021-10-14,415.967895507812,100.474876403809,168
2021-10-15,419.135833740234,99.9775772094727,165.330001831055
2021-10-18,420.376770019531,99.8379745483398,164.919998168945
2021-10-19,423.619812011719,99.4802703857422,165.449996948242
2021-10-20,425.283752441406,99.436637878418,166.899993896484
2021-10-21,426.392913818359,99.1748733520508,166.75
2021-10-22,425.951202392578,99.4279174804688,167.770004272461
2021-10-25,428.235504150391,99.5500793457031,168.929992675781
2021-10-26,428.620849609375,99.6722030639648,167.679992675781
2021-10-27,426.721954345703,100.230598449707,168.119995117188
2021-10-28,430.839324951172,99.9688491821289,168.080001831055
2021-10-29,431.713623046875,100.012474060059,166.649993896484
2021-11-01,432.456207275391,100.004623413086,167.520004272461
2021-11-02,434.204711914062,100.249069213867,167.160003662109
2021-11-03,436.855682373047,99.9347610473633,165.770004272461
2021-11-04,438.914306640625,100.476104736328,167.649993896484
2021-11-05,440.437194824219,101.026138305664,169.839996337891
2021-11-08,440.813262939453,100.589584350586,170.449996948242
2021-11-09,439.356079101562,101.052337646484,171.289993286133
2021-11-10,435.821594238281,100.187957763672,173.149993896484
2021-11-11,435.962646484375,99.8648910522461,174.119995117188
2021-11-12,439.252746582031,100.07445526123,174.449996948242
2021-11-15,439.403167724609,99.6815872192383,174.179992675781
2021-11-16,441.142181396484,99.5942611694336,172.919998168945
2021-11-17,440.070587158203,99.9522247314453,174.5
2021-11-18,441.565216064453,100.013374328613,173.940002441406
2021-11-19,440.775604248047,100.28401184082,172.610000610352
2021-11-22,439.534759521484,99.5506286621094,168.740005493164
2021-11-23,440.117523193359,99.1402435302734,167.279998779297
2021-11-24,441.292694091797,99.4458618164062,167.119995117188
2021-11-26,431.450408935547,100.729301452637,166.850006103516
2021-11-29,436.742828369141,100.50227355957,166.619995117188
2021-11-30,428.244873046875,101.104736328125,165.5
2021-12-01,423.488311767578,101.295211791992,166.160003662109
2021-12-02,429.974456787109,101.076759338379,165.240005493164
2021-12-03,426.233184814453,101.670928955078,166.630004882812
2021-12-06,431.281188964844,101.164123535156,166.220001220703
2021-12-07,440.202178955078,100.77970123291,166.809997558594
2021-12-08,441.367797851562,100.456413269043,166.899993896484
2021-12-09,438.387939453125,100.709777832031,165.880004882812
2021-12-10,442.514678955078,100.77970123291,166.580001831055
2021-12-13,438.594696044922,101.260246276855,167
2021-12-14,435.577178955078,101.085494995117,165.440002441406
2021-12-15,442.383087158203,100.936958312988,166.149993896484
2021-12-16,438.48193359375,101.23078918457,168.160003662109
2021-12-17,433.815277099609,101.458213806152,167.800003051758
2021-12-20,429.202239990234,101.370742797852,167.089996337891
2021-12-21,436.824462890625,100.968444824219,167.020004272461
2021-12-22,441.192108154297,101.064643859863,168.589996337891
2021-12-23,443.937286376953,100.85474395752,168.970001220703
2021-12-27,450.219970703125,100.889724731445,169.369995117188
2021-12-28,449.85205078125,100.872253417969,168.639999389648
2021-12-29,450.427490234375,100.356231689453,168.589996337891
2021-12-30,449.182281494141,100.688575744629,169.800003051758
2021-12-31,448.050231933594,100.574905395508,170.960006713867
2022-01-03,450.644470214844,99.6391372680664,168.330001831055
2022-01-04,450.493499755859,99.5866546630859,169.570007324219
2022-01-05,441.843109130859,99.1668548583984,169.059997558594
2022-01-06,441.428009033203,98.9219436645508,166.990005493164
2022-01-07,439.682830810547,98.5983734130859,167.75
2022-01-10,439.135711669922,98.572135925293,168.259994506836
2022-01-11,443.135406494141,98.8082962036133,170.289993286133
2022-01-12,444.333404541016,98.8257675170898,170.740005493164
2022-01-13,438.211181640625,99.1405868530273,170.160003662109
2022-01-14,438.390380859375,98.4584350585938,169.669998168945
2022-01-18,430.626678466797,97.7150115966797,169.389999389648
2022-01-19,426.155242919922,97.9511795043945,172.080001831055
2022-01-20,421.438507080078,98.1610946655273,171.649993896484
2022-01-21,413.165466308594,98.7295532226562,171.089996337891
2022-01-24,414.920013427734,98.6420822143555,172.029998779297
2022-01-25,409.854248046875,98.5108871459961,172.580001831055
2022-01-26,408.826049804688,97.8113174438477,169.789993286133
2022-01-27,406.807281494141,98.222297668457,167.600006103516
2022-01-28,416.910461425781,98.4496994018555,167.100006103516
2022-01-31,424.419494628906,98.4496994018555,168.089996337891
2022-02-01,427.287292480469,98.3166046142578,168.229995727539
2022-02-02,431.43798828125,98.5179672241211,168.839996337891
2022-02-03,421.297027587891,98.097785949707,168.600006103516
2022-02-04,423.278076171875,97.3449478149414,168.860000610352
2022-02-07,421.919677734375,97.3712158203125,170.110000610352
2022-02-08,425.391143798828,97.0560684204102,170.630004882812
2022-02-09,431.6171875,97.1873626708984,171.210006713867
2022-02-10,423.862945556641,96.2944488525391,170.559997558594
2022-02-11,415.504913330078,97.2924041748047,173.809997558594
2022-02-14,414.146514892578,96.6183395385742,174.740005493164
2022-02-15,420.825347900391,96.329460144043,173.080001831055
2022-02-16,421.297027587891,96.5308151245117,174.860000610352
2022-02-17,412.297515869141,97.0473175048828,177.25
2022-02-18,409.627899169922,97.3624496459961,177.119995117188
2022-02-22,405.23193359375,97.3536911010742,177.490005493164
2022-02-23,398.043670654297,96.8459396362305,178.289993286133
2022-02-24,404.033843994141,97.0735473632812,177.139999389648
2022-02-25,412.948455810547,97.0473175048828,176.550003051758
2022-02-28,411.891906738281,98.1503295898438,178.380004882812
2022-03-01,405.618682861328,99.1062164306641,181.619995117188
2022-03-02,413.08056640625,97.6167144775391,179.729995727539
2022-03-03,411.023956298828,98.0372848510742,180.800003051758
2022-03-04,407.6845703125,99.0098648071289,183.679992675781
2022-03-07,395.666442871094,98.5892791748047,186.410003662109
2022-03-08,392.666534423828,97.9496765136719,191.509994506836
2022-03-09,403.194305419922,97.345085144043,185.820007324219
2022-03-10,401.373657226562,96.8982391357422,186.399993896484
2022-03-11,396.270172119141,96.8719482421875,185.089996337891
2022-03-14,393.374084472656,95.6452713012695,182.300003051758
2022-03-15,402.024566650391,95.6014709472656,178.889999389648
2022-03-16,410.939086914062,95.4700393676758,180.009994506836
2022-03-17,416.080352783203,95.286018371582,180.889999389648
2022-03-18,420.637573242188,95.5664138793945,179.300003051758
2022-03-21,420.514587402344,94.3222198486328,180.669998168945
2022-03-22,425.435211181641,93.8052520751953,179.360000610352
2022-03-23,419.956298828125,94.4361038208008,181.809997558594
2022-03-24,426.286865234375,93.9104309082031,183.130004882812
2022-03-25,428.36865234375,92.9465942382812,182.380004882812
2022-03-28,431.415618896484,93.1568603515625,179.059997558594
2022-03-29,436.752593994141,93.6212692260742,179.139999389648
2022-03-30,434.055816650391,93.9892654418945,180.580001831055
2022-03-31,427.375091552734,94.1644897460938,180.649993896484
2022-04-01,428.586303710938,93.5513381958008,179.5
2022-04-04,432.2578125,93.4899520874023,180.369995117188
2022-04-05,426.7978515625,92.3759002685547,179.240005493164
2022-04-06,422.530151367188,92.0513763427734,179.660003662109
2022-04-07,424.659271240234,91.8233108520508,180.339996337891
2022-04-08,423.523742675781,91.3583755493164,181.470001220703
2022-04-11,416.284820556641,90.9198150634766,182.369995117188
2022-04-12,414.742309570312,91.3583755493164,183.770004272461
2022-04-13,419.492645263672,91.5601425170898,184.649993896484
2022-04-14,414.269165039062,90.7355880737305,184.039993286133
2022-04-18,414.439514160156,90.4724426269531,184.610000610352
2022-04-19,421.129638671875,89.8759841918945,181.820007324219
2022-04-20,420.8173828125,90.5777130126953,182.710006713867
2022-04-21,414.524627685547,90.0776977539062,182.059997558594
2022-04-22,403.150451660156,90.1215744018555,180.289993286133
2022-04-25,405.487762451172,90.7005081176758,177.050003051758
2022-04-26,393.744476318359,91.305793762207,177.320007324219
2022-04-27,394.851623535156,90.7970123291016,175.979995727539
2022-04-28,404.825347900391,90.6654357910156,176.929992675781
2022-04-29,389.864776611328,90.182975769043,176.910003662109
2022-05-02,392.211639404297,89.511116027832,173.630004882812
2022-05-03,394.009429931641,89.6164932250977,174.089996337891
2022-05-04,406.008209228516,90.1961517333984,175.800003051758
2022-05-05,391.577545166016,89.2915573120117,175.130004882812
2022-05-06,389.240234375,88.7821502685547,175.419998168945
2022-05-09,376.77783203125,89.4408798217773,172.880004882812
2022-05-10,377.6484375,89.7394561767578,171.419998168945
2022-05-11,371.649017333984,90.2927474975586,172.820007324219
2022-05-12,371.261047363281,90.5913696289062,170.169998168945
2022-05-13,380.137115478516,90.1171188354492,168.789993286133
2022-05-16,378.594665527344,90.4947280883789,170.399993896484
2022-05-17,386.382507324219,89.8097457885742,169.330001831055
2022-05-18,370.806793212891,90.4508361816406,169.419998168945
2022-05-19,368.535705566406,90.7758178710938,171.910003662109
2022-05-20,368.696624755859,91.1973495483398,172.029998779297
2022-05-23,375.594970703125,90.64404296875,172.830001831055
2022-05-24,372.727844238281,91.4257278442383,174.130004882812
2022-05-25,376.020751953125,91.6101379394531,173.080001831055
2022-05-26,383.534149169922,91.5662231445312,172.759994506836
2022-05-27,392.949645996094,91.6979598999023,172.850006103516
2022-05-31,390.744842529297,90.7406539916992,171.139999389648
2022-06-01,387.584228515625,90.2297821044922,172.229995727539
2022-06-02,394.965179443359,90.3616638183594,174.350006103516
2022-06-03,388.483184814453,90.1857986450195,172.580001831055
2022-06-06,389.666107177734,89.5087127685547,171.820007324219
2022-06-07,393.40380859375,89.8692474365234,172.940002441406
2022-06-08,389.126739501953,89.5350723266602,172.779998779297
2022-06-09,379.872100830078,89.4559478759766,172.229995727539
2022-06-10,368.857452392578,88.5765838623047,174.539993286133
2022-06-13,354.852600097656,87.0025787353516,169.929992675781
2022-06-14,353.783386230469,86.3078842163086,168.570007324219
2022-06-15,358.827026367188,87.512580871582,170.770004272461
2022-06-16,346.951232910156,88.0841903686523,172.690002441406
2022-06-17,347.69921875,88.1105194091797,171.270004272461
2022-06-21,356.452056884766,87.6532974243164,170.630004882812
2022-06-22,355.805786132812,88.7612457275391,171.309997558594
2022-06-23,359.293609619141,89.2624893188477,170.259994506836
2022-06-24,370.717010498047,88.945915222168,170.089996337891
2022-06-27,369.300903320312,88.4446716308594,169.899993896484
2022-06-28,361.755004882812,88.5589981079102,169.619995117188
2022-06-29,361.460479736328,89.2712783813477,169.490005493164
2022-06-30,358.523803710938,89.957145690918,168.460006713867
2022-07-01,362.315734863281,90.9215087890625,168.320007324219
2022-07-05,363.000061035156,91.2561950683594,164.75
2022-07-06,364.225921630859,90.4811553955078,162.139999389648
2022-07-07,369.681121826172,89.9263458251953,162.229995727539
2022-07-08,369.376983642578,89.3803024291992,162.300003051758
2022-07-11,365.157348632812,90.0848541259766,161.429992675781
2022-07-12,361.926055908203,90.2962493896484,160.830001831055
2022-07-13,360.025390625,90.6837158203125,161.600006103516
2022-07-14,359.151031494141,90.1817398071289,159.330001831055
2022-07-15,366.0126953125,90.4899749755859,159.009994506836
2022-07-18,362.990570068359,90.2257614135742,159.160003662109
2022-07-19,372.798248291016,89.8118743896484,159.539993286133
2022-07-20,375.174163818359,89.7237701416016,158.039993286133
2022-07-21,378.994659423828,90.7453842163086,160.270004272461
2022-07-22,375.478240966797,91.7845993041992,160.669998168945
2022-07-25,375.934448242188,91.4587478637695,160.229995727539
2022-07-26,371.486755371094,91.4939804077148,160.039993286133
2022-07-27,381.132873535156,91.6788940429688,161.669998168945
2022-07-28,385.913208007812,92.5859832763672,163.639999389648
2022-07-29,391.539367675781,92.6212387084961,164.100006103516
2022-08-01,390.3798828125,93.1629104614258,165.029998779297
2022-08-02,387.804473876953,91.874870300293,164.050003051758
2022-08-03,393.877227783203,92.2542343139648,164.449996948242
2022-08-04,393.611145019531,92.721809387207,167.169998168945
2022-08-05,392.945953369141,91.3808212280273,165.289993286133
2022-08-08,392.489715576172,91.9189682006836,166.690002441406
2022-08-09,390.931182861328,91.6454925537109,167.199996948242
2022-08-10,399.142211914062,91.6984176635742,166.779998779297
2022-08-11,399.142211914062,91.0897064208984,166.339996337891
2022-08-12,405.899322509766,91.4513778686523,167.869995117188
2022-08-15,407.571960449219,91.7425308227539,165.710006713867
2022-08-16,408.370330810547,91.6366500854492,165.419998168945
2022-08-17,405.4716796875,91.0190963745117,164.350006103516
2022-08-18,406.650146484375,91.1955718994141,163.919998168945
2022-08-19,401.185577392578,90.4103927612305,162.720001220703
2022-08-22,392.831848144531,90.0133819580078,161.639999389648
2022-08-23,391.881500244141,89.7928085327148,162.770004272461
2022-08-24,393.135955810547,89.4928741455078,163.25
2022-08-25,398.686126708984,90.0663299560547,163.75
2022-08-26,385.19091796875,89.9604339599609,161.759994506836
2022-08-29,382.644012451172,89.4487457275391,161.860000610352
2022-08-30,378.443389892578,89.4222717285156,160.509994506836
2022-08-31,375.563781738281,89.0517654418945,159.270004272461
2022-09-01,376.742248535156,88.3438186645508,157.869995117188
2022-09-02,372.769744873047,88.838752746582,159.259994506836
2022-09-06,371.363220214844,87.8489151000977,158.330001831055
2022-09-07,378.034759521484,88.4233627319336,159.940002441406
2022-09-08,380.505645751953,88.0963821411133,158.979995727539
2022-09-09,386.416870117188,88.1052093505859,159.820007324219
2022-09-12,390.570037841797,87.8931121826172,160.630004882812
2022-09-13,373.587036132812,87.3981781005859,158.539993286133
2022-09-14,375.012573242188,87.4423751831055,157.929992675781
2022-09-15,370.754974365234,87.1418762207031,154.979995727539
2022-09-16,367.926483154297,87.2126007080078,155.839996337891
2022-09-19,370.779724121094,86.9651107788086,155.960006713867
2022-09-20,366.523651123047,86.4260025024414,155.070007324219
2022-09-21,360.130187988281,86.7706680297852,155.789993286133
2022-09-22,357.105133056641,85.4626770019531,155.699996948242
2022-09-23,351.121917724609,85.5687103271484,153.009994506836
2022-09-26,347.648315429688,84.1458282470703,151.229995727539
2022-09-27,346.760925292969,83.5713424682617,151.539993286133
2022-09-28,353.583953857422,85.4538192749023,154.690002441406
2022-09-29,346.197906494141,85.0561294555664,154.660003662109
2022-09-30,340.844451904297,84.8351821899414,154.669998168945
2022-10-03,349.843170166016,85.8420104980469,158.429992675781
2022-10-04,360.68359375,86.0190887451172,160.699996948242
2022-10-05,359.843902587891,85.2044296264648,159.809997558594
2022-10-06,356.131805419922,84.7351150512695,159.630004882812
2022-10-07,346.197906494141,84.3189163208008,157.880004882812
2022-10-10,343.554565429688,83.8230514526367,155.479995727539
2022-10-11,341.378845214844,84.0355758666992,155.160003662109
2022-10-12,340.252807617188,84.3100662231445,155.990005493164
2022-10-13,349.232452392578,83.9558486938477,154.910003662109
2022-10-14,341.27392578125,83.4865570068359,152.979995727539
2022-10-17,350.043609619141,83.575080871582,153.419998168945
2022-10-18,354.156433105469,83.78759765625,153.75
2022-10-19,351.646728515625,82.9109573364258,151.690002441406
2022-10-20,348.698089599609,82.2910766601562,151.449996948242
2022-10-21,357.171997070312,82.4770355224609,154.149993896484
2022-10-24,361.54248046875,82.3707809448242,153.649993896484
2022-10-25,367.315826416016,83.3979949951172,154
2022-10-26,364.548370361328,83.8230514526367,154.979995727539
2022-10-27,362.601715087891,84.4163589477539,154.740005493164
2022-10-28,371.228271484375,83.9824447631836,153.160003662109
2022-10-31,368.546752929688,83.6016311645508,151.910003662109
2022-11-01,366.934051513672,83.5865783691406,153.460006713867
2022-11-02,357.725433349609,83.4445571899414,152.389999389648
2022-11-03,354.041931152344,83.0807418823242,151.809997558594
2022-11-04,359.137725830078,82.9032440185547,156.470001220703
2022-11-07,362.573089599609,82.6103820800781,155.850006103516
2022-11-08,364.529327392578,83.1605758666992,159.449996948242
2022-11-09,357.019287109375,83.4445571899414,158.649993896484
2022-11-10,376.638946533203,85.3170547485352,163.479995727539
2022-11-11,380.284210205078,85.1395492553711,164.559997558594
2022-11-14,377.049285888672,84.935432434082,164.919998168945
2022-11-15,380.26513671875,85.5654983520508,165.5
2022-11-16,377.3642578125,86.1955718994141,165.119995117188
2022-11-17,376.209533691406,85.6099090576172,163.919998168945
2022-11-18,377.917694091797,85.3081817626953,162.789993286133
2022-11-21,376.543548583984,85.2549362182617,161.880004882812
2022-11-22,381.610656738281,85.7430114746094,162.070007324219
2022-11-23,384.015441894531,86.2044525146484,163.080001831055
2022-11-25,383.929565429688,86.1778335571289,163.220001220703
2022-11-28,377.803192138672,86.2133560180664,161.929992675781
2022-11-29,377.154205322266,85.849494934082,162.729995727539
2022-11-30,389.034820556641,86.6215438842773,164.809997558594
2022-12-01,388.74853515625,87.5676498413086,167.839996337891
2022-12-02,388.300079345703,87.7455062866211,167.259994506836
2022-12-05,381.314849853516,86.8563232421875,164.389999389648
2022-12-06,375.818298339844,87.3898239135742,164.839996337891
2022-12-07,375.178894042969,88.1545028686523,166.330001831055
2022-12-08,378.118072509766,87.6565780639648,166.470001220703
2022-12-09,375.29345703125,87.0074768066406,167.059997558594
2022-12-12,380.704223632812,86.8829879760742,165.679992675781
2022-12-13,383.585998535156,87.6654663085938,168.509994506836
2022-12-14,381.133575439453,87.9055633544922,168.100006103516
2022-12-15,371.810333251953,88.0766372680664,165.350006103516
2022-12-16,367.420684814453,87.8538818359375,166.789993286133
2022-12-19,364.305114746094,87.1411437988281,166.320007324219
2022-12-20,364.803680419922,86.5085830688477,169.080001831055
2022-12-21,370.25830078125,86.6154861450195,168.800003051758
2022-12-22,364.976226806641,86.588737487793,166.759994506836
2022-12-23,367.075622558594,86.19677734375,167.259994506836
2022-12-27,365.628051757812,85.4751281738281,168.669998168945
2022-12-28,361.084106445312,85.2702026367188,167.910003662109
2022-12-29,367.583740234375,85.6889190673828,168.850006103516
2022-12-30,366.615509033203,85.3325424194336,169.639999389648
2023-01-03,365.072052001953,86.0007629394531,171.059997558594
2023-01-04,367.890502929688,86.6600494384766,172.669998168945
2023-01-05,363.691619873047,86.5353012084961,170.520004272461
2023-01-06,372.031829833984,87.6489639282227,173.710006713867
2023-01-09,371.820922851562,87.8717193603516,174.100006103516
2023-01-10,374.428344726562,87.3193435668945,174.740005493164
2023-01-11,379.164154052734,87.8806228637695,174.619995117188
2023-01-12,380.544677734375,88.6646194458008,176.639999389648
2023-01-13,382.020904541016,88.1924362182617,178.759994506836
2023-01-17,381.321166992188,87.9162521362305,177.589996337891
2023-01-18,375.300811767578,89.1100845336914,177.080001831055
2023-01-19,372.568664550781,88.9408111572266,179.889999389648
2023-01-20,379.509307861328,88.3527984619141,179.289993286133
2023-01-23,384.062866210938,88.0677185058594,179.630004882812
2023-01-24,383.650726318359,88.5755233764648,180.279998779297
2023-01-25,383.79443359375,88.6735382080078,181.110000610352
2023-01-26,388.012451171875,88.3527984619141,179.470001220703
2023-01-27,388.903961181641,88.2191467285156,179.220001220703
2023-01-30,384.024475097656,87.9429702758789,178.759994506836
2023-01-31,389.670959472656,88.3884048461914,179.410003662109
2023-02-01,393.812286376953,89.0241241455078,181.669998168945
2023-02-02,399.545013427734,88.988395690918,177.899993896484
2023-02-03,395.298187255859,88.0330581665039,173.460006713867
2023-02-06,392.882385253906,87.2742004394531,173.820007324219
2023-02-07,398.020751953125,87.0599136352539,173.979995727539
2023-02-08,393.668518066406,87.3813018798828,174.410003662109
2023-02-09,390.255706787109,86.9884719848633,173.029998779297
2023-02-10,391.166412353516,86.5688400268555,173.360000610352
2023-02-13,395.758331298828,86.7741622924805,172.479995727539
2023-02-14,395.576171875,86.3813629150391,172.610000610352
2023-02-15,396.860778808594,86.1224136352539,170.889999389648
2023-02-16,391.396545410156,85.8367309570312,170.75
2023-02-17,390.418701171875,86.0777969360352,171.259994506836
2023-02-21,382.586578369141,85.1403045654297,170.619995117188
2023-02-22,382.059265136719,85.292106628418,169.660003662109
2023-02-23,384.091583251953,85.622444152832,169.570007324219
2023-02-24,379.988616943359,85.1046142578125,168.350006103516
2023-02-27,381.282775878906,85.3635482788086,169.009994506836
2023-02-28,379.873565673828,85.497444152832,169.779998779297
2023-03-01,378.416442871094,84.8139572143555,170.759994506836
2023-03-02,381.359497070312,84.4649963378906,170.660003662109
2023-03-03,387.475677490234,85.1449661254883,172.490005493164
2023-03-06,387.744049072266,84.9928665161133,171.619995117188
2023-03-07,381.800415039062,85.0017929077148,168.619995117188
2023-03-08,382.423583984375,84.9749526977539,168.539993286133
2023-03-09,375.367950439453,85.5028228759766,170.199996948242
2023-03-10,369.951507568359,87.0774154663086,173.869995117188
2023-03-13,369.424346923828,88.1331176757812,177.860000610352
2023-03-14,375.530914306641,87.3011169433594,176.830001831055
2023-03-15,373.182220458984,88.5625610351562,178.210006713867
2023-03-16,379.729705810547,87.7663192749023,178.570007324219
2023-03-17,375.289672851562,88.8041229248047,183.770004272461
2023-03-20,378.898345947266,88.4462661743164,183.839996337891
2023-03-21,383.873443603516,87.6768569946289,180.369995117188
2023-03-22,377.329803466797,88.8309631347656,183.440002441406
2023-03-23,378.349822998047,89.3408966064453,185.740005493164
2023-03-24,380.832641601562,89.3677444458008,183.649993896484
2023-03-27,381.544677734375,88.2673416137695,181.949996948242
2023-03-28,380.688262939453,88.2136306762695,183.440002441406
2023-03-29,386.221496582031,88.0615463256836,182.529998779297
2023-03-30,388.482940673828,88.1957702636719,184.179992675781
2023-03-31,393.958435058594,88.6788482666016,183.220001220703
2023-04-03,395.459625244141,89.0966110229492,184.539993286133
2023-04-04,393.265563964844,89.6703262329102,187.979995727539
2023-04-05,392.235900878906,90.0468215942383,187.830001831055
2023-04-06,393.765930175781,90.0737228393555,186.490005493164
2023-04-10,394.170135498047,89.1862411499023,185.110000610352
2023-04-11,394.275970458984,89.1503829956055,186.279998779297
2023-04-12,392.6689453125,89.4103393554688,187.190002441406
2023-04-13,397.884643554688,89.1145477294922,189.720001220703
2023-04-14,396.912719726562,88.6752624511719,186.360000610352
2023-04-17,398.3369140625,88.1105346679688,185.529998779297
2023-04-18,398.596740722656,88.2539520263672,186.25
2023-04-19,398.529357910156,88.0656814575195,185.360000610352
2023-04-20,396.354553222656,88.5766906738281,186.089996337891
2023-04-21,396.662506103516,88.3615188598633,184.25
2023-04-24,397.076293945312,88.7918090820312,184.809997558594
2023-04-25,390.773162841797,89.6703262329102,185.75
2023-04-26,389.117980957031,89.3207168579102,184.740005493164
2023-04-27,396.864593505859,88.7380142211914,184.75
2023-04-28,400.251892089844,89.4014053344727,184.800003051758
2023-05-01,399.847808837891,88.3491439819336,183.970001220703
2023-05-02,395.353759765625,89.4993362426758,187.520004272461
2023-05-03,392.640075683594,90.0833969116211,189.110000610352
2023-05-04,389.859069824219,90.0654525756836,190.440002441406
2023-05-05,397.076293945312,89.580207824707,187.460006713867
2023-05-08,397.182189941406,89.0320739746094,187.690002441406
2023-05-09,395.440338134766,88.9242401123047,189.020004272461
2023-05-10,397.287994384766,89.5891876220703,188.75
2023-05-11,396.59521484375,89.9216842651367,187.130004882812
2023-05-12,396.075561523438,89.3825149536133,186.809997558594
2023-05-15,397.442016601562,89.1848297119141,187.210006713867
2023-05-16,394.785949707031,88.8972854614258,184.869995117188
2023-05-17,399.578338623047,88.6097259521484,184.229995727539
2023-05-18,403.427520751953,88.0615921020508,181.839996337891
2023-05-19,402.840484619141,87.7291030883789,183.639999389648
2023-05-22,403.004119873047,87.5673751831055,183.210006713867
2023-05-23,398.481292724609,87.7111358642578,183.429992675781
2023-05-24,395.594390869141,87.4865112304688,181.949996948242
2023-05-25,399.020111083984,86.938362121582,180.199996948242
2023-05-26,404.187744140625,87.1001205444336,180.919998168945
2023-05-30,404.341705322266,87.7830123901367,182.039993286133
2023-05-31,402.099548339844,88.1155242919922,182.320007324219
2023-06-01,405.919891357422,88.3605041503906,183.759994506836
2023-06-02,411.790008544922,87.6579513549805,181.050003051758
2023-06-05,411.000885009766,87.6309356689453,182.139999389648
2023-06-06,411.895843505859,87.6849594116211,182.339996337891
2023-06-07,410.471618652344,87.0454330444336,180.149993896484
2023-06-08,412.954376220703,87.6309356689453,182.529998779297
2023-06-09,413.695343017578,87.3156890869141,182.039993286133
2023-06-12,417.448272705078,87.4597854614258,181.880004882812
2023-06-13,420.200500488281,86.8382873535156,180.539993286133
2023-06-14,420.700897216797,86.9553604125977,180.639999389648
2023-06-15,425.916625976562,87.6309356689453,181.910003662109
2023-06-16,424.4658203125,87.2526245117188,181.630004882812
2023-06-20,422.263671875,87.5138244628906,179.75
2023-06-21,420.100067138672,87.5948715209961,179.490005493164
2023-06-22,421.616485595703,87.0994873046875,177.710006713867
2023-06-23,418.429077148438,87.4597854614258,178.199996948242
2023-06-26,416.719482421875,87.6759948730469,178.509994506836
2023-06-27,421.288146972656,87.3697204589844,177.690002441406
2023-06-28,421.500610351562,87.7210006713867,177.279998779297
2023-06-29,423.161895751953,86.8202743530273,177.089996337891
2023-06-30,428.155548095703,87.0094375610352,178.270004272461
2023-07-03,428.648132324219,86.6320190429688,178.470001220703
2023-07-05,428.010620117188,86.2166976928711,177.839996337891
2023-07-06,424.659027099609,85.512451171875,177.309997558594
2023-07-07,423.586883544922,85.4040908813477,178.639999389648
2023-07-10,424.659027099609,85.8465194702148,178.779998779297
2023-07-11,427.363525390625,86.0270919799805,179.449996948242
2023-07-12,430.801971435547,86.8667831420898,181.880004882812
2023-07-13,434.221221923828,87.5890960693359,182.009994506836
2023-07-14,433.950866699219,87.1556854248047,181.429992675781
2023-07-17,435.457611083984,87.3001708984375,181.559997558594
2023-07-18,438.693267822266,87.3994903564453,183.639999389648
2023-07-19,439.668823242188,87.6974105834961,183.669998168945
2023-07-20,436.751800537109,87.0021896362305,182.740005493164
2023-07-21,436.751800537109,87.0744400024414,182.179992675781
2023-07-24,438.702941894531,86.8667831420898,181.399993896484
2023-07-25,439.900634765625,86.7042541503906,182.410003662109
2023-07-26,439.96826171875,87.0021896362305,183.300003051758
2023-07-27,437.05126953125,86.0541763305664,180.419998168945
2023-07-28,441.330139160156,86.3340759277344,181.860000610352
2023-07-31,442.170440673828,86.4423980712891,182.350006103516
2023-08-01,440.905151367188,85.9373321533203,180.460006713867
2023-08-02,434.771820068359,85.7653427124023,179.600006103516
2023-08-03,433.52587890625,85.1317138671875,179.539993286133
2023-08-04,431.565032958984,86.0368804931641,180.190002441406
2023-08-07,435.332000732422,85.8286895751953,179.779998779297
2023-08-08,433.438903808594,86.2631912231445,178.639999389648
2023-08-09,430.541259765625,86.3174896240234,177.789993286133
2023-08-10,430.69580078125,85.65673828125,177.600006103516
2023-08-11,430.444641113281,85.2041320800781,177.600006103516
2023-08-14,432.820709228516,85.0683746337891,177.059997558594
2023-08-15,427.778839111328,84.9054336547852,176.589996337891
2023-08-16,424.639801025391,84.5795593261719,175.570007324219
2023-08-17,421.403991699219,84.4709625244141,175.300003051758
2023-08-18,421.606842041016,84.7244033813477,175.330001831055
2023-08-21,424.349914550781,84.1993789672852,175.809997558594
2023-08-22,423.200531005859,84.2355804443359,176.100006103516
2023-08-23,427.9140625,85.1498184204102,177.889999389648
2023-08-24,421.983551025391,84.8329925537109,177.850006103516
2023-08-25,424.958465576172,84.8058624267578,177.619995117188
2023-08-28,427.653259277344,85.0411834716797,178.130004882812
2023-08-29,433.834899902344,85.6476593017578,179.869995117188
2023-08-30,435.621826171875,85.6386337280273,180.320007324219
2023-08-31,434.984283447266,85.8106002807617,180.020004272461
2023-09-01,435.795623779297,85.2860565185547,180.110000610352
2023-09-05,433.912170410156,84.7687911987305,178.639999389648
2023-09-06,430.995208740234,84.5510025024414,177.830001831055
2023-09-07,429.671966552734,84.8414077758789,178.020004272461
2023-09-08,430.319091796875,84.8595504760742,178.080001831055
2023-09-11,433.149169921875,84.7143478393555,178.410003662109
2023-09-12,430.773071289062,84.8323364257812,177.490005493164
2023-09-13,431.275329589844,84.9321365356445,177.080001831055
2023-09-14,434.993957519531,84.741569519043,177.169998168945
2023-09-15,429.753021240234,84.4783782958984,178.339996337891
2023-09-18,430.005065917969,84.5600662231445,179.389999389648
2023-09-19,429.113220214844,84.2515411376953,179.220001220703
2023-09-20,425.168304443359,84.18798828125,179.350006103516
2023-09-21,418.140991210938,83.5618438720703,178.050003051758
2023-09-22,417.200775146484,83.8885269165039,178.619995117188
2023-09-25,418.955200195312,83.2714385986328,177.699996948242
2023-09-26,412.800170898438,83.2442092895508,176.279998779297
2023-09-27,412.964904785156,82.8721389770508,174.100006103516
2023-09-28,415.359069824219,83.0990142822266,173.229995727539
2023-09-29,414.351043701172,83.1171646118164,171.449996948242
2023-10-02,414.186279296875,82.4429702758789,169.649993896484
2023-10-03,408.641906738281,81.7605361938477,169.160003662109
2023-10-04,411.61767578125,82.279182434082,169.139999389648
2023-10-05,411.462554931641,82.433837890625,168.830001831055
2023-10-06,416.347778320312,81.9516448974609,169.699996948242
2023-10-09,419.013305664062,82.9979705810547,172.820007324219
2023-10-10,421.194213867188,82.8342056274414,172.529998779297
2023-10-11,422.919555664062,83.2891311645508,173.789993286133
2023-10-12,420.341217041016,82.4884643554688,173.259994506836
2023-10-13,418.24755859375,83.0161666870117,178.830001831055
2023-10-16,422.648162841797,82.5248260498047,177.960006713867
2023-10-17,422.628753662109,81.7150573730469,178.289993286133
2023-10-18,416.997192382812,81.332893371582,180.869995117188
2023-10-19,413.333343505859,80.9325714111328,183.089996337891
2023-10-20,408.254211425781,81.4057006835938,183.589996337891
2023-10-23,407.546661376953,81.7878646850586,182.970001220703
2023-10-24,410.619293212891,81.9334106445312,182.949996948242
2023-10-25,404.726043701172,81.2146453857422,183.720001220703
2023-10-26,399.879577636719,81.8333511352539,184.009994506836
2023-10-27,398.066986083984,81.9607238769531,186.149993896484
2023-10-30,402.826202392578,81.6877517700195,185.100006103516
2023-10-31,405.356079101562,81.514892578125,184.089996337891
2023-11-01,409.679077148438,82.4537353515625,183.509994506836
2023-11-02,417.530303955078,82.9646835327148,184.119995117188
2023-11-03,421.339630126953,83.6033782958984,184.789993286133
2023-11-06,422.308898925781,83.1198043823242,183.350006103516
2023-11-07,423.5107421875,83.5942611694336,182.589996337891
2023-11-08,423.820922851562,83.9318389892578,180.770004272461
2023-11-09,420.515716552734,83.1015701293945,181.490005493164
2023-11-10,427.077758789062,83.1928024291992,179.509994506836
2023-11-13,426.670684814453,83.1471710205078,180.509994506836
2023-11-14,434.948394775391,84.3971633911133,182.119995117188
2023-11-15,435.869232177734,83.7402267456055,181.639999389648
2023-11-16,436.40234375,84.3698196411133,183.690002441406
2023-11-17,436.945129394531,84.4245300292969,183.669998168945
2023-11-20,440.308563232422,84.5431442260742,183.369995117188
2023-11-21,439.348968505859,84.6526412963867,185.350006103516
2023-11-22,441.045166015625,84.6252822875977,184.559997558594
2023-11-24,441.316619873047,84.1873245239258,185.520004272461
2023-11-27,440.521820068359,84.8259811401367,186.770004272461
2023-11-28,440.957977294922,85.2000885009766,189.259994506836
2023-11-29,440.647857666016,85.6471481323242,189.539993286133
2023-11-30,442.3828125,85.2274627685547,188.75
2023-12-01,444.999908447266,86.0315704345703,192.009994506836
2023-12-04,442.663879394531,85.6747741699219,187.860000610352
2023-12-05,442.57666015625,86.2786102294922,187.149993896484
2023-12-06,440.793212890625,86.635383605957,187.839996337891
2023-12-07,444.156677246094,86.5072937011719,188.149993896484
2023-12-08,446.066162109375,85.9492492675781,185.639999389648
2023-12-11,447.801116943359,85.9583892822266,183.589996337891
2023-12-12,449.846374511719,86.1413726806641,183.490005493164
2023-12-13,456.049774169922,87.4221649169922,187.630004882812
2023-12-14,457.513427734375,88.1488418579102,188.729995727539
2023-12-15,456.760101318359,88.0754241943359,187
2023-12-18,459.329437255859,87.8827514648438,187.850006103516
2023-12-19,462.122528076172,88.0479202270508,189.130004882812
2023-12-20,455.718811035156,88.4791641235352,188.100006103516
2023-12-21,460.039886474609,88.3415222167969,189.429992675781
2023-12-22,460.964447021484,88.2589645385742,190.270004272461
2023-12-26,462.910858154297,88.3140029907227,191.720001220703
2023-12-27,463.747863769531,89.0021667480469,192.589996337891
2023-12-28,463.922943115234,88.6626968383789,191.470001220703
2023-12-29,462.579986572266,88.4424819946289,191.169998168945
2024-01-02,459.9912109375,88.1121444702148,190.720001220703
2024-01-03,456.234558105469,88.3231735229492,189.130004882812
2024-01-04,454.765014648438,87.791015625,189.320007324219
2024-01-05,455.387908935547,87.4698638916016,189.350006103516
2024-01-08,461.889007568359,87.7634735107422,187.869995117188
2024-01-09,461.188232421875,87.7267761230469,187.929992675781
2024-01-10,463.796508789062,87.5891342163086,187.5
2024-01-11,463.592132568359,88.0570831298828,187.869995117188
2024-01-12,463.913208007812,88.2956619262695,189.710006713867
2024-01-16,462.210144042969,87.579963684082,187.910003662109
2024-01-17,459.640899658203,87.2955093383789,185.839996337891
2024-01-18,463.728393554688,87.1028366088867,187.369995117188
2024-01-19,469.50927734375,87.1120300292969,187.929992675781
2024-01-22,470.501953125,87.3781204223633,187.220001220703
2024-01-23,471.874145507812,87.1578750610352,187.949996948242
2024-01-24,472.390014648438,86.9101486206055,186.399993896484
2024-01-25,474.959320068359,87.2863464355469,187.139999389648
2024-01-26,474.355895996094,87.13037109375,187.009994506836
2024-01-29,478.112518310547,87.6533737182617,188.330001831055
2024-01-30,477.74267578125,87.7726516723633,188.589996337891
2024-01-31,469.947265625,88.5066833496094,188.449996948242
2024-02-01,476.097961425781,89.0548858642578,190.410003662109
2024-02-02,481.110015869141,87.8959503173828,188.610000610352
2024-02-05,479.358215332031,87.04052734375,187.570007324219
2024-02-06,480.749969482422,87.5096130371094,188.550003051758
2024-02-07,484.759582519531,87.353271484375,188.5
2024-02-08,484.973724365234,87.0681228637695,188.330001831055
2024-02-09,487.776580810547,86.9117736816406,187.600006103516
2024-02-12,487.562469482422,86.9945449829102,187.110000610352
2024-02-13,480.847259521484,86.0379791259766,184.529998779297
2024-02-14,485.217010498047,86.3598785400391,184.419998168945
2024-02-15,488.564880371094,86.5990371704102,185.660003662109
2024-02-16,486.1318359375,86.2219161987305,186.339996337891
2024-02-20,483.455505371094,86.3690872192383,187.470001220703
2024-02-21,483.893432617188,86.0931396484375,187.479995727539
2024-02-22,493.907867431641,86.1023406982422,187.559997558594
2024-02-23,494.248504638672,86.4978408813477,188.619995117188
2024-02-26,492.438293457031,86.3690872192383,188.199996948242
2024-02-27,493.353088378906,86.1759033203125,188
2024-02-28,492.701080322266,86.4886474609375,188.339996337891
2024-02-29,494.472320556641,86.6634216308594,189.309997558594
2024-03-01,499.114532470703,87.0590515136719,192.889999389648
2024-03-04,498.579284667969,86.8653945922852,196.009994506836
2024-03-05,493.596435546875,87.4002838134766,197.190002441406
2024-03-06,496.097595214844,87.6123962402344,198.809997558594
2024-03-07,501.022033691406,87.7599563598633,199.940002441406
2024-03-08,498.014801025391,87.8245162963867,201.630004882812
2024-03-11,497.586639404297,87.7138366699219,202
2024-03-12,502.939361572266,87.3541717529297,199.789993286133
2024-03-13,502.150939941406,87.1604843139648,201.190002441406
2024-03-14,501.158264160156,86.5149230957031,200.350006103516
2024-03-15,497.717102050781,86.3673858642578,199.710006713867
2024-03-18,500.675048828125,86.2659454345703,200.029998779297
2024-03-19,503.457366943359,86.5149230957031,199.800003051758
2024-03-20,508.114013671875,86.7178268432617,202.179992675781
2024-03-21,509.793212890625,86.7270431518555,201.970001220703
2024-03-22,508.826721191406,87.1512756347656,200.350006103516
2024-03-25,507.4208984375,86.9207229614258,200.990005493164
2024-03-26,506.483764648438,87.0498352050781,201.639999389648
2024-03-27,510.740142822266,87.3818283081055,203.100006103516
2024-03-28,510.642517089844,87.2988433837891,205.720001220703
2024-04-01,509.754058837891,86.5089492797852,207.820007324219
2024-04-02,506.513061523438,86.3239669799805,210.889999389648
2024-04-03,507.069427490234,86.4256973266602,212.740005493164
2024-04-04,500.880096435547,86.7216567993164,211.520004272461
2024-04-05,506.112670898438,86.1482086181641,215.139999389648
2024-04-08,506.395782470703,85.9539794921875,216.479995727539
2024-04-09,506.981597900391,86.2962036132812,217.669998168945
2024-04-10,501.905151367188,85.1492919921875,215.610000610352
2024-04-11,505.692962646484,85.029052734375,219.800003051758
2024-04-12,498.712829589844,85.3805084228516,216.889999389648
2024-04-15,492.464935302734,84.8348159790039,220.949996948242
2024-04-16,491.566802978516,84.5018463134766,221.220001220703
2024-04-17,488.657562255859,85.0383148193359,219.589996337891
2024-04-18,487.652038574219,84.7423095703125,220.339996337891
2024-04-19,483.395629882812,84.8533020019531,221.029998779297
2024-04-22,487.847229003906,84.8625564575195,215.570007324219
2024-04-23,493.636413574219,84.9735565185547,215.039993286133
2024-04-24,493.402069091797,84.7145614624023,214.639999389648
2024-04-25,491.527679443359,84.3908462524414,215.919998168945
2024-04-26,496.184356689453,84.6220855712891,216.619995117188
2024-04-29,497.941650390625,84.9642944335938,216.179992675781
2024-04-30,490.053588867188,84.5665817260742,211.869995117188
2024-05-01,488.462341308594,84.901481628418,213.789993286133
2024-05-02,493.031127929688,85.3003616333008,213.130004882812
2024-05-03,499.142364501953,85.7734985351562,212.960006713867
2024-05-06,504.296875,85.8477020263672,215.199996948242
2024-05-07,504.853393554688,86.0703659057617,214.210006713867
2024-05-08,504.902191162109,85.8291702270508,213.580001831055
2024-05-09,507.811431884766,86.0889205932617,216.949996948242
2024-05-10,508.465545654297,85.8106155395508,218.710006713867
2024-05-13,508.533782958984,85.9126434326172,216.259994506836
2024-05-14,510.866973876953,86.1631164550781,218.089996337891
2024-05-15,517.193054199219,86.8125076293945,220.889999389648
2024-05-16,516.128967285156,86.6455307006836,220.029998779297
2024-05-17,516.870910644531,86.3765029907227,223.660003662109
2024-05-20,517.466552734375,86.2465896606445,224.559997558594
2024-05-21,518.735534667969,86.4692535400391,224.229995727539
2024-05-22,517.242004394531,86.35791015625,220.110000610352
2024-05-23,513.4638671875,86.0518112182617,215.720001220703
2024-05-24,516.861145019531,86.1631164550781,215.919998168945
2024-05-28,517.222473144531,85.6807403564453,218.190002441406
2024-05-29,513.600524902344,85.2632751464844,216.160003662109
2024-05-30,510.193389892578,85.6900329589844,216.570007324219
2024-05-31,514.84033203125,86.0889205932617,215.300003051758
2024-06-03,515.260131835938,86.6527633666992,217.220001220703
2024-06-04,515.836181640625,87.1272811889648,215.270004272461
2024-06-05,521.966857910156,87.4436492919922,217.820007324219
2024-06-06,521.957153320312,87.4064254760742,219.429992675781
2024-06-07,521.322631835938,86.4852523803711,211.600006103516
2024-06-10,522.933410644531,86.299201965332,213.539993286133
2024-06-11,524.192687988281,86.7551116943359,214.149993896484
2024-06-12,528.497985839844,87.2389450073242,214.720001220703
2024-06-13,529.56201171875,87.8158187866211,212.970001220703
2024-06-14,529.88427734375,88.0205307006836,215.729995727539
2024-06-17,534.101501464844,87.6111221313477,214.610000610352
2024-06-18,535.458618164062,87.9926071166992,215.470001220703
2024-06-20,534.00390625,87.7693099975586,218.160003662109
2024-06-21,533.287963867188,87.7879028320312,214.779998779297
2024-06-24,531.554504394531,87.8623504638672,215.630004882812
2024-06-25,533.601440429688,87.9367752075195,214.559997558594
2024-06-26,534.267456054688,87.4064254760742,212.580001831055
2024-06-27,535.109619140625,87.6018218994141,214.990005493164
2024-06-28,533.003967285156,87.1366119384766,215.009994506836
2024-07-01,534.100952148438,86.4879608154297,215.570007324219
2024-07-02,537.695373535156,86.8146209716797,215.559997558594
2024-07-03,540.094848632812,87.3932418823242,217.990005493164
2024-07-05,543.209350585938,87.8785629272461,220.929992675781
2024-07-08,543.836120605469,87.9065704345703,218.190002441406
2024-07-09,544.364929199219,87.7852401733398,218.559997558594
2024-07-10,549.751525878906,87.8692321777344,219.360000610352
2024-07-11,545.011352539062,88.42919921875,223.25
2024-07-12,548.449035644531,88.6158599853516,223.110000610352
2024-07-15,549.957214355469,88.3358840942383,223.830001831055
2024-07-16,553.218627929688,88.7278442382812,228.289993286133
2024-07-17,545.4619140625,88.8025054931641,227.229995727539
2024-07-18,541.270080566406,88.5505218505859,225.779998779297
2024-07-19,537.67578125,88.2705459594727,221.729995727539
2024-07-22,543.219055175781,88.1865463256836,221.800003051758
2024-07-23,542.367004394531,88.2518768310547,222.580001831055
2024-07-24,530.075561523438,88.0558853149414,221.800003051758
2024-07-25,527.313720703125,88.2518768310547,218.330001831055
2024-07-26,533.219543457031,88.6718368530273,220.630004882812
2024-07-29,533.532897949219,88.821174621582,220.320007324219
2024-07-30,530.829772949219,89.0078430175781,222.520004272461
2024-07-31,539.458190917969,89.6611404418945,226.550003051758
2024-08-01,531.818908691406,90.0440063476562,225.770004272461
2024-08-02,521.917358398438,91.4388198852539,225.339996337891
2024-08-05,506.717193603516,91.5324249267578,222.479995727539
2024-08-06,511.388977050781,90.718017578125,220.699996948242
2024-08-07,507.970703125,90.3903884887695,220.550003051758
2024-08-08,519.713684082031,90.118896484375,224.009994506836
2024-08-09,522.00537109375,90.4840087890625,224.559997558594
2024-08-12,522.279724121094,90.7367095947266,228.410003662109
2024-08-13,530.868896484375,91.1392364501953,228.059997558594
2024-08-14,532.543701171875,91.2609252929688,226.199996948242
2024-08-15,541.671630859375,90.6899337768555,226.910003662109
2024-08-16,542.885986328125,90.8677825927734,231.990005493164
2024-08-19,548.076721191406,90.9894866943359,231.610000610352
2024-08-20,547.185607910156,91.3545608520508,232.460006713867
2024-08-21,549.066040039062,91.5417861938477,232.149993896484
2024-08-22,544.756652832031,91.1205215454102,229.369995117188
2024-08-23,550.544799804688,91.5417861938477,232.020004272461
2024-08-26,549.232482910156,91.4294509887695,232.759994506836
2024-08-27,549.986755371094,91.3919830322266,233.389999389648
2024-08-28,546.793884277344,91.3451919555664,231.75
2024-08-29,546.842834472656,91.1860580444336,232.949996948242
2024-08-30,552.062927246094,90.8677825927734,231.289993286133
2024-09-03,540.701965332031,91.466796875,230.289993286133
2024-09-04,539.595397949219,92.0019683837891,230.429992675781
2024-09-05,538.282958984375,92.2179260253906,232.350006103516
2024-09-06,529.223571777344,92.349365234375,230.630004882812
2024-09-09,535.148742675781,92.4807891845703,231.600006103516
2024-09-10,537.479919433594,92.8751449584961,232.619995117188
2024-09-11,542.99365234375,92.8094177246094,232.25
2024-09-12,547.567626953125,92.6591949462891,236.330001831055
2024-09-13,550.427368164062,92.8375701904297,238.679992675781
2024-09-16,551.240234375,93.0816955566406,238.660003662109
2024-09-17,551.465454101562,92.9126892089844,237.339996337891
2024-09-18,549.829956054688,92.5089797973633,235.509994506836
2024-09-19,559.212524414062,92.4338684082031,239.169998168945
2024-09-20,558.245788574219,92.4057083129883,242.210006713867
2024-09-23,559.640747070312,92.349365234375,242.679992675781
2024-09-24,561.242126464844,92.4526443481445,246.070007324219
2024-09-25,560.004272460938,92.0770950317383,245.729995727539
2024-09-26,562.224548339844,92.011344909668,246.979995727539
2024-09-27,561.409118652344,92.3775253295898,245.020004272461
2024-09-30,563.658813476562,92.1240081787109,243.059997558594
2024-10-01,558.609252929688,92.4592361450195,245.610000610352
2024-10-02,558.845092773438,92.1955871582031,245.660003662109
2024-10-03,557.823425292969,91.7247772216797,245.490005493164
2024-10-04,562.892517089844,90.8396377563477,245
2024-10-07,557.803771972656,90.5100555419922,244.169998168945
2024-10-08,563.079223632812,90.5853881835938,242.369995117188
2024-10-09,566.979431152344,90.2463912963867,241.050003051758
2024-10-10,565.987121582031,90.2370071411133,242.820007324219
2024-10-11,569.376342773438,90.2652282714844,245.470001220703
2024-10-14,574.032897949219,90.1051559448242,245.070007324219
2024-10-15,569.572875976562,90.5665664672852,245.919998168945
2024-10-16,572.048461914062,90.7078094482422,247.149993896484
2024-10-17,572.097595214844,90.2370071411133,248.630004882812
2024-10-18,574.298156738281,90.3405685424805,251.270004272461
2024-10-21,573.355041503906,89.6437530517578,251.220001220703
2024-10-22,573.050537109375,89.5589981079102,253.929992675781
2024-10-23,567.814392089844,89.3518371582031,250.869995117188
2024-10-24,569.042358398438,89.5495834350586,252.800003051758
2024-10-25,568.845764160156,89.3518371582031,253.320007324219
2024-10-28,570.604370117188,89.1446990966797,253.330001831055
2024-10-29,571.527770996094,89.1823425292969,256.089996337891
2024-10-30,569.798889160156,89.050537109375,257.5
2024-10-31,558.628967285156,89.0034484863281,253.509994506836
2024-11-01,560.986694335938,88.4763946533203,252.470001220703
2024-11-04,559.778259277344,88.9486541748047,252.830001831055
2024-11-05,566.547119140625,88.9958877563477,253.399993896484
2024-11-06,580.634643554688,88.0796813964844,245.699996948242
2024-11-07,585.124084472656,88.7880783081055,249.649993896484
2024-11-08,587.658752441406,88.9769821166992,247.960006713867
2024-11-11,588.218688964844,88.7313995361328,242.139999389648
2024-11-12,586.391479492188,88.1741333007812,240.050003051758
2024-11-13,586.67626953125,88.1174545288086,237.630004882812
2024-11-14,582.903930664062,88.1080017089844,237.009994506836
2024-11-15,575.437683105469,88.1457824707031,236.589996337891
2024-11-18,577.795532226562,88.3441390991211,241.089996337891
2024-11-19,579.907653808594,88.5330505371094,243.25
2024-11-20,580.104064941406,88.4008255004883,244.619995117188
2024-11-21,583.21826171875,88.3535842895508,246.660003662109
2024-11-22,585.02587890625,88.4102783203125,249.839996337891
2024-11-25,587.010375976562,89.3642578125,242.479995727539
2024-11-26,590.075439453125,89.1753540039062,242.949996948242
2024-11-27,588.287475585938,89.5342788696289,243.490005493164
2024-11-29,591.94189453125,89.9121017456055,245.589996337891
2024-12-02,593.002990722656,89.9045181274414,243.440002441406
2024-12-03,593.277954101562,89.6487197875977,243.929992675781
2024-12-04,596.961975097656,89.9897918701172,244.669998168945
2024-12-05,595.979553222656,89.9803237915039,242.860000610352
2024-12-06,597.109313964844,90.2645645141602,242.949996948242
2024-12-09,594.034484863281,89.951904296875,245.360000610352
2024-12-10,592.1875,89.7908325195312,248.589996337891
2024-12-11,596.765502929688,89.5255279541016,250.960006713867
2024-12-12,593.690734863281,89.1844711303711,247.279998779297
2024-12-13,593.57275390625,88.7675704956055,244.289993286133
2024-12-16,596.107299804688,88.7959976196289,244.880004882812
2024-12-17,593.651245117188,88.7959976196289,243.940002441406
2024-12-18,575.958435058594,88.1096878051758,239.259994506836
2024-12-19,575.781555175781,87.7104263305664,239.600006103516
2024-12-20,582.697326660156,88.0336227416992,242.100006103516
2024-12-23,586.186584472656,87.6438751220703,240.960006713867
2024-12-24,592.702087402344,87.69140625,241.440002441406
2024-12-26,592.741577148438,87.7579650878906,243.070007324219
2024-12-27,586.502075195312,87.5298080444336,241.399993896484
2024-12-30,579.809143066406,88.0431213378906,240.630004882812
2024-12-31,577.699768066406,87.8815307617188,242.130004882812
2025-01-02,576.280334472656,87.929069519043,245.419998168945
2025-01-03,583.48583984375,87.7864532470703,243.490005493164
2025-01-06,586.847045898438,87.7009201049805,243.190002441406
2025-01-07,580.213317871094,87.3016662597656,244.559997558594
2025-01-08,581.060974121094,87.4537658691406,245.860000610352
2025-01-10,572.189575195312,86.8168792724609,248.210006713867
2025-01-13,573.076843261719,86.6647567749023,245.740005493164
2025-01-14,573.865295410156,86.6933059692383,247.029998779297
2025-01-15,584.303955078125,87.6058578491211,248.880004882812
2025-01-16,583.180236816406,87.8149795532227,250.600006103516
2025-01-17,589.035400390625,87.8815307617188,249.270004272461
2025-01-21,594.427062988281,88.1762161254883,253.130004882812
2025-01-22,597.768615722656,87.9480743408203,254.429992675781
2025-01-23,601.03125,87.7199325561523,254.070007324219
2025-01-24,599.276733398438,87.9005355834961,255.649993896484
2025-01-27,590.799682617188,88.4709014892578,252.990005493164
2025-01-28,595.876159667969,88.4804077148438,255.179992675781
2025-01-29,593.204833984375,88.375846862793,254.199996948242
2025-01-30,596.388610839844,88.5659561157227,258.049987792969
2025-01-31,593.214660644531,88.4233474731445,258.559997558594
2025-02-03,589.222534179688,88.4863052368164,259.940002441406
2025-02-04,593.17529296875,88.7056198120117,262.5
2025-02-05,595.580322265625,89.2205963134766,264.130004882812
2025-02-06,597.650390625,89.1156845092773,263.429992675781
2025-02-07,592.179809570312,88.8200836181641,263.899993896484
2025-02-10,596.201293945312,88.8009948730469,268.369995117188
2025-02-11,596.65478515625,88.5721206665039,267.390014648438
2025-02-12,594.732666015625,87.9618072509766,267.670013427734
2025-02-13,601.011535644531,88.6198043823242,270.309997558594
2025-02-14,600.981994628906,88.9917221069336,266.290008544922
2025-02-18,602.746337890625,88.5149078369141,270.700012207031
2025-02-19,604.165893554688,88.657958984375,270.850006103516
2025-02-20,601.652282714844,88.8391265869141,270.989990234375
2025-02-21,591.361511230469,89.363639831543,270.739990234375
2025-02-24,588.670654296875,89.5543594360352,272.209991455078
2025-02-25,585.743103027344,90.2600402832031,268.619995117188
2025-02-26,586.038696289062,90.5079879760742,269.029998779297
2025-02-27,576.684448242188,90.4030914306641,264.929992675781
2025-02-28,585.683959960938,90.8989639282227,263.269989013672
2025-03-03,575.422729492188,91.2289123535156,266.739990234375
2025-03-04,568.611633300781,90.942008972168,269.059997558594
2025-03-05,574.722900390625,90.4351196289062,269.619995117188
2025-03-06,564.52099609375,90.3872985839844,268.25
2025-03-07,567.68505859375,90.2725372314453,268.390014648438
2025-03-10,552.564453125,90.9037475585938,266.040008544922
2025-03-11,547.970947265625,90.5785675048828,269.160003662109
2025-03-12,550.878784179688,90.3107986450195,270.329986572266
2025-03-13,543.535339355469,90.674201965332,275.130004882812
2025-03-14,554.762451171875,90.3586120605469,275.239990234375
2025-03-17,559.040344238281,90.4351196289062,276.730010986328
2025-03-18,552.998107910156,90.5403213500977,279.959991455078
2025-03-19,559.020629882812,90.8176803588867,281.109985351562
2025-03-20,557.404174804688,90.9515609741211,280.75
2025-03-21,557.588012695312,90.8750610351562,278.489990234375
2025-03-24,567.573669433594,90.3490371704102,277.25
2025-03-25,568.937927246094,90.502067565918,278.470001220703
2025-03-26,562.145812988281,90.2916564941406,278.239990234375
2025-03-27,560.652954101562,90.2151489257812,281.970001220703
2025-03-28,549.362365722656,90.942008972168,284.059997558594
2025-03-31,553.050109863281,91.2097854614258,288.140014648438
2025-04-01,554.612182617188,91.5302352905273,287.570007324219
2025-04-02,558.121948242188,91.4438705444336,288.160003662109
2025-04-03,530.617309570312,92.3841323852539,286.420013427734
2025-04-04,499.553344726562,92.643180847168,279.720001220703
2025-04-07,498.66357421875,91.5398330688477,273.709991455078
2025-04-08,490.853088378906,91.0792999267578,275.200012207031
2025-04-09,542.402160644531,90.7914810180664,285.380004882812
2025-04-10,518.634582519531,90.2254257202148,292.350006103516
2025-04-11,527.888427734375,89.7169036865234,297.929992675781
2025-04-14,533.009765625,90.4364776611328,296.230010986328
2025-04-15,531.516906738281,90.7051239013672,297.779998779297
2025-04-16,519.702270507812,91.0984954833984,307.470001220703
2025-04-17,520.44384765625,90.8394470214844,306.119995117188
2025-04-21,508.055908203125,90.3501434326172,315.589996337891
2025-04-22,521.274353027344,90.4173049926758,311.109985351562
2025-04-23,529.351745605469,90.5132293701172,303.649993896484
2025-04-24,540.494079589844,91.0025405883789,308.070007324219
2025-04-25,544.399230957031,91.3479385375977,304.730010986328
2025-04-28,544.606811523438,91.712516784668,309.070007324219
2025-04-29,548.037536621094,92.0291290283203,306.059997558594
2025-04-30,548.255004882812,92.1730499267578,303.769989013672
2025-05-01,552.140441894531,91.7716751098633,297.459991455078
2025-05-02,560.336547851562,91.1556243896484,297.980010986328
2025-05-05,557.123413085938,90.9919815063477,306.880004882812
2025-05-06,552.466674804688,91.2229919433594,315.480010986328
2025-05-07,554.790161132812,91.4636535644531,310.75
2025-05-08,558.655822753906,90.751335144043,304.630004882812
2025-05-09,557.944030761719,90.818717956543,306.839996337891
2025-05-12,576.382629394531,90.2411804199219,298.190002441406
2025-05-13,580.189025878906,90.1737976074219,299.459991455078
2025-05-14,580.930480957031,89.8369064331055,293.160003662109
2025-05-15,583.767944335938,90.424072265625,297.839996337891
2025-05-16,587.465576171875,90.4529418945312,294.239990234375
2025-05-19,588.108154296875,90.4048080444336,298.029998779297
2025-05-20,586.130859375,90.2892990112305,303.579986572266
2025-05-21,576.254089355469,89.6636276245117,305.820007324219
2025-05-22,576.481506347656,90.0005340576172,303.109985351562
2025-05-23,572.546508789062,90.2604293823242,309.75
2025-05-27,584.450134277344,90.6358413696289,304.5
2025-05-28,581.06884765625,90.3855667114258,303.809997558594
2025-05-29,583.362609863281,90.7609634399414,305.609985351562
2025-05-30,582.710021972656,91.0304794311523,303.600006103516
2025-06-02,585.992492675781,90.7214508056641,311.670013427734
2025-06-03,589.334106445312,90.6345367431641,308.910003662109
2025-06-04,589.175964355469,91.300895690918,310.899993896484
2025-06-05,586.328552246094,91.0304794311523,309.329986572266
2025-06-06,592.349548339844,90.3061828613281,305.179992675781
2025-06-09,592.883422851562,90.4703598022461,306.619995117188
2025-06-10,596.244934082031,90.6248779296875,306.709991455078
2025-06-11,594.544372558594,91.0015106201172,308.369995117188
2025-06-12,596.907287597656,91.3974761962891,312.200012207031
2025-06-13,590.23388671875,91.0594635009766,316.290008544922
2025-06-16,595.849426269531,90.798713684082,311.779998779297
2025-06-17,590.757873535156,91.2429656982422,311.940002441406
2025-06-18,590.668823242188,91.300895690918,310.260009765625
2025-06-20,589.281677246094,91.3588256835938,310.130004882812
2025-06-23,595.102172851562,91.6775360107422,311.079986572266
2025-06-24,601.676452636719,91.996223449707,306.190002441406
2025-06-25,602.013549804688,92.0348510742188,307.119995117188
2025-06-26,606.723693847656,92.3632125854492,306.779998779297
2025-06-27,609.738098144531,92.1217727661133,301.220001220703
2025-06-30,612.6533203125,92.4887466430664,304.829986572266
2025-07-01,612.455078125,92.317268371582,307.549987792969
2025-07-02,615.231506347656,92.1235198974609,309.25
2025-07-03,620.080444335938,91.8038024902344,307.140014648438
2025-07-07,615.459533691406,91.5131607055664,307.369995117188
2025-07-08,615.122436523438,91.3775253295898,304.160003662109
2025-07-09,618.811096191406,91.8522415161133,305.519989013672
2025-07-10,620.556274414062,91.8038024902344,306.200012207031
2025-07-11,618.374816894531,91.3775253295898,309.140014648438
2025-07-14,619.554809570312,91.3387832641602,308.010009765625
2025-07-15,616.907287597656,90.9803237915039,306.730010986328
2025-07-16,618.9697265625,91.2322235107422,308.260009765625
2025-07-17,622.757629394531,91.2031478881836,307.589996337891
2025-07-18,622.301513671875,91.4550399780273,308.390014648438
2025-07-21,623.481506347656,91.7747421264648,313.130004882812
2025-07-22,623.570739746094,92.0363159179688,316.100006103516
2025-07-23,628.875732421875,91.706916809082,312.179992675781
2025-07-24,629.083984375,91.5712814331055,310.269989013672
2025-07-25,631.741394042969,91.784423828125,307.399993896484
2025-07-28,631.582824707031,91.5809783935547,305.410003662109
2025-07-29,629.916931152344,92.1816482543945,306.25
2025-07-30,629.123657226562,91.861946105957,300.959991455078
2025-07-31,626.763671875,91.9394454956055,302.959991455078
2025-08-01,616.490783691406,92.9979019165039,309.109985351562
2025-08-04,625.861267089844,93.1242752075195,310.910003662109
2025-08-05,622.688232421875,93.0562438964844,311.160003662109
2025-08-06,627.457824707031,92.9881896972656,310.5
2025-08-07,626.932250976562,92.9201583862305,313.119995117188
2025-08-08,631.82080078125,92.7063140869141,313.049987792969
2025-08-11,630.571350097656,92.7355041503906,308.549987792969
2025-08-12,637.284423828125,92.7160415649414,308.269989013672
2025-08-13,639.465942382812,93.0465240478516,309.209991455078
2025-08-14,639.525451660156,92.7452011108398,307.25
2025-08-15,638.028137207031,92.5605316162109,307.429992675781
2025-08-18,637.889343261719,92.4730453491211,306.950012207031
2025-08-19,634.428649902344,92.7063140869141,305.269989013672
2025-08-20,632.742919921875,92.8424072265625,308.359985351562
2025-08-21,630.204467773438,92.5702362060547,307.290008544922
2025-08-22,639.882385253906,93.0853881835938,310.579986572266
2025-08-25,637.066223144531,92.9007186889648,309.829986572266
2025-08-26,639.733642578125,93.1437072753906,312.079986572266
2025-08-27,641.191284179688,93.3186645507812,312.709991455078
2025-08-28,643.462036132812,93.5324859619141,315.029998779297
2025-08-29,639.624572753906,93.4547424316406,318.070007324219
2025-09-02,634.884765625,93.1758499145508,325.589996337891
2025-09-03,638.325561523438,93.4976501464844,328.140014648438
2025-09-04,643.660400390625,93.9169616699219,326.690002441406
2025-09-05,641.796081542969,94.3752746582031,331.049987792969
2025-09-08,643.372863769531,94.6678237915039,334.820007324219
2025-09-09,644.860168457031,94.4435424804688,334.059997558594
2025-09-10,646.724365234375,94.6970901489258,335.260009765625
2025-09-11,652.098754882812,94.8433532714844,334.760009765625
2025-09-12,651.880554199219,94.5703277587891,335.420013427734
2025-09-15,655.351196289062,94.7263336181641,338.910003662109
2025-09-16,654.448852539062,94.7848587036133,339.589996337891
2025-09-17,653.6357421875,94.5800704956055,336.970001220703
2025-09-18,656.689819335938,94.2680130004883,335.619995117188
2025-09-19,659.942321777344,94.2290115356445,339.179992675781
2025-09-22,663.064514160156,94.0729904174805,345.049987792969
2025-09-23,659.455139160156,94.3362731933594,346.459991455078
2025-09-24,657.356994628906,94.0827331542969,343.320007324219
2025-09-25,654.324279785156,93.8779525756836,344.75
2025-09-26,658.072998046875,93.8292007446289,346.739990234375
2025-09-29,659.922424316406,94.1022415161133,352.459991455078
2025-09-30,662.408264160156,94.0632400512695,355.470001220703
2025-10-01,664.665466308594,94.3801498413086,356.029998779297
2025-10-02,665.430969238281,94.4779586791992,354.790008544922
2025-10-03,665.421142578125,94.292121887207,357.640014648438
2025-10-06,667.807495117188,94.0182495117188,364.380004882812
2025-10-07,665.331604003906,94.2530059814453,366.260009765625
2025-10-08,669.299011230469,94.2725448608398,372.299987792969
2025-10-09,667.360046386719,94.2040863037109,365.429992675781
2025-10-10,649.32275390625,94.7909698486328,369.119995117188
2025-10-13,659.286010742188,94.8398895263672,378.089996337891
2025-10-14,658.480590820312,95.0844116210938,380.790008544922
2025-10-15,661.403991699219,94.9768142700195,387.390014648438
2025-10-16,656.899658203125,95.4169845581055,396.450012207031
2025-10-17,660.62841796875,95.2604675292969,388.989990234375
2025-10-20,667.499267578125,95.3876266479492,403.149993896484
2025-10-21,667.4892578125,95.5636825561523,377.239990234375
2025-10-22,664.019104003906,95.583251953125,377.279998779297
2025-10-23,667.956665039062,95.2702560424805,378.790008544922
2025-10-24,673.415588378906,95.358268737793,377.519989013672
2025-10-27,681.3603515625,95.358268737793,367.010009765625
2025-10-28,683.170043945312,95.4463272094727,364.380004882812
2025-10-29,683.498168945312,94.8300857543945,363
2025-10-30,675.98095703125,94.6931533813477,370.130004882812
2025-10-31,678.198364257812,94.7322845458984,368.119995117188
2025-11-03,679.471130371094,94.687141418457,368.779998779297
2025-11-04,671.4169921875,94.8049011230469,362.320007324219
2025-11-05,673.743713378906,94.3535308837891,366.510009765625
2025-11-06,666.514892578125,94.8343353271484,366.070007324219
2025-11-07,667.171081542969,94.8735809326172,368.309997558594
2025-11-10,677.581909179688,94.7460174560547,378.380004882812
2025-11-11,679.132995605469,95.0403823852539,379.869995117188
2025-11-12,679.510864257812,95.0599975585938,385.989990234375
2025-11-13,668.235046386719,94.7852630615234,382.869995117188
2025-11-14,668.125732421875,94.6282653808594,375.959991455078
2025-11-17,661.901123046875,94.7362060546875,371.649993896484
2025-11-18,656.342834472656,94.893196105957,374.350006103516
2025-11-19,658.87841796875,94.8245010375977,374.959991455078
2025-11-20,648.835571289062,95.0501937866211,374.850006103516
2025-11-21,655.298767089844,95.3641815185547,374.269989013672
2025-11-24,664.943786621094,95.5113525390625,380.200012207031
2025-11-25,671.198181152344,95.7566757202148,380.079986572266
2025-11-26,675.831848144531,95.8351593017578,383.119995117188
2025-11-28,679.520812988281,95.6683578491211,387.880004882812
2025-12-01,676.418518066406,95.1546478271484,389.75
2025-12-02,677.67138671875,95.2333679199219,387.239990234375
2025-12-03,680.018005371094,95.4301986694336,386.880004882812
2025-12-04,680.51513671875,95.1349639892578,387.130004882812
2025-12-05,681.807800292969,94.9381408691406,386.440002441406
2025-12-08,679.759460449219,94.7413177490234,385.420013427734
2025-12-09,679.172729492188,94.6035385131836,387.399993896484
2025-12-10,683.677185058594,94.9086151123047,389.049987792969
2025-12-11,685.26806640625,94.91845703125,393.239990234375
2025-12-12,677.900024414062,94.6625823974609,395.440002441406
2025-12-15,676.875854492188,94.7413177490234,395.799987792969
2025-12-16,675.026428222656,95.0070266723633,395.890014648438
2025-12-17,667.598693847656,94.9873428344727,399.290008544922
2025-12-18,672.639953613281,95.2333679199219,398.570007324219
2025-12-19,678.736389160156,95.0191268920898,399.019989013672
2025-12-22,682.96484375,94.9203948974609,408.230010986328
2025-12-23,686.086303710938,94.8809051513672,413.640014648438
2025-12-24,688.499694824219,95.1277313232422,411.929992675781
2025-12-26,688.429870605469,95.2165985107422,416.739990234375
2025-12-29,685.9765625,95.3548126220703,398.600006103516
2025-12-30,685.138916015625,95.2560882568359,398.890014648438
