"Date","SPY","IEF","GLD"
2015-01-05,-0.0180596826171331,0.00610133064450458,0.0150771493083441
2015-01-06,-0.00941883494792806,0.00671742313323564,0.011398960794794
2015-01-07,0.0124612257995553,-0.000185158117943285,-0.00589141414980154
2015-01-08,0.0177449321401286,-0.00407877868652673,-0.00420851895976693
2015-01-09,-0.00801337363943122,0.00493349449683156,0.0113851963690539
2015-01-12,-0.00783363798683645,0.00351962760584912,0.0110864352607951
2015-01-13,-0.00281249156129604,0.000921673419298941,-0.0033737677523763
2015-01-14,-0.00603720082061043,0.00461117764727392,-0.00160800977925946
2015-01-15,-0.00916066148886574,0.00853610133603477,0.0251759022630389
2015-01-16,0.0131143819555621,-0.00737194163500132,0.0130642812118802
2015-01-20,0.00213239821556943,0.00229248158838935,0.013712049879256
2015-01-21,0.00504795870810337,-0.00475642178846047,0.000241597499430757
2015-01-22,0.0148710220889181,-0.00248251673235567,0.00804958522883426
2015-01-23,-0.00548290510113048,0.00654223402733445,-0.00798530682100018
2015-01-26,0.00234198037349609,-0.00228837533521409,-0.0099815299014463
2015-01-27,-0.0131906490521126,0.00137601242559704,0.0114643766696443
2015-01-28,-0.012824404420555,0.00769709402618779,-0.00787784039319428
2015-01-29,0.00924379364156547,-0.00354617581969197,-0.0215523907971042
2015-01-30,-0.0125751930538468,0.00876010618842149,0.0222755445878298
2015-02-02,0.0123844800964623,-0.00125066472337632,-0.00834344920825592
2015-02-03,0.0144610499472724,-0.00843685756769152,-0.0111909421473471
2015-02-04,-0.00380803132561192,0.00164675914449841,0.00437834585654984
2015-02-05,0.0100950269969384,-0.00365354779166893,0.00172725021639497
2015-02-06,-0.00276541196914626,-0.011184676424182,-0.0258642047967783
2015-02-09,-0.00447577875018645,-0.000463257792567395,0.00446728575542488
2015-02-10,0.0106536232610928,-0.0025049130991337,-0.00587393604932029
2015-02-11,0.000580085317356094,-0.000371490574974542,-0.0118173504807421
2015-02-12,0.00961692400541825,0.000371628631508525,0.00230628379406173
2015-02-13,0.0041161587186993,-0.00334733039406543,0.00545429554301369
2015-02-17,0.00157315523154122,-0.00709015761803466,-0.0166977552521677
2015-02-18,9.54108938544529e-05,0.00479150124075223,0.00284453232983717
2015-02-19,-0.000714198154080026,-0.00252406348948242,-0.00343814602953296
2015-02-20,0.00600091977599848,-0.000563026155882884,-0.00569263108686358
2015-02-23,-0.000142089054512295,0.00459621289619827,0.001301192986358
2015-02-24,0.00284052742856722,0.0066302593979044,-0.00147273818328464
2015-02-25,-0.000849631418979424,0.000927666787685633,0.00381741110408762
2015-02-26,-0.00118145822765858,-0.00593082079365526,0.003197949493011
2015-02-27,-0.00340604917820631,0.00354229460319289,0.000775428340842987
2015-03-02,0.00631321469189361,-0.00744400847011517,-0.0041322601739
2015-03-03,-0.00410400699987878,-0.00215659732182771,-0.00181534477799961
2015-03-04,-0.00421543738010255,0.000751586271366733,-0.00311769816008667
2015-03-05,0.00109432031454793,0.000563702307178726,-0.000955612976880738
2015-03-06,-0.0140646706427419,-0.010227056335904,-0.0273043425186782
2015-03-09,0.00414468314920136,0.00464493248625142,0.000983377523250395
2015-03-10,-0.0162218427773565,0.00424561762782316,-0.00491205720962606
2015-03-11,-0.00234204541869554,0.00178567901960336,-0.00601326673806879
2015-03-12,0.0127142161574447,0.000937827656287915,-0.000270869339024871
2015-03-13,-0.00613241216663885,-0.00149941147549948,0.00144505085757785
2015-03-16,0.0133607304113008,0.00347232065571212,-0.000631310394642259
2015-03-17,-0.00297254289074567,0.00205736767198172,-0.00541466011497516
2015-03-18,0.012021663873979,0.0114791922020869,0.0195989808552073
2015-03-19,-0.0045615124368884,-0.00470517940469606,-0.000711950067629918
2015-03-20,0.00882666583407787,0.00407869588312093,0.0113990450517487
2015-03-23,-0.00194855249514314,0.00129254441067972,0.00633971315169246
2015-03-24,-0.00561895457064465,0.00304311372247112,0.00244989742806934
2015-03-25,-0.0146539565392761,-0.00432084080876849,0.00139655810889594
2015-03-26,-0.0023813707484579,-0.00563177485753785,0.00653708688272836
2015-03-27,0.00228964991912606,0.00389932255431802,-0.00363704352381955
2015-03-30,0.0121998266936838,-9.25901981340127e-05,-0.0113853431808644
2015-03-31,-0.00873915643102419,0.00259050490023038,-0.000791176596843912
2015-04-01,-0.00353655781911133,0.00475895023671136,0.0170684035677076
2015-04-02,0.00359762110949524,-0.00285110995889326,-0.00276816348657327
2015-04-06,0.00673316544255442,0.00129103859333002,0.0122311214177615
2015-04-07,-0.00264635631078736,0.000828774086865547,-0.00497045007214936
2015-04-08,0.00337701057572448,-0.000919897912891821,-0.00551200918340145
2015-04-09,0.00442314163005131,-0.00405361540737104,-0.00692823281632182
2015-04-10,0.00545746952230464,-0.000277618579698102,0.0113369065362912
2015-04-13,-0.00452307500980786,0.00203535124619414,-0.00715703908181753
2015-04-14,0.00191321657343146,0.00295507917357352,-0.00607952885142138
2015-04-15,0.00448687801395264,0.000552450443002339,0.00865080253975781
2015-04-16,-0.000285050413386334,0.000736343561614117,-0.00346531685715545
2015-04-17,-0.0115033633767945,0.00202217600065691,0.00495522647024993
2015-04-20,0.00913671463578214,-0.00183503082715553,-0.00761243308852633
2015-04-21,-0.00119125478428928,-0.00211404387854619,0.00575310343176572
2015-04-22,0.00491387933742815,-0.00580357022433264,-0.0134338313335077
2015-04-23,0.00251642534703556,0.00305737076424584,0.0072915911245075
2015-04-24,0.00232029788072574,0.00351006082488414,-0.0140415189161821
2015-04-27,-0.00415759423748707,-0.00156456374970504,0.0201680558845554
2015-04-28,0.00317897211813367,-0.00461051526488021,0.00867077069386402
2015-04-29,-0.00411487431939395,-0.00370455621720112,-0.00704890984198447
2015-04-30,-0.0100200465394722,-0.00027921965140032,-0.0176608161873382
2015-05-01,0.0108411762661282,-0.00546731704802117,-0.00343702639862875
2015-05-04,0.00284710284695411,-0.0020597465219423,0.00902013288423809
2015-05-05,-0.011451911355848,-0.0016892991845705,0.00280455476865393
2015-05-06,-0.0041166132270597,-0.00488802818778711,-0.000524362520128774
2015-05-07,0.00398964357373588,0.00425048376065695,-0.0082196785273706
2015-05-08,0.0131661639124974,0.00385737202390435,0.00484925992450402
2015-05-11,-0.00477283897324199,-0.00983942254542514,-0.00386068646743221
2015-05-12,-0.00299116802834243,0.00075681600148525,0.0085440080254795
2015-05-13,0.000190702905754625,-0.0013239332780397,0.0179039567839125
2015-05-14,0.0104275297686127,0.00340908440757559,0.00540538169817317
2015-05-15,0.00108370035827399,0.0071719729395392,0.00298684479612121
2015-05-18,0.00310700941773678,-0.00674579571388922,-8.51028361685824e-05
2015-05-19,-0.000328908406283634,-0.00443421555229917,-0.0138699566029487
2015-05-20,-0.000704014631380367,0.00217979655663081,0.00163950679444014
2015-05-21,0.0029124827372955,0.00595601773767607,-0.00335974658422744
2015-05-22,-0.00238903295887805,-0.0022556036996082,-0.00077797532531465
2015-05-26,-0.0107515037403966,0.00621716261491745,-0.0146193324768107
2015-05-27,0.00949211565877328,-0.000561455573116931,-0.000175614711771521
2015-05-28,-0.00112811928518497,0.000936497970449368,0.00114142816853691
2015-05-29,-0.00621282913515198,0.000561336577502569,0.000701647372481906
2015-06-01,0.00203642543047078,-0.00441160814419328,-0.000876410827855278
2015-06-02,-0.000992560564361367,-0.00696323311839186,0.0040350796883597
2015-06-03,0.0026494579190699,-0.00852755780867265,-0.00716407217703918
2015-06-04,-0.00844637508292967,0.00487339531029174,-0.00703980161962126
2015-06-05,-0.00171318005064269,-0.00722712312473006,-0.00531725003184458
2015-06-08,-0.00614943754984287,0.00143609311088255,0.00294014466620474
2015-06-09,-0.000144562110985236,-0.00325126444784085,0.0022208403720152
2015-06-10,0.0119934380608304,-0.00383896032538911,0.00850912149503436
2015-06-11,0.00322365105264311,0.00789939573170706,-0.00457019378314161
2015-06-12,-0.00765514589658656,-0.000573937223303345,-0.000264866490642612
2015-06-15,-0.00428526832342679,0.00239161516473962,0.00441579073722931
2015-06-16,0.00545154840518935,0.00381624750175713,-0.00360506154935414
2015-06-17,0.00161736642178978,0.000570071276482453,0.00467701006639865
2015-06-18,0.0103990451187954,-0.000759507921685332,0.0129117368502834
2015-06-19,-0.00443896885506045,0.0053238340411248,-0.00173427808507853
2015-06-22,0.00512310280106942,-0.00841649350066354,-0.0128561789578132
2015-06-23,0.000707735850062008,-0.00305213686697658,-0.00659978884220513
2015-06-24,-0.00726244146583721,0.00296561185872446,-0.00265748120629816
2015-06-25,-0.00304059518033106,-0.00247928622986493,-0.00133221335255096
2015-06-26,-0.000190671152889843,-0.00478064587793914,0.00106719241001918
2015-06-29,-0.0209702575447597,0.0116250602122223,0.00453093592121401
2015-06-30,0.00209339582802914,-0.00275449713771203,-0.00619082824914918
2015-07-01,0.00801529543792778,-0.00522640109042527,-0.00347067171055893
2015-07-02,-0.000915461051555266,0.0035475942660983,-0.00196464738443303
2015-07-06,-0.00284593622848639,0.00706927130341617,0.00268428253963648
2015-07-07,0.00628846621190271,0.00265604298627453,-0.0116008874771237
2015-07-08,-0.0167771553453508,0.00397433796194102,0.00297936254330433
2015-07-09,0.00180842042749063,-0.0069741620352779,0.00243050032731817
2015-07-10,0.0125920808159654,-0.00692771442588602,0.00116736038708232
2015-07-13,0.0110374450492308,-0.00267577283598464,-0.00448470723455352
2015-07-14,0.00433788851657568,0.00316228972528099,-0.00225245521949513
2015-07-15,-0.000332115863989513,0.00382066634254752,-0.00523744096847911
2015-07-16,0.00802396050382637,-0.000380695643170559,-0.00363109579322385
2015-07-17,0.000848073004961369,9.54413617344496e-05,-0.0101129791248847
2015-07-20,0.000517794270294969,-0.00199954614195796,-0.0271514453401489
2015-07-21,-0.00395155843938833,0.00276622353410105,-0.00312198875295699
2015-07-22,-0.00179443274976443,0.0012361644159653,-0.00540950631077497
2015-07-23,-0.00562995732514804,0.00408488234529214,-0.00448474434176183
2015-07-24,-0.0103721094808117,0.000946522577339071,0.00977663783345561
2015-07-27,-0.00581718642764351,0.003307859791851,-0.00465114258059873
2015-07-28,0.0122828654552125,-0.00282633968098256,0.00152580613944986
2015-07-29,0.00687927425688262,-0.00141712936766569,0.00142831394661735
2015-07-30,0.0002373098965891,0.00113549620513242,-0.00855758811018748
2015-07-31,-0.00151781687901986,0.00585879097286202,0.00632975624205012
2015-08-03,-0.00337334184928817,0.00304828571465121,-0.00791005268885014
2015-08-04,-0.00195424870497152,-0.00515852061319955,0.00201728230116371
2015-08-05,0.0032956589037958,-0.00386656473395142,-0.00364296100385353
2015-08-06,-0.00818796882584538,0.00350261651743855,0.00442604717715067
2015-08-07,-0.0019199172069132,0.00396181569875265,0.00249068050341217
2015-08-10,0.0125993714666923,-0.00413457247769533,0.0102245549854043
2015-08-11,-0.00902330767576121,0.00660512947045788,0.00510784061002512
2015-08-12,0.00119822847295947,-0.000374863199480102,0.0140221892886823
2015-08-13,-0.00124450194975934,-0.00262548119269257,-0.00825985512434335
2015-08-14,0.00364253659683555,-0.00103404345736513,-9.36003759487436e-05
2015-08-17,0.00558649429766245,0.00178778277234315,0.00262048463542852
2015-08-18,-0.00289635574769065,-0.00159660140141249,-0.000186657738996177
2015-08-19,-0.00790554793229903,0.00611568712171784,0.0134441455811813
2015-08-20,-0.0208818500593078,0.00271168112981246,0.017411325071514
2015-08-21,-0.0301020148348295,0.00401047215531425,0.00624768921368024
2015-08-24,-0.0421068162843174,0.00167242750058327,-0.00539906855889483
2015-08-25,-0.0117679550613269,-0.00547201332541591,-0.0123947808949456
2015-08-26,0.0383939900617427,-0.00615393076289739,-0.0136497383948074
2015-08-27,0.024734959444235,-0.000563648759722146,0.000557306482859232
2015-08-28,5.02010469467518e-05,0.000187776394193762,0.0090039316911017
2015-08-31,-0.00807921474114326,-0.00168894188291679,0.00110398114030441
2015-09-01,-0.0298475581516416,0.00449143055807033,0.00349197991622563
2015-09-02,0.0189808832799319,-0.00271838189997065,-0.00531130236143595
2015-09-03,0.000716417430810745,0.00244374413064841,-0.00718105679403103
2015-09-04,-0.0151367742679855,0.00309441442393865,-0.00324553492216706
2015-09-08,0.0251311542598538,-0.00439334826574411,0.000279084378939309
2015-09-09,-0.0133717849973801,0.000375306181003232,-0.0129278221079412
2015-09-10,0.00544200984191656,-0.00225226494620945,0.00235560168161553
2015-09-11,0.00454423437563989,0.00263409023528904,-0.00206799771563182
2015-09-14,-0.0037105959686099,0.000937969944796224,0.000565161610063258
2015-09-15,0.012499717113531,-0.00787385204765989,-0.00301261241900286
2015-09-16,0.00866623085781981,-0.00028348652555954,0.0133144099376659
2015-09-17,-0.00224759245796446,0.00831671183935789,0.0102507327233361
2015-09-18,-0.0163418289347277,0.00468646797577166,0.00737935057042716
2015-09-21,0.00516747583370014,-0.00569057531724526,-0.00622653887809321
2015-09-22,-0.0129795159474529,0.00497209489435235,-0.00681837162160881
2015-09-23,-0.00159847023364434,-0.00112013988547133,0.00398924113112287
2015-09-24,-0.00361610526045997,0.00149570763681783,0.0209757588011628
2015-09-25,-0.000259082698500723,-0.00261301429172123,-0.00615440599441774
2015-09-28,-0.0250970422923679,0.00570770431333067,-0.0126582225712856
2015-09-29,0.000585250885623445,0.00344256443837332,-0.00405824404576516
2015-09-30,0.0186580909681018,0.000185438872748023,-0.0103723162785962
2015-10-01,0.00260922857412904,0.000779686491328979,-0.00121651930259681
2015-10-02,0.014937672110364,0.00482384864693808,0.0211748752530061
2015-10-05,0.0177946362964976,-0.00553853065771726,-0.0020185450501522
2015-10-06,-0.00342644995737595,0.00204143746358176,0.0100211823198166
2015-10-07,0.00819080671030825,-0.00250094794644951,-0.00145643237958371
2015-10-08,0.00902667494553633,-0.00260090334593732,-0.00510480924496493
2015-10-09,0.000596587411697991,0.000558982768435801,0.0158512311399013
2015-10-12,0.000943326958497082,0.00335067278974988,0.00396856499604947
2015-10-13,-0.00630193411549795,0.000927200664039285,0.00494118285707867
2015-10-14,-0.00479403810037393,0.00546788997074654,0.0174324775398003
2015-10-15,0.0153546241019007,-0.00341014463209766,-0.00456898914174286
2015-10-16,0.00454657270894909,-0.000832601337617977,-0.00706155040420131
2015-10-19,0.000491820019066669,-0.000462882067925441,-0.00417816009982686
2015-10-20,-0.00127863923282034,-0.00342660906753744,0.00633821402557566
2015-10-21,-0.00620297819131366,0.00343839108962296,-0.00887075286278249
2015-10-22,0.0168932253188454,0.00101915245383299,-0.000358014090451775
2015-10-23,0.0109621633635029,-0.00564355906824099,-0.0017011588974194
2015-10-26,-0.00245794942641508,0.00260543941035341,-0.000627799953578534
2015-10-27,-0.00193226975591443,0.00250498097617968,0.00224356097384293
2015-10-28,0.0113746888648505,-0.00518381368276188,-0.00805875289594959
2015-10-29,-0.000574488320808086,-0.00614060393028171,-0.00956849223934186
2015-10-30,-0.00430983467574786,0.00196556699636541,-0.00382790889785145
2015-11-02,0.0118313799960679,-0.00287280892183772,-0.00649594413580012
2015-11-03,0.00289921949468619,-0.00262771185264088,-0.0148263471337388
2015-11-04,-0.00303319411899783,-0.00103579122047059,-0.00944103668478291
2015-11-05,-0.000998486385803798,-0.000659137024373813,-0.00311410613620455
2015-11-06,-0.000523333673525972,-0.0067864811359003,-0.0145778201857687
2015-11-09,-0.00933182003561639,-0.00170807558710973,0.0028818737382843
2015-11-10,0.00230712568882008,0.00190100701050278,-0.00210729135524468
2015-11-11,-0.00393150195286429,-0.000474029348408678,-0.0033595553186383
2015-11-12,-0.0139599016160498,0.000569214983790811,0.000192590221644418
2015-11-13,-0.0112283505767422,0.00379489797152366,-0.00279249802395765
2015-11-16,0.0152069565267283,0.00132394582399398,0.00144845045785291
2015-11-17,-0.000729607638724761,-0.000283542400662418,-0.0132099388552315
2015-11-18,0.0158659914481423,-0.000472522364129202,0.000879460333258475
2015-11-19,-0.000862118842589132,0.00217282446201517,0.011031897393843
2015-11-20,0.00364424314947231,-0.00131941658432966,-0.00453844372135181
2015-11-23,-0.00114700032518444,0.00132115974440694,-0.00805116142346707
2015-11-24,0.00133958787043298,0.000942713456611344,0.00664971925455382
2015-11-25,-0.000143477772827194,0.000565295391165233,-0.00466294293325098
2015-11-27,0.00114668551752706,0.00103525924692716,-0.0118094777989937
2015-11-30,-0.00415183317170342,0.000376019062042765,0.00661726586612343
2015-12-01,0.00953559787430458,0.00531846108653622,0.00353218815560874
2015-12-02,-0.0102049365795615,-0.00280931433665543,-0.0155455255853293
2015-12-03,-0.0140029910924757,-0.0105161334824416,0.0106266726475319
2015-12-04,0.0195034997449199,0.00370062576995367,0.0222090650490598
2015-12-07,-0.0060588492240955,0.00321493204317935,-0.0129782591587018
2015-12-08,-0.00671908026340495,0.000565116657068154,0.00165577259158289
2015-12-09,-0.00777999682864472,0.00150670170348133,-0.00194473896698599
2015-12-10,0.00258112068306748,-0.00216285760137147,-0.000876815456207769
2015-12-11,-0.0193813866248467,0.00801151420626023,0.0054607268837561
2015-12-14,0.00505272486780362,-0.00738734197571089,-0.0128018590535482
2015-12-15,0.010497778298884,-0.00254255612162813,-0.00265256184332952
2015-12-16,0.0146321968560952,-0.00264426874051693,0.0121158727108568
2015-12-17,-0.0152384517397814,0.00416660923323331,-0.0218978102189781
2015-12-18,-0.0178146301922435,0.00358315708902079,0.0153233921942986
2015-12-21,0.00824877110964284,0.000469574957668861,0.0108780929085928
2015-12-22,0.00907430375061602,-0.00281757598831323,-0.00523510332078403
2015-12-23,0.0123831722847005,-0.00226015733847473,-0.00292372137192765
2015-12-24,-0.00165018352508361,0.00183411651458409,0.00723297342217388
2015-12-28,-0.00228486526035809,0.000188843826155027,-0.00756920315955967
2015-12-29,0.010671669364489,-0.00528399509734445,-0.000684459735227128
2015-12-30,-0.00708760502996542,0.000379348366241761,-0.00763208221710632
2015-12-31,-0.0100036985798612,0.00113761354688258,0.000394408560936421
2016-01-04,-0.0139791417101297,0.00426222875866267,0.0140942274598723
2016-01-05,0.00169131813969869,-0.000282851843729559,0.00281855299104206
2016-01-06,-0.012614023660711,0.0060374537874921,0.0144407623508629
2016-01-07,-0.0239918519883193,0.00215654802132637,0.0141397093992988
2016-01-08,-0.0109765447258345,0.00252583882867885,-0.00442770809182158
2016-01-11,0.000990026924970966,-0.00317319463973231,-0.00889479976051777
2016-01-12,0.00806856219897822,0.00449426618330073,-0.00506013738883537
2016-01-13,-0.0249408734316233,0.0039149556473399,0.0048939846532059
2016-01-14,0.0164169501312672,-0.00204300890770115,-0.0162338097576427
2016-01-15,-0.0214661434580903,0.00465147017459544,0.0102893149148666
2016-01-19,0.00133110841113204,-0.00129619973348616,-0.000960784707549456
2016-01-20,-0.0128152380177127,0.00491395886333224,0.0133679490745593
2016-01-21,0.00560206439135524,-0.00249114833687458,0.00113879770390235
2016-01-22,0.0205151779961554,-0.00221993360232331,-0.00464496988996799
2016-01-25,-0.0151163507975075,0.00333735362491994,0.0102857317243332
2016-01-26,0.01364313812381,0.000738623770931479,0.0114064768437605
2016-01-27,-0.010883611597045,0.000739322810877407,0.00372822744399004
2016-01-28,0.00520943986430589,0.00129168240011879,-0.0106788141870895
2016-01-29,0.0243773728278802,0.00534445381321036,0.00384828260927161
2016-02-01,-0.000361485125156213,-0.00230448001784145,0.0102852373530065
2016-02-02,-0.0180221543075088,0.00708432699424111,0.000370136834830337
2016-02-03,0.00599504515674432,-0.00109629136379508,0.0107318318198737
2016-02-04,0.00156841561994292,0.00237728954535821,0.0120823770693272
2016-02-05,-0.0190503406998402,0.00127702284873865,0.0158270779129062
2016-02-08,-0.0134609994665316,0.00747142930583022,0.0134437512494097
2016-02-09,5.38410685615442e-05,0.000182027710458721,-0.00219625754175989
2016-02-10,-0.000862968422501664,0.0029832684054194,0.00774781862327267
2016-02-11,-0.0130078374425157,0.00459768242421466,0.0401886992042184
2016-02-12,0.020617002548285,-0.00762816542772415,-0.00587936303205039
2016-02-16,0.016878317917868,-0.00298388887753998,-0.030331226332995
2016-02-17,0.0163343871596475,-0.00244890002629472,0.00618634429411147
2016-02-18,-0.00409558038972901,0.0046375024186438,0.0243331960244897
2016-02-19,-0.000468965480945993,0,-0.00600219020185
2016-02-22,0.0144794974393143,-0.000995787021450978,-0.0177751652894854
2016-02-23,-0.0126297471381251,0.00199277550306309,0.0149796812618672
2016-02-24,0.00457572292967545,0,0.00332707204903282
2016-02-25,0.0121123057662731,0.00298378325014315,0.00263580951436304
2016-02-26,-0.00230170175997757,-0.00486786384988369,-0.00686904317478454
2016-02-29,-0.00784250764809014,0.00163012327099832,0.0130646295903165
2016-03-01,0.0235068158359311,-0.00781589088003842,-0.00733313175200434
2016-03-02,0.00449238402442909,-0.0017348250556718,0.00772695667868639
2016-03-03,0.00391982186669204,0.00118939479709979,0.0172733657439046
2016-03-04,0.00325344777449899,-0.00337915607356554,-0.00157377980720552
2016-03-07,0.000798474710643537,-0.0020165301643037,0.00497758809991611
2016-03-08,-0.0109180010985225,0.00578533185123931,-0.00462273040626127
2016-03-09,0.00493959492155183,-0.00392604148584064,-0.00829324916913754
2016-03-10,0.000802589146792654,-0.00357492680971683,0.016056181130166
2016-03-11,0.0161368916649798,-0.002851149226889,-0.0172016159497201
2016-03-14,-0.00128237740287607,0.00073800136833535,-0.0128967495879549
2016-03-15,-0.00162939017997965,-0.000184386400281622,0.000763521980096105
2016-03-16,0.00578722565260104,0.00525562756564657,0.0222956703444412
2016-03-17,0.00634405674271599,0.0011002972096521,-0.00381457084702186
2016-03-18,0.00392948609933708,0.00174100656542087,-0.00274697585286598
2016-03-21,0.00141885342126313,-0.00283515842231119,-0.00701171908085918
2016-03-22,-0.000537129740484144,-0.0021100107063079,0.00294215262957831
2016-03-23,-0.00659950853565539,0.00459619172685422,-0.0226300980931293
2016-03-24,-0.000443149347691518,-0.00100695569552955,-0.00240115579994382
2016-03-28,0.000590744594614279,0.00146532407703237,0.00232095451574144
2016-03-29,0.00925024149141884,0.00676731742045344,0.0185249030049379
2016-03-30,0.00438751563592699,-0.00136249985069903,-0.0139778008778142
2016-03-31,-0.00242674456100989,0.00363866841445715,0.00461145108935535
2016-04-01,0.00681197362319996,-0.000290619185006724,-0.00603535437058567
2016-04-04,-0.00323764286476014,0.00117978181649847,-0.00667064720141342
2016-04-05,-0.00998830084462987,0.00399066186167341,0.0130004486990347
2016-04-06,0.0109215982504081,-0.00216788374243104,-0.00611933705841694
2016-04-07,-0.0119660320885364,0.00516021360194308,0.0142808118187168
2016-04-08,0.00269653790633839,-0.00153114958600431,-0.00151758118413081
2016-04-11,-0.00234720817389611,-0.000180655542781127,0.013510077429689
2016-04-12,0.00931303103366532,-0.00396908831485077,0.000166660607051838
2016-04-13,0.0101009484308332,0.000724330868437484,-0.0106622771857835
2016-04-14,4.81816604027685e-05,-0.00235321709696179,-0.0139765604077829
2016-04-15,-0.00110570719671332,0.00299421188587412,0.006916553277871
2016-04-18,0.00702641093093792,-0.000994831073748981,-0.00152646122769706
2016-04-19,0.00315419207035927,-0.001630607137171,0.0156276881320649
2016-04-20,0.000953113800280736,-0.00507806029394819,-0.00510119251556651
2016-04-21,-0.00537856758911637,-0.00164047096017028,0.00378244047763943
2016-04-22,0,-0.0010955318469823,-0.0128119142752999
2016-04-25,-0.00172322260332236,-0.00109708371935646,0.002884078115585
2016-04-26,0.00148650979021192,-0.00210441747910828,0.00397524805855842
2016-04-27,0.00205830391046558,0.00550152999440168,0.00286439743914446
2016-04-28,-0.00907583652358712,0.00346517413044012,0.0189012095320518
2016-04-29,-0.0053989660228122,-0.000363601020903714,0.0194575034424778
2016-05-02,0.0079486888441187,-0.0029041161625557,-0.00331584033198085
2016-05-03,-0.00870313916835996,0.00593506760285445,-0.00227197974805637
2016-05-04,-0.00557840846742319,0.00181572083830583,-0.00609954461275453
2016-05-05,-0.000195187096204141,0.00271795133680985,-0.00114556411666633
2016-05-06,0.00365933342510361,-0.0023490633621075,0.00909314830119601
2016-05-09,0.000826158177640757,0.00190173782539382,-0.0205390385860446
2016-05-10,0.0124338716186072,-0.000180712312745968,0.00273519955973001
2016-05-11,-0.00935463592638031,0.00153654859811936,0.00942303982489223
2016-05-12,0.000290407119646785,-0.00270831101604441,-0.00786111253588118
2016-05-13,-0.0087142055845455,0.00380193223742209,0.00453941404539582
2016-05-16,0.00986529943726011,-0.003607001023471,0.000739495258910816
2016-05-17,-0.00933360119883253,-0.00135741370640452,0.00344826074237892
2016-05-18,0.000293009308175218,-0.00806613804772038,-0.0173457922222872
2016-05-19,-0.00346485878011427,0.00100546078869068,-0.00191503522448877
2016-05-20,0.00631676141060766,0.000638830742344165,-0.00133480986437673
2016-05-23,-0.00136198236388885,0.000638422898171509,-0.00284016657331254
2016-05-24,0.0129622990999017,-0.00164109748448793,-0.017341037506873
2016-05-25,0.00678256907137609,-0.000456536940566576,-0.0027280450681898
2016-05-26,0.000286892850026366,0.00310604397064562,-0.00341940087536585
2016-05-27,0.0042994130721612,-0.00191239096887885,-0.0082346806432908
2016-05-31,-0.00190246106874481,0.00118595479576578,0.00380552500916642
2016-06-01,0.00204902247762107,-0.00033775764158217,-0.00103390590825603
2016-06-02,0.00304367434376229,0.00310426767888039,-0.00232882755541985
2016-06-03,-0.00298717708317153,0.00928415700360596,0.0277513541565424
2016-06-06,0.00508877816796449,-0.00261527804573591,0.000336481464091376
2016-06-07,0.00156122333218045,0.00144640358513204,-0.000840888628159342
2016-06-08,0.00325969638557022,0.00117403394751658,0.0148123391748136
2016-06-09,-0.0013657253262408,0.00153301083034152,0.0055564617579269
2016-06-10,-0.00947728710655638,0.00351146832442839,0.00404121949501035
2016-06-13,-0.00771192841300616,0.00197378709231333,0.00739281700074557
2016-06-14,-0.00196696186460066,-0.000268249202909798,0.00105999065610707
2016-06-15,-0.00139406452080615,0.00304473928296556,0.00741226429088937
2016-06-16,0.00298454766289846,0.00107147736138224,-0.0105110207677093
2016-06-17,-0.00372417312186302,-0.0033895646822466,0.0128288914043113
2016-06-20,0.00644016042478968,-0.00429613986303923,-0.00597013216610254
2016-06-21,0.00283847625917644,-0.00224757262414299,-0.0192354741026913
2016-06-22,-0.00163123299441537,0.0019826567893686,0.000496567277445292
2016-06-23,0.0130228474442167,-0.00476605878101966,-0.00653433337929199
2016-06-24,-0.0359094741957745,0.0138235385019414,0.0490383761528377
2016-06-27,-0.0179099137273597,0.00864459448228327,0.0053968278188572
2016-06-28,0.0180361928734989,-0.000176362450585721,-0.0107357168225111
2016-06-29,0.0170277242604608,-0.00406583355540824,0.00414935081657575
2016-06-30,0.0136453878168983,0.00221905036039516,0.00500639622652543
2016-07-01,0.0021005222775019,0.00264151722319994,0.0153396253868971
2016-07-05,-0.00719321220605862,0.00548258057254558,0.00825478956751091
2016-07-06,0.00599802372049973,0.000176050088851909,0.00587004325071772
2016-07-07,-0.000620147507672031,-0.00131930426982219,-0.00376249904361614
2016-07-08,0.0148904735283324,0.00193725576379755,0.006012014384708
2016-07-11,0.00352665416363562,-0.00527288149008709,-0.00942392695421868
2016-07-12,0.00726337454417125,-0.00591851939827048,-0.0165518746336228
2016-07-13,-0.00013931405118961,0.00257729030336762,0.00920177573180658
2016-07-14,0.00558356403856175,-0.00416600803684841,-0.00771512964975618
2016-07-15,-0.00134202942163375,-0.00382724373480403,-0.00384831136509489
2016-07-18,0.00268725184974783,-0.000267787104051065,0.00157682579163132
2016-07-19,-0.00101667028839503,0.00268131723439979,0.00133814678621613
2016-07-20,0.00416330090132022,-0.00205055925580389,-0.014307049036424
2016-07-21,-0.0037774845394869,0.00223314843504108,0.0152325039589056
2016-07-22,0.00448528335331977,-0.000802390436417943,-0.00746272234770295
2016-07-25,-0.00271603266937526,-0.00080243906071531,-0.00696475871820634
2016-07-26,0.000461588451465378,0.000624819223173922,0.0042241075487417
2016-07-27,-0.00106132023951466,0.0042818844411272,0.016111101422992
2016-07-28,0.00115495300391055,0.000532858159802974,-0.00288990955803881
2016-07-29,0.00161487105676361,0.00381747480966443,0.0103399030829088
2016-08-01,-0.000829422399754143,-0.00347173318051264,0.00186079625611857
2016-08-02,-0.00640714835940814,-0.00239938710368781,0.00812570067976259
2016-08-03,0.00292258999265527,0.000534526716362116,-0.00475942546743324
2016-08-04,0.00106395332259401,0.00240404275558137,0.0016968857004318
2016-08-05,0.0081790191748905,-0.00621828859020723,-0.0178639574394114
2016-08-08,-0.000595521160038581,-0.000535868893696168,-0.000862411663819174
2016-08-09,0.000595876016815433,0.00357721509969955,0.00408032511852841
2016-08-10,-0.00247511434833381,0.00267317836602809,0.0046889534105492
2016-08-11,0.00464094323183284,-0.00479843547834291,-0.00692283296943408
2016-08-12,-0.000869052891691147,0.0035715911551768,-0.00211480102559969
2016-08-15,0.00288374128197266,-0.00293653833223706,0.0034536484045693
2016-08-16,-0.00515809547545065,-0.00169581679532138,0.00492807337968681
2016-08-17,0.00188132719231304,0.00160883056919459,0.000233508048664621
2016-08-18,0.00224402572946536,0.00178467096484503,0.00474708646188327
2016-08-19,-0.00146229826558086,-0.00338487646499774,-0.00882967534861578
2016-08-22,-4.52936356113431e-05,0.0022348323615915,-0.00148474204574167
2016-08-23,0.00201295996277828,-8.8986580534578e-05,-0.000156492747362957
2016-08-24,-0.00511473954467745,-0.000356997993670616,-0.0111146350547557
2016-08-25,-0.000688691790699636,-0.0016065545111249,-0.000870610924056159
2016-08-26,-0.00188324550845553,-0.0038432326282497,-0.00142597084994944
2016-08-29,0.00492429328711319,0.00412813964320535,0.00198333989644839
2016-08-30,-0.00164844358892469,-9.00821356657477e-05,-0.0100554571795263
2016-08-31,-0.00284392880334239,-0.00116121054389784,-0.00199952013469429
2016-09-01,4.56997068984943e-05,0.00156715920404071,0.00408721062044615
2016-09-02,0.00450803719194326,-0.00259351705852451,0.0102162883705301
2016-09-06,0.0030222262950923,0.00466348724254972,0.0169076955376692
2016-09-07,-9.07109240235737e-05,0.000535985706594966,-0.00341855658809931
2016-09-08,-0.00228347940585816,-0.00490788191742997,-0.00530137921509366
2016-09-09,-0.0239347583980503,-0.00475190172475537,-0.0065835595422894
2016-09-12,0.0143475190013624,0.000901118374311061,-0.00126235630855231
2016-09-13,-0.0143758281596922,-0.00369064242460748,-0.00663556649175423
2016-09-14,-0.000375143276326706,0.00225841757411982,0.00341948552823856
2016-09-15,0.0099930173861229,0.000270944926219263,-0.00641938149179699
2016-09-16,-0.00386535039090585,0.00108074226860722,-0.00247272219188377
2016-09-19,0.000187381220382754,-0.0017098132849972,0.00207901920122922
2016-09-20,4.70656092130817e-05,0.00153238992682669,0.000957570594272372
2016-09-21,0.0112452357684434,0.00162102559810329,0.014588601451238
2016-09-22,0.006301521472178,0.00296652887469073,0.00235721740921679
2016-09-23,-0.00547935450046144,0.000447790608302023,0.000627121041360645
2016-09-26,-0.00810204675922077,0.00286692975979386,-0.000783380124760424
2016-09-27,0.00620775890617731,0.00169701737679229,-0.00729126054821505
2016-09-28,0.00496370614595798,-0.000446063634791938,-0.00315907058286491
2016-09-29,-0.00904735762800846,0.000624699863507105,-0.00118841328179597
2016-09-30,0.0075460686055806,-0.00249698492018979,-0.00341080595079646
2016-10-03,-0.00240394513623321,-0.00232667456654756,-0.00254695715041808
2016-10-04,-0.00509786177666005,-0.00457520340346729,-0.0347111273915897
2016-10-05,0.00442532215045155,-0.00225255623126475,-0.00157065751416618
2016-10-06,0.000695582805974926,-0.00207816677743278,-0.00927301811978476
2016-10-07,-0.00342960696282524,0.00144850861927592,0.000668512445368696
2016-10-10,0.00520849264637357,-0.00262116815516544,0.00350764828655548
2016-10-11,-0.0126295222000058,-0.000272028284741377,-0.00507656950532676
2016-10-12,0.00131213286017506,0,0.00158924974623176
2016-10-13,-0.00327557604161943,0.0020852563102074,0.0024219218364856
2016-10-14,0.000516190091489621,-0.0030759476708111,-0.00558192265066126
2016-10-17,-0.00347232967738043,0.00217752535172333,0.00268096257697437
2016-10-18,0.00626279759777115,0.00199212219129508,0.0061831372149237
2016-10-19,0.002666744971489,0.00045215541438548,0.00572996555305494
2016-10-20,-0.00186660173369269,-0.000903730475817599,-0.00305509656277203
2016-10-21,0.000467377654774115,0.00108451261015396,0.000745436217305162
2016-10-24,0.00425278644372673,-0.00135363584012438,-0.00223457972663543
2016-10-25,-0.00335016357031892,-0.000181645956391807,0.0075481393541561
2016-10-26,-0.00200784044719382,-0.00216983458964537,-0.00559809251948951
2016-10-27,-0.00266695322655564,-0.00344476482047307,0.00182135291858176
2016-10-28,-0.00295562895493917,0.000181752718469097,0.00471035191110336
2016-10-31,4.72582795443266e-05,0.000818645909203219,0.00296101830012518
2016-11-01,-0.00724523010850775,3.69531186665828e-05,0.00647860340914486
2016-11-02,-0.00601894752751886,0.00300172559507206,0.00741461751669203
2016-11-03,-0.00457693310137486,-0.000634477185548987,0.00533810793730294
2016-11-04,-0.00110123606148704,0.00308620070097754,0.00072402522671311
2016-11-07,0.0220567595161021,-0.00416275291413659,-0.0180078613615252
2016-11-08,0.00450379294429126,-0.00354406411081165,-0.00417521186950587
2016-11-09,0.0106019697616093,-0.0152291586299363,-0.00065769345162292
2016-11-10,0.00249564908689104,-0.00601863303552463,-0.0148897465856032
2016-11-11,-0.00230495775309092,-0.00204971237635998,-0.0221294490678832
2016-11-14,0.000785619386624692,-0.00578811717438221,-0.00845429442074486
2016-11-15,0.00780274928226365,0,0.00869866618655379
2016-11-16,-0.0018784111560578,0.000938850008977088,-0.00298844002141407
2016-11-17,0.00514059192529137,-0.00440864309823852,-0.00513829315209302
2016-11-18,-0.00223754744732396,-0.004428075887699,-0.00878020710289262
2016-11-21,0.00755156179380867,0.000851026301256663,0.00373426226207529
2016-11-22,0.00195338208040496,0.000945957235231942,-0.000346088552468315
2016-11-23,0.000543849695032961,-0.00358993148156983,-0.0198199835328136
2016-11-25,0.00371530654097829,-0.000853369446260799,-0.00565120873861369
2016-11-28,-0.00469467555304925,0.00455513094268034,0.0105674667876399
2016-11-29,0.00195045835771457,0.00103891540458778,-0.0046573496878638
2016-11-30,-0.00239924618572041,-0.00670009415753148,-0.0134192344673213
2016-12-01,-0.00367552719542585,-0.0038149647441662,-0.00187918643823715
2016-12-02,0.000501092014631332,0.00448928419590677,0.00537922242420819
2016-12-05,0.00600855500276709,-0.000380813486797638,-0.00535044121086714
2016-12-06,0.00316760786723624,0.000380958560955547,-0.000986198757827794
2016-12-07,0.0130807537358522,0.00332669004340702,0.00358971125175911
2016-12-08,0.00244832008056872,-0.00379012086723329,-0.00232497658923214
2016-12-09,0.00604063150592604,-0.00513617479001949,-0.0104866735873916
2016-12-12,-0.00114791108201906,0.000190801414865716,0.00380433118786283
2016-12-13,0.00667435177431797,0.000573925520120033,-0.0033387723118653
2016-12-14,-0.00825439390583305,-0.00831189589516534,-0.0146672264549373
2016-12-15,0.00411727747801249,-0.00279406719673669,-0.0136911280721749
2016-12-16,-0.00195621934393586,0.00125589602400389,0.00661455876737693
2016-12-19,0.00217782865041038,0.00463135917020008,0.00499762397854187
2016-12-20,0.00385743938432892,-0.00211256793630976,-0.00736711897359965
2016-12-21,-0.00278245262535726,0.00163577457975661,0.000556615252661707
2016-12-22,-0.00172740720538589,-0.000432950806954713,-0.00241077552070978
2016-12-23,0.00146394020969476,0.000962742178300724,0.00316018197655854
2016-12-27,0.00248112183947358,-0.00144258779064055,0.00583709118536713
2016-12-28,-0.00826467324734859,0.00366034572605245,0.00276347695748669
2016-12-29,-0.00022249150476461,0.00307139864547867,0.0131361408888235
2016-12-30,-0.00365542331673629,0.00296612850706923,-0.00616556623021358
2017-01-03,0.00765029033310127,-0.00047655627439136,0.00784600497730281
2017-01-04,0.00594900792066122,0.00114527367146566,0.00353036467221401
2017-01-05,-0.000794277024604773,0.00648252007866512,0.0155150749705335
2017-01-06,0.00357767327664171,-0.00454656129895348,-0.00737255123072889
2017-01-09,-0.00330045351191743,0.00380661591718945,0.00823264580711403
2017-01-10,0,-0.000474515827493582,0.0042602588509344
2017-01-11,0.00282580782212349,0.00113862493945782,0.00309322553602387
2017-01-12,-0.00251006039740487,0.000568127228951498,0.0036123670670396
2017-01-13,0.00229535305886452,-0.00217815199876803,0.00263361788007543
2017-01-17,-0.00352314152572142,0.00502956354254103,0.014359507948468
2017-01-18,0.00220976823953167,-0.00708107228431698,-0.00845917773367866
2017-01-19,-0.00370457434261218,-0.00380291106432573,-0.00087060242991932
2017-01-20,0.00367422660604255,0.0004767834885544,0.00243971784335595
2017-01-23,-0.00260196796138712,0.00524726365990369,0.00643196735454321
2017-01-24,0.00641123126368059,-0.00379614111660709,-0.00449092554062913
2017-01-25,0.00865603881667343,-0.00495378873268226,-0.008241493674921
2017-01-26,-0.00104567859444449,0.00134053332574902,-0.00927219700335602
2017-01-27,-0.0015698900468144,0.00124258469919392,0.0020306880028429
2017-01-30,-0.00620136454256159,-0.000286568182493507,0.00422947718713651
2017-01-31,-8.8230583796034e-05,0.00343862913186088,0.0138633132765817
2017-02-01,0.000395829867100961,-0.00191619119872322,-0.00302904451987951
2017-02-02,0.000658575448971188,0.00038222350311834,0.00555555040454148
2017-02-03,0.00689318794307736,0.000764064730560898,0.0025034610211927
2017-02-06,-0.00178759761583869,0.0047702489755046,0.0135193294752085
2017-02-07,4.32317692979911e-05,0.00180433443919648,-0.00203906431598755
2017-02-08,0.00131071514066172,0.00407538499696081,0.00621491028965537
2017-02-09,0.00593255280095906,-0.00594687699113228,-0.00761487018603946
2017-02-10,0.00394622072916695,-0.000664747004108679,0.00264300073471091
2017-02-13,0.00544245595051662,-0.00152050937153703,-0.00680268225121661
2017-02-14,0.00399568436325692,-0.00361682137960417,0.001112990154293
2017-02-15,0.00522039219150439,-0.00191057612252676,0.00444707638509256
2017-02-16,-0.000851616570625158,0.00402021562111798,0.00536402638725164
2017-02-17,0.00157630644632434,0.0026687818346709,-0.00338754674522546
2017-02-21,0.00595527794279049,-0.000475328578850021,0.000594830851822659
2017-02-22,-0.000887962282006605,0.00161659821303495,0.00135884214105308
2017-02-23,0.000677147531172428,0.00265855650553859,0.0087354655865215
2017-02-24,0.00126868968342264,0.00464089825245462,0.00638973004234145
2017-02-27,0.00156285658381217,-0.00358185121768428,-0.00484539863364231
2017-02-28,-0.00269910924624428,-0.00047303507904084,0.000923443651911438
2017-03-01,0.0139975393245468,-0.00696655410262725,-0.00142586424183067
2017-03-02,-0.00629739594028456,-0.00286379626150568,-0.0124306715764095
2017-03-03,0.000629584150320328,0.000957159785454742,-0.000595336738687724
2017-03-06,-0.00297767234974067,-0.000190978266095265,-0.00672283976823651
2017-03-07,-0.00298716014808487,-0.00143482120316096,-0.00805348210739454
2017-03-08,-0.00185659193791499,-0.00335221467185487,-0.00621870122900492
2017-03-09,0.00126834513272067,-0.00278769197907558,-0.00512772771084546
2017-03-10,0.00350421779813792,0.00212097918341936,0.00218397831164507
2017-03-13,0.000504494762065155,-0.00250061374494692,0.000174308253610755
2017-03-14,-0.0038265787665821,0.00105994298645462,-0.0054034785491639
2017-03-15,0.00865380411826178,0.00876484395477783,0.018664539100546
2017-03-16,-0.0019671025834862,-0.00276887732530562,0.00412906113491629
2017-03-17,-0.00175614024725557,0.00268046974466762,0.00222731516627306
2017-03-20,-0.00109687381682166,0.00238704909893706,0.00444486094499741
2017-03-21,-0.012839452038508,0.00333414416489286,0.00876520092394273
2017-03-22,0.00235300920018333,0.00189895802257589,0.00244643928874821
2017-03-23,-0.00106708668135846,-0.00104221046233011,-0.00134649212862492
2017-03-24,-0.000726412114398611,0.000568941367271147,0.0016010992191684
2017-03-27,-0.00102618880790362,0.00246532240444752,0.00563686829467036
2017-03-28,0.00727671852292744,-0.00340483349860188,-0.00409937144460903
2017-03-29,0.000934799440240441,0.00284659248583363,0.0024361635861696
2017-03-30,0.00318435958280894,-0.00283851239777111,-0.00720691022505449
2017-03-31,-0.00232744195786472,0.00199231932968691,0.00211023885729733
2017-04-03,-0.00173944601969978,0.0049224722678749,0.0053065805840653
2017-04-04,0.000637455096804018,-0.00141541967313275,0.00226228970182651
2017-04-05,-0.00297272100107937,0.00189016832033051,0
2017-04-06,0.00281107325721619,-0.000659879838956434,-0.00367833498832271
2017-04-07,-0.00101937698196375,-0.00302094816905163,0.00234937723258954
2017-04-10,0.000595237115506686,0.001798849891957,0
2017-04-11,-0.00118961649486204,0.00463162906584103,0.0144818631357069
2017-04-12,-0.00438196971615901,0.00310500633753374,0.00684870191385056
2017-04-13,-0.00649492582979794,0.00300122047158857,0.00475333426496993
2017-04-17,0.00885983014149683,-0.00158983674182223,-0.00293638348149727
2017-04-18,-0.00298387883243434,0.00571338234299001,0.00474477945999618
2017-04-19,-0.00183897941119782,-0.00260770099858953,-0.00887474630026341
2017-04-20,0.00813917717837565,-0.00224082772459444,0.00188939227139096
2017-04-21,-0.00318684127136359,0.000467612109893434,0.0028697808851128
2017-04-24,0.0109980641996819,-0.00205767698092552,-0.00678598821214416
2017-04-25,0.00581856865570263,-0.00515510836533761,-0.0101251508309561
2017-04-26,-0.00062877679161677,0.00263790028639299,0.00490641445231588
2017-04-27,0.000839019553948717,0.000657983421543662,-0.00372390733101913
2017-04-28,-0.00217938609471902,0.00103258644329141,0.00315638554152753
2017-05-01,0.00252007203077764,-0.0021604159662244,-0.0091082098592089
2017-05-02,0.000377178545236223,0.00207113992392505,-0.000167098214857164
2017-05-03,-0.00121475565156937,-0.00206685916938221,-0.013957360197641
2017-05-04,0.00117402684567502,-0.00226010963608281,-0.0100864757378146
2017-05-05,0.00393723303803029,0.000189042762004377,0.00188373335883552
2017-05-08,-0.000166937873421258,-0.00245274336163726,-0.0022220505211793
2017-05-09,-0.00091801790953383,-0.0011356741427363,-0.00599569120549892
2017-05-10,0.0017959798360494,-0.000378750974929787,-8.61881599997227e-05
2017-05-11,-0.00204306277484301,0.000758145318193959,0.00396414237197273
2017-05-12,-0.00167094921986133,0.00511097791551585,0.00283263374296139
2017-05-15,0.00552356049085034,-0.000658418923069504,0.00265340711918571
2017-05-16,-0.000915426552089205,0.0013187689717058,0.00435378298521716
2017-05-17,-0.017744147585193,0.00799928837781017,0.0181895398375942
2017-05-18,0.00402855327046736,-0.000280019145616928,-0.00818101134855209
2017-05-19,0.00650419072003205,-0.000280448907970965,0.00496594545416107
2017-05-22,0.00507751660083366,-0.00112096818476326,0.00418760463660162
2017-05-23,0.00221281766551651,-0.00261826385042119,-0.00633863324903272
2017-05-24,0.00233262289043434,0.0020626833508568,0.00394494899372
2017-05-25,0.00477944784768836,0.000561296025305857,-0.00108684267832659
2017-05-26,-0.000206639571818101,0.000654653918257253,0.00887175702051457
2017-05-30,-0.000868735348327543,0.0025231152250158,-0.00331841316443426
2017-05-31,-0.000248540417071896,0.000466616410272902,0.00399536673358236
2017-06-01,0.00795235525262106,-0.000522485819619001,0.000829037239628461
2017-06-02,0.00332831350674234,0.00438803620276729,0.00737242694374962
2017-06-05,-0.000737035557514698,-0.00167308035962543,0.000986783537371139
2017-06-06,-0.0031968976526876,0.00316621011609719,0.0112543750875445
2017-06-07,0.0018501873520933,-0.00185704938701792,-0.00528027241215312
2017-06-08,0.00049252990295523,-0.00158069518799808,-0.00653324166844316
2017-06-09,-0.0015179343850128,-0.000931112704610215,-0.0091245425107197
2017-06-12,-0.000205238816583631,-0.00018657119871246,-0.00149328275931526
2017-06-13,0.00488979363227249,0.000372774191310876,0.000997031787749014
2017-06-14,-0.00126771439829343,0.00522022027410762,-0.00547811789276498
2017-06-15,-0.0019240864119886,-0.00176180534541381,-0.00417292606637854
2017-06-16,0.000218073492139315,0.00055742415258675,0.000167588360024506
2017-06-19,0.00832525689497254,-0.00278556802004071,-0.00762523932159764
2017-06-20,-0.0067439406134131,0.00251418903305844,-0.00211095161154939
2017-06-21,-0.000247022435660327,-9.35757990131458e-05,0.00287693634296859
2017-06-22,-0.000452722077083134,0.000928606496302997,0.00337497078306237
2017-06-23,0.00119422482939124,0.000278576192461966,0.00428861540601821
2017-06-26,0.000658017273529543,0.000834537590822748,-0.00895922039763752
2017-06-27,-0.00805613077410694,-0.00491191959328796,0.00380193431836329
2017-06-28,0.00895036071953381,-0.000931112704610215,0.000757545401350646
2017-06-29,-0.00878883185618262,-0.00372958540307533,-0.00487806411784408
2017-06-30,0.00186446770198034,-0.00233933258191166,-0.00253552275635394
2017-07-03,0.00169580603038288,-0.00367366547534864,-0.0163531635322106
2017-07-05,0.00231180791172214,0.000754752812044623,0.0037040254866012
2017-07-06,-0.00914432244208152,-0.0018843546880285,-0.000429071608336495
2017-07-07,0.00648506107899172,-0.00160485812114208,-0.0102172441738969
2017-07-10,0.00107378290259375,0.00132401742791677,0.001648182194812
2017-07-11,-0.00074244628101916,0.00132208965419855,0.00129905191212654
2017-07-12,0.0075147196881975,0.00292309475628194,0.0035460648934047
2017-07-13,0.00168001637387971,-0.00103447141939916,-0.00180986888461876
2017-07-14,0.00466413111867725,0.00141184689394969,0.00820235668058333
2017-07-17,-0.000121872089359765,0.00122161703425205,0.00445323531223973
2017-07-18,0.00052934166072971,0.00366090763786753,0.00699121569122996
2017-07-19,0.00541393546275359,0,-0.00025399017138239
2017-07-20,0.000445316912359939,0.000280635066632007,0.00135497993084321
2017-07-21,-0.000890237386950821,0.00177644762903051,0.00862655861712036
2017-07-24,-0.000243008349745333,-0.000652974649162252,0.000419213663160001
2017-07-25,0.00243081606728413,-0.00560439839526594,-0.00326879052576856
2017-07-26,4.04837754557352e-05,0.00319382741002316,0.00807264631058247
2017-07-27,-0.00092967368213126,-0.00159161020386223,-0.000750720219827361
2017-07-28,-0.00117287839318925,0.00168805532474225,0.00751316068954422
2017-07-31,-0.000566879593443148,0.000280546570731177,0.00049712119794787
2017-08-01,0.0022285689266468,0.00248375550361102,-0.000828144713217349
2017-08-02,0.000485222830069132,-0.000934560868003254,-0.00207210938117042
2017-08-03,-0.00193987924214467,0.00346240661092212,0.00157802998010048
2017-08-04,0.00182211396987086,-0.00270476364446992,-0.00779496509294308
2017-08-07,0.00185921453918914,0.000561226629529399,-0.00117007428218652
2017-08-08,-0.0024608587254582,-0.000841455252055479,0.00292861239951314
2017-08-09,-4.05807882766229e-05,0.00121621568363883,0.0120974214989014
2017-08-10,-0.0141152508578786,0.00373702380981467,0.00741902187776633
2017-08-11,0.00147678430702158,0.0011170551435522,0.00474594415677143
2017-08-14,0.00991315551831073,-0.00241746950111166,-0.00708528984522538
2017-08-15,-0.000121387643306936,-0.00298275869140141,-0.00770993131666919
2017-08-16,0.00174417357372292,0.00187052340609162,0.00735658261656824
2017-08-17,-0.0155908075525889,0.00354510519783702,0.00508734802014588
2017-08-18,-0.0015631201893157,0.000186374354610219,-0.00155110470508224
2017-08-21,0.000782675455700321,0.000650752630187323,0.00376123526568795
2017-08-22,0.0104569973655126,-0.00195142316641028,-0.00448031151992523
2017-08-23,-0.00358546146531513,0.00344423883472156,0.00376400530167786
2017-08-24,-0.00233047974214629,-0.00157681693499334,-0.00309771956542015
2017-08-25,0.00233592356469314,0.00167255557933199,0.00367975259525788
2017-08-28,4.0957213031767e-05,0.000927626706756612,0.0158872788950211
2017-08-29,0.00114489338171264,0.00231700429200243,-0.00216540434015855
2017-08-30,0.00473739904777126,-0.000832092940964202,-0.000482217967175402
2017-08-31,0.00601633074223429,0.00157270312703162,0.011740101940386
2017-09-01,0.0014139839074423,-0.00294239325434453,0.00190746991219304
2017-09-05,-0.00718174766081414,0.00696016133499944,0.0111058349436208
2017-09-06,0.00341380968535843,-0.0023962849700162,-0.00509965111052768
2017-09-07,-0.000121707082258893,0.00434120432451945,0.0104093316744056
2017-09-08,-0.00117472979654099,-0.000734909337106293,-0.00124876029042009
2017-09-11,0.0106658909723927,-0.00570737288665779,-0.0139095003697557
2017-09-12,0.00337051957942802,-0.00240689612259659,0.00293204778532119
2017-09-13,0.00047992535210728,-0.00204158486461559,-0.00750629714418394
2017-09-14,-0.000319470099620522,0.000185938801880781,0.00437865654871805
2017-09-15,0.00134606832724948,0.00120868171908683,-0.00499369740428457
2017-09-18,0.00212666171450282,-0.00390014402120975,-0.00932046666392516
2017-09-19,0.001001100394036,-0.00111852807108959,0.00209072157409063
2017-09-20,0.000360250410283314,-0.00195950695454861,-0.00802439398138621
2017-09-21,-0.0026793034089907,-0.00130931071320828,-0.00760396716163314
2017-09-22,0.000200317279657192,0.00177861355497844,0.00456470131399556
2017-09-25,-0.00204440578458409,0.00299092639032272,0.0104673883307997
2017-09-26,0.000602412337315616,-0.000838648753657245,-0.0111619642116313
2017-09-27,0.00389422450674104,-0.00512992964939452,-0.0094201399907714
2017-09-28,0.00119991626578786,-0.000187104839617702,0.00188551993121355
2017-09-29,0.00351518338024626,-0.0012188195200451,-0.00515503852497812
2017-10-02,0.00433870668047232,-0.0011378999401036,-0.0066623225513236
2017-10-03,0.00213992027593757,0.00141173878193479,0.000496855093623516
2017-10-04,0.00118658164221186,-0.000281633865972131,0.00281384037687404
2017-10-05,0.00592505072046512,-0.00103408931642579,-0.00536437679047186
2017-10-06,-0.00113891904300556,-0.00122351438804413,0.00472950307585163
2017-10-09,-0.00165117491398059,0.00113045665012756,0.00817578266664976
2017-10-10,0.00263839968008628,0.000376832688306683,0.0026212294399115
2017-10-11,0.00157099041241548,0.00112901829071199,0.00318626948354694
2017-10-12,-0.00148994963852767,0.000939919130459765,0.000814386133849654
2017-10-13,0.00121722331298901,0.00338005815645692,0.00756774603136945
2017-10-16,0.00133391418551554,-0.00168429224959943,-0.00686479144093022
2017-10-17,0.00070493996509069,-0.000374753365387392,-0.00683096656864612
2017-10-18,0.000978636090405827,-0.00253226227304659,-0.00376647093112192
2017-10-19,0.000273583940765931,0.00103425547865355,0.00591765621384521
2017-10-20,0.0051603642174034,-0.00413239694889977,-0.00637305975313185
2017-10-23,-0.00388930485893035,0.000943374386008999,0.0015623915833598
2017-10-24,0.0017571160273524,-0.00301512619822475,-0.00385879481877582
2017-10-25,-0.00494988581052613,-0.00160646183660751,0.00016481202311236
2017-10-26,0.00129213966684394,-0.00132499854441814,-0.00840541125580252
2017-10-27,0.00817651254711826,0.00322236304381951,0.00473697071511969
2017-10-30,-0.00372527717127979,0.0035900574342167,0.0019023633137818
2017-10-31,0.00155816117028995,-0.000659013846407319,-0.00379756538349973
2017-11-01,0.00132189202402588,0.000603439278558993,0.00364632840046109
2017-11-02,0.000388776098329213,0.00132047405255764,0.000660571634471196
2017-11-03,0.00333852221568809,0.00160008340477535,-0.00470335574998915
2017-11-06,0.00154750721755592,0.00122278780198171,0.00853920374600703
2017-11-07,-0.00069517772706551,0.000375156862299386,-0.00361695385028338
2017-11-08,0.00170078990940103,-0.00121969920501264,0.00346504555826543
2017-11-09,-0.00362754423889622,-0.000376612734555581,0.00411082801357177
2017-11-10,-0.000309999080059131,-0.0050759362089583,-0.00818799658142144
2017-11-13,0.000929745509929081,-0.000472905633486009,0.00148600932269005
2017-11-14,-0.00232244079752353,0.00141815465268991,0.00206083591650597
2017-11-15,-0.00500543576734824,0.0035871718749958,-0.00123390835387849
2017-11-16,0.00850132347980082,-0.00253988203031741,-8.23831309472167e-05
2017-11-17,-0.00293875528079135,0.00132054744579846,0.0120263514507597
2017-11-20,0.00170640288285484,-0.00160073631939661,-0.0126160104513902
2017-11-21,0.00654245824893063,0.000188225654514929,0.00164870646823134
2017-11-22,-0.000884346866104835,0.00320635371008948,0.00921730801989717
2017-11-24,0.00230972211759495,-0.000845595090063656,-0.00252790969205829
2017-11-27,-0.000499469510243267,0.000658563211501484,0.00416940923400433
2017-11-28,0.0101447062785958,0.000187623952524252,-0.000162861452110974
2017-11-29,-0.000608250289423906,-0.00319610586419405,-0.00626982052254854
2017-11-30,0.00875488891183962,-0.00311212674651784,-0.00770241260532811
2017-12-01,-0.00207545490039529,0.00369567019181072,0.00404622518533482
2017-12-04,-0.00120984514285427,-0.000472622423702385,-0.00337195530112233
2017-12-05,-0.00359672578023285,0.000755674546318641,-0.00709688569224454
2017-12-06,0.000189946349589354,0.00207640408230314,-0.00207779255846152
2017-12-07,0.00315314605669004,-0.00178945860069324,-0.0131590058721563
2017-12-08,0.0054531349174638,-0.000754714529404565,-8.43489494150029e-05
2017-12-11,0.00301311049581465,-0.000660830052101935,-0.00396692443777269
2017-12-12,0.001764864994662,-0.000850564727852499,0.00118633494716303
2017-12-13,-0.000112734601125819,0.00406628120196939,0.00863306500121008
2017-12-14,-0.00408627351126156,-0.000376681999499362,-0.00201391178532007
2017-12-15,0.00832742249875928,-0.000187973599879432,0.00210207684653585
2017-12-18,0.00634138846523835,-0.00226233332950398,0.00461489386096381
2017-12-19,-0.0038404805028448,-0.00453325627175549,0.000751660697959844
2017-12-20,-0.000524104593545904,-0.00294128683285488,0.00267067013552835
2017-12-21,0.00205999245989474,0.000705657060231735,0.00141500058106914
2017-12-22,-0.000261618318571744,0.000380497637817889,0.00523651313769791
2017-12-26,-0.00119657868188539,0.000381591272758053,0.00686285914424478
2017-12-27,0.000486757339009269,0.00428211279546131,0.0037776687735025
2017-12-28,0.00205723860109241,-0.00123243170714471,0.0050723643962971
2017-12-29,-0.00377013868174381,0.00161327076300455,0.0065120314342253
2018-01-02,0.00715720163368694,-0.00331525137084532,0.0121310148118847
2018-01-03,0.00632483105735915,0.00104515214442991,-0.00263685039577699
2018-01-04,0.00421475130909865,-0.000474837787278637,0.00512737855482892
2018-01-05,0.00666438971578276,-0.00123456463262284,-0.00103616494792469
2018-01-08,0.00182860760217407,-0.000475473863472353,-0.000159612799559006
2018-01-09,0.00226361314961654,-0.00475700046411964,-0.00462847508546793
2018-01-10,-0.00152997862046333,-0.000287441574568392,0.00240515845657852
2018-01-11,0.00729606866709864,0.000669675541888681,0.00327924231074128
2018-01-12,0.00651924478120813,-0.000669227376682513,0.0121173199416749
2018-01-16,-0.00341884628409539,0.000478466603830885,0.00165405707298616
2018-01-17,0.00953191317831026,-0.0021985616632334,-0.00809938502891738
2018-01-18,-0.00168104938452018,-0.00316092099807019,-0.00221974616022536
2018-01-19,0.004549885808798,-0.00259468478910208,0.00444936878974511
2018-01-22,0.00813093830184419,-0.000385291635062623,0.00181935896428853
2018-01-23,0.00212255659308003,0.00289151749592875,0.00497431698245387
2018-01-24,-0.000388350940494941,-0.00192235860756818,0.0121778996434916
2018-01-25,0.000423458408142841,0.00221441566615566,-0.00667546843226619
2018-01-26,0.0115782181287245,-0.00297804867467011,0.000781480835836845
2018-01-29,-0.00662985992216025,-0.00250541562662288,-0.0056219942915694
2018-01-30,-0.0102571269716282,-0.00231916991364223,-0.00431877054537033
2018-01-31,0.000496719393902723,0.000290873770230293,0.00670345783646442
2018-02-01,-0.00113537477760872,-0.00515829257367784,0.00329029215291343
2018-02-02,-0.0217699545038325,-0.00370384434215976,-0.0131178873935561
2018-02-05,-0.0418221680815645,0.0082176443412314,0.00253184347155888
2018-02-06,0.0197020432724093,-0.00436650486725776,-0.010496423649789
2018-02-07,-0.00542485414939031,-0.00292386030198222,-0.00470566558315111
2018-02-08,-0.0375088860748222,0.000879920699243808,0.00152257745022077
2018-02-09,0.0150217132305857,-0.00175784130384427,-0.00168032251742101
2018-02-12,0.014684311954883,-0.000293746573750031,0.00480889732835754
2018-02-13,0.00248734326454136,0.00166387296978887,0.00566322939234642
2018-02-14,0.013496153466894,-0.00605747491843145,0.0170526163170981
2018-02-15,0.0127605070300656,0.000295132555728994,0.00116984450028146
2018-02-16,0.000292779192675452,0.00235872316494401,-0.00327158266368954
2018-02-20,-0.00626145724291338,-0.00107883301258183,-0.013441710167312
2018-02-21,-0.00497392533011864,-0.00294368679907964,-0.00459437746732927
2018-02-22,0.00129606315600483,0.00137735626662838,0.00509310338212243
2018-02-23,0.0159391056000366,0.00383353210941073,-0.00126685398451198
2018-02-26,0.0116126056025609,0.00117484116029432,0.00245756746546677
2018-02-27,-0.0124868504227349,-0.00312929388854133,-0.0104389064980706
2018-02-28,-0.0101300589728818,0.00235447433848535,-0.00103889759667075
2018-03-01,-0.0145405758027933,0.00430312851134151,-0.00223999023437604
2018-03-02,0.00515477036442946,-0.00370910170472816,0.00537201862080949
2018-03-05,0.0115580498616821,-0.00127342425997456,-0.00167476740963557
2018-03-06,0.00253486934140135,-9.76682722119149e-05,0.0107844581469072
2018-03-07,-0.0003660006082431,0,-0.00640162464560567
2018-03-08,0.00483868405080323,0.00206013863888876,-0.00238627942129377
2018-03-09,0.0174022984943525,-0.00215428695214592,0.000956807114766089
2018-03-12,-0.0012550720570762,0.0023553124021698,0
2018-03-13,-0.00646244741916646,0.00166376498993137,0.00191172424740937
2018-03-14,-0.00513165211494893,0.00195433766480169,-0.000636045729300538
2018-03-15,-0.00108954625643853,-0.000390412262522677,-0.00636432332367043
2018-03-16,0.00108430448455099,-0.00117006763131844,-0.00240194594149667
2018-03-19,-0.0135303093476086,-0.000977012830542967,0.00216696850535736
2018-03-20,0.00170066561579163,-0.00195620831929588,-0.00448470549908209
2018-03-21,-0.00191923314285347,0.000686346095372325,0.0174564060892781
2018-03-22,-0.0249972416554949,0.00411144368146377,-0.00395319407597561
2018-03-23,-0.0213144378101204,0.00136586299739472,0.0129385395299586
2018-03-26,0.027358780252321,-0.00272700792066916,0.00525035785393313
2018-03-27,-0.0170117950573399,0.00566307946188904,-0.00615841068790601
2018-03-28,-0.0029547566553082,-0.000194135542035623,-0.013804961458362
2018-03-29,0.0127777163803504,0.00203958346018163,0.000477193645041618
2018-04-02,-0.0215846423703572,0.00101897256367134,0.0116861531918595
2018-04-03,0.0128168406064035,-0.00320040369523111,-0.00754360418322431
2018-04-04,0.0106994256898651,-0.000583236502041395,0.00118760010181895
2018-04-05,0.0078918595310733,-0.00253141315784111,-0.00514032354425487
2018-04-06,-0.0222858417637566,0.00439154340508829,0.00468995487740376
2018-04-09,0.00492829316164078,0.000194136659630972,0.00340217032401724
2018-04-10,0.0159004953940789,-0.00174832790601731,0.00236558155243594
2018-04-11,-0.00524225920343679,0.000973184344472688,0.00778789995578877
2018-04-12,0.00822714600742525,-0.0035973531678547,-0.0116306131970277
2018-04-13,-0.00293312941527246,0.000878227587875369,0.00655500066068671
2018-04-16,0.00822165771542682,-0.000487626324285562,0.00141232098459043
2018-04-17,0.0106985296634787,0.000585617420125084,0.000940239357239303
2018-04-18,0.000740238050792374,-0.00389936772490518,0.00078276692071233
2018-04-19,-0.00554764684800824,-0.00273959117760969,-0.001955416527053
2018-04-20,-0.00847950024338018,-0.00333665998312493,-0.00760189053528659
2018-04-23,-0.000149802458938253,-0.000984677464649586,-0.00797594984397532
2018-04-24,-0.013467464515042,-0.00118237668283205,0.0048559194158162
2018-04-25,0.00247161707958909,-0.00217077360550944,-0.00649607599634083
2018-04-26,0.0101658705115257,0.00286750410391146,-0.00350851151070453
2018-04-27,0.000938730125982223,0.00167625435781016,0.00424100803488825
2018-04-30,-0.00769045854167127,0.00108314131185239,-0.00725102519608767
2018-05-01,0.00177671502579835,-0.00156645093040131,-0.00706314535102337
2018-05-02,-0.00671741321497754,0.000197137957507421,-0.000484985522900439
2018-05-03,-0.00220345903771724,0.00256529260522331,0.00509500400844032
2018-05-04,0.0129463849831026,9.83427922822688e-05,0.00209206741860157
2018-05-07,0.00338312507261462,-0.000492391985424168,0.000240876658715861
2018-05-08,0,-0.00167348585049654,0.000160525352139285
2018-05-09,0.00966575153747806,-0.00226766097608533,-0.00208680082252255
2018-05-10,0.00935057276510753,0.00207554763567885,0.00683663204055929
2018-05-11,0.0030513567397199,9.84748682031356e-05,-0.00143793181608221
2018-05-14,0.000476530463334734,-0.00216950988642195,-0.00408001708983996
2018-05-15,-0.00688685508634035,-0.00553397288801061,-0.0161458313224131
2018-05-16,0.00420480482882812,-0.00208663903556583,-0.00155129356792472
2018-05-17,-0.000844771748304107,-0.000597901829592296,0.000572407345661441
2018-05-18,-0.00249976671213847,0.0038863880692368,0.000408655210097919
2018-05-21,0.00751866636552756,0.000694504047442424,0.000571846195007275
2018-05-22,-0.00278034696794771,-0.00039625711402369,-0.000571519373827933
2018-05-23,0.0027511716469486,0.00456412020223351,0.00106198226884158
2018-05-24,-0.00204854271177779,0.00256785677758287,0.0085685932309385
2018-05-25,-0.00238277243817142,0.00394138860824289,-0.00307466028544168
2018-05-29,-0.0115009169999887,0.0107947494225784,-0.000162297242233489
2018-05-30,0.0133446855598038,-0.00427221697077806,0.00146116000981178
2018-05-31,-0.00612598864985825,-0.000487615344108905,-0.00218857312515131
2018-06-01,0.00981760173265034,-0.00369396451104131,-0.00495532589693115
2018-06-04,0.00475148487057964,-0.00353200021288869,-0.000979631964084571
2018-06-05,0.00072774370557549,0.00255981988676046,0.003922495029546
2018-06-06,0.00836026755165675,-0.0040266071922489,0.000569798092742824
2018-06-07,-0.000107997262656645,0.0042400448987594,-0.000488102501519205
2018-06-08,0.00295626970657126,-0.00137473527393217,0.00122091425307502
2018-06-11,0.00133014916850005,-0.000983434917210202,0.00178848237446871
2018-06-12,0.00129224377890358,-0.000590279228724788,-0.00332714153161573
2018-06-13,-0.00319087450625855,-0.00118161852169762,0.00301256104462921
2018-06-14,0.00251755885042781,0.00315431689747458,0.00154229083729729
2018-06-15,-0.00127559696463575,0.000786982188531127,-0.0165342921133068
2018-06-18,-0.00205679875918274,0.000490323859768438,-0.00189546509378924
2018-06-19,-0.00383280077889192,0.00265075448549434,-0.00255963633912748
2018-06-20,0.0017062012005864,-0.00323027401336307,-0.00447020614144045
2018-06-21,-0.00626902269733187,0.00265168105941371,-0.00174620888692578
2018-06-22,0.00182316982702257,0.000195052628121362,0.00241560415461195
2018-06-25,-0.0136127251735153,0.00137132599999124,-0.00373937977345029
2018-06-26,0.00221407452382416,0.000489390988810401,-0.00525479403307427
2018-06-27,-0.00828432634341669,0.00381210528220755,-0.00570183039572847
2018-06-28,0.00571744389342888,-0.000973421983228695,-0.00303593021414272
2018-06-29,0.00143959013753259,-0.00078035824296907,0.00363728895902526
2018-07-02,0.00213815837415066,-0.000684020585488554,-0.0100295189726268
2018-07-03,-0.00353106000532333,0.00254302915195792,0.0101311293264204
2018-07-05,0.00815788226295422,9.73054637332105e-05,0.00337127282540961
2018-07-06,0.00845793681050622,0.000877905809942403,-0.00159598854712661
2018-07-09,0.00900458158713358,-0.00253365907712755,0.0024398528860663
2018-07-10,0.00359837812259411,-0.000781816373933153,-0.0018464223070549
2018-07-11,-0.00731449969592435,0.00205324448315869,-0.0108467242261653
2018-07-12,0.00906590534130647,-0.000389694762427673,0.0041652317775609
2018-07-13,0.000787658696983051,0.00165900225454174,-0.0044019017620941
2018-07-16,-0.000893895540077905,-0.00165625452455131,-0.000510139939483345
2018-07-17,0.00404492860868011,-0.000586475155978872,-0.010803949293832
2018-07-18,0.00210364627117099,-0.000780779481025062,0.000257987440763108
2018-07-19,-0.00377131179229073,0.00273679563953189,-0.0042988565944051
2018-07-20,-0.00114294540782856,-0.00350947915167477,0.00647612482351145
2018-07-23,0.00185918869084367,-0.00489166785907902,-0.00480437174265125
2018-07-24,0.00503219306649605,0.000688416855430418,0.000344835478681027
2018-07-25,0.00852250374261154,-0.000687943263692148,0.00551533423474271
2018-07-26,-0.00235905171398942,-0.00108111361752272,-0.0077991400388232
2018-07-27,-0.00677634911344926,0.001574839482817,0.000518313809527049
2018-07-30,-0.00522318949537104,-0.00127805328311426,-0.00155400416412443
2018-07-31,0.00492879863473039,0.00137791766195683,0.00293987318119404
2018-08-01,-0.00167047721303981,-0.00236292014657691,-0.00732820492953479
2018-08-02,0.00544757603186574,0.00118434892090802,-0.00538477288404215
2018-08-03,0.00428472753465714,0.00256213438128983,0.00349285310517189
2018-08-06,0.00366734539388136,0.000492138946267096,-0.0051339744804263
2018-08-07,0.00330222330578311,-0.00206306377457288,0.00227407069598562
2018-08-08,-0.000419966724092613,0.000885727029301231,0.0027926288022071
2018-08-09,-0.00136611265015785,0.00275448052145544,-0.00147946908816488
2018-08-10,-0.00670007003322037,0.00431660517555077,-0.0004357279352869
2018-08-13,-0.00374376678826038,-0.00029308567862274,-0.0150841688037877
2018-08-14,0.00638086750061184,-0.000976880057041996,0.000973801445135924
2018-08-15,-0.00746771531434032,0.00244530615281491,-0.0166268440655534
2018-08-16,0.00809179510204827,-0.000292652908011615,-0.00080946097048995
2018-08-17,0.00352004217660418,0.000390347955038672,0.009270916232613
2018-08-20,0.00214014739217361,0.0031215651437404,0.00499424954700012
2018-08-21,0.00234546402013125,-0.00136174726988003,0.00292833609469123
2018-08-22,-0.000593908859212289,0.00185051627965604,0.00221199794218307
2018-08-23,-0.00132746299830111,-9.70420027757157e-05,-0.00944645295784508
2018-08-24,0.0060184250094717,0.000291778674234466,0.017468866017627
2018-08-27,0.00789482888558579,-0.0022353661191199,0.00376657902933042
2018-08-28,0.000483344258209728,-0.00224037417564515,-0.00794132177150697
2018-08-29,0.00538074380319209,-0.000293182656736612,0.0045742139485403
2018-08-30,-0.00404825350214766,0.00185557599286668,-0.00490365651102254
2018-08-31,3.45811687516573e-05,0.000194613690482903,-0.0011439392301672
2018-09-04,-0.00172236687124905,-0.00228492463897823,-0.00510969800139649
2018-09-05,-0.00269145219552414,-9.78692116003765e-05,0.00345346133528812
2018-09-06,-0.00301018370250639,0.00205590277230039,0.00194141564856576
2018-09-07,-0.00194347047549182,-0.00449381296796791,-0.00273029378274914
2018-09-10,0.00173859697232603,0.000588803267467464,-0.000706542689068113
2018-09-11,0.0032976487814298,-0.00362835285890994,0.000618645107202997
2018-09-12,0.000241568762530786,0.00118137962572673,0.00839071664016444
2018-09-13,0.00591516218120414,-9.83021278099239e-05,-0.00359110133389251
2018-09-14,0.000171763235312428,-0.00186828416573348,-0.00650497080931689
2018-09-17,-0.00529478870249378,0.000197262213345928,0.00522035024606593
2018-09-18,0.00542670402736567,-0.0041367295902508,-0.00149633102748636
2018-09-19,0.00106575021759836,-0.00168150536974254,0.00387865658094699
2018-09-20,0.00810373402884568,9.95055382044807e-05,0.00342465225723654
2018-09-21,-0.000913657279213775,0.00039616859259195,-0.00682592808445071
2018-09-24,-0.00332215711061579,-0.00108903218927858,-0.000176197404558986
2018-09-25,-0.000927890118992525,-0.000991017851299958,0.00158632504837919
2018-09-26,-0.00299213491928063,0.00327381206547162,-0.0052793529790176
2018-09-27,0.00279449950311772,0,-0.00884564328178006
2018-09-28,0.000102901952808709,0.00049460834345072,0.00633644859557969
2018-10-01,0.00347417285466434,-0.00253553794378203,-0.00168501629838957
2018-10-02,-0.000582596689519765,0.00258163650764853,0.0115483970443484
2018-10-03,0.000548777130864764,-0.00742810648584769,-0.00395191505034465
2018-10-04,-0.00781557967885882,-0.00259416807309409,0.000529052979701294
2018-10-05,-0.00559690263650392,-0.00240125275438741,0.00281987738242728
2018-10-08,0,0.000400927733027912,-0.0110720747138989
2018-10-09,-0.0014597488176088,0.00190490306200641,0.000533122073093084
2018-10-10,-0.0316630524484397,0.000500669219934302,0.00248666770063366
2018-10-11,-0.0220263092813207,0.00409975950477848,0.0256910134341024
2018-10-12,0.0138882042594435,-0.00119506357108357,-0.00475034918087547
2018-10-15,-0.00561712711543672,0.000598474527791826,0.00668225827157931
2018-10-16,0.0218660923931813,-9.96253848760675e-05,-0.00172411162277586
2018-10-17,0.000178386969245103,-0.00289042583895061,-8.63742311519866e-05
2018-10-18,-0.0144415198592662,0.00179927378719591,0.00112269844019464
2018-10-19,-0.000542348637055934,-0.0011973006941558,0.000776431752128159
2018-10-22,-0.0044887597338128,0.000199545900714471,-0.00258601022526239
2018-10-23,-0.00509061525383747,0.00259722978583943,0.0058767635515975
2018-10-24,-0.030298820953661,0.00537880920852385,0.00231982364358552
2018-10-25,0.017940734985658,-0.00237871771976295,-0.00222871702441452
2018-10-26,-0.017587281734282,0.00446955047832143,0.00317865216784141
2018-10-29,-0.00554031288195167,-9.8937608859484e-05,-0.00393936026116437
2018-10-30,0.0148184942154479,-0.00217503550810993,-0.00438478649764473
2018-10-31,0.0106807615473943,-0.00247799032385665,-0.00561313910836825
2018-11-01,0.0106416168757391,0.000856373546273659,0.0128527634209921
2018-11-02,-0.00592275924600361,-0.00556978348015535,0.00017151910256441
2018-11-05,0.00551722332235594,0.000599375248676148,-0.00240033241006765
2018-11-06,0.00632783234092571,-0.00109912319013206,-0.00283579808598644
2018-11-07,0.0214087905087337,0,-8.61955890303356e-05
2018-11-08,-0.00181495165995338,-0.00140103723481022,-0.00215461520839566
2018-11-09,-0.00976800879964501,0.00390843048281542,-0.0112281519784871
2018-11-12,-0.0186855683996827,0.00299499017342786,-0.00716282032477189
2018-11-13,-0.00187115111767844,0.000796248944106237,0.000351867718145549
2018-11-14,-0.00683642884149238,0.00208793504919447,0.00826739196689608
2018-11-15,0.010436822907838,0.000695131554167894,0.00113396069530802
2018-11-16,0.00260008718562621,0.00307468635449837,0.0074061699780259
2018-11-19,-0.0169145961214705,0.00148259198624978,0.000432411530663757
2018-11-20,-0.0185058131811473,-0.000197518327162527,0
2018-11-21,0.00340752445256576,-0.000197377259618436,0.0016426250921997
2018-11-23,-0.00667864878625135,0.000592789048154962,-0.000776833823682654
2018-11-26,0.0161441458213787,-0.000789827134517807,-0.00112289243489228
2018-11-27,0.00336446904970567,0.000987906678265205,-0.00596681464067672
2018-11-28,0.0230255003672402,-9.84501923919634e-05,0.003740759604975
2018-11-29,-0.00218520652018139,0.00256571702376851,0.00312013016919477
2018-11-30,0.00609528960885686,0.00196927510711276,-0.00172798472381519
2018-12-03,0.0132411861847082,0.00218571421276015,0.00752988350084993
2018-12-04,-0.0324022267643043,0.00461694632514931,0.00609912432039628
2018-12-06,-0.00151710400365879,0.00254297844470464,0.000170736360972201
2018-12-07,-0.0232360706034701,0.00292574586237615,0.00810992789135145
2018-12-10,0.00189706308093807,0.000584203288230167,-0.00347189470259512
2018-12-11,0.000227392789061698,-0.00252765185856718,-0.00118966170365342
2018-12-12,0.00503519381362549,-0.0027285207028398,0.00212693549474841
2018-12-13,-0.000339013097351293,0.000586320799637496,-0.00220733622726144
2018-12-14,-0.0184646494296699,0.00156296140485912,-0.00399898941193377
2018-12-17,-0.0196185197670291,0.00292424927366208,0.00691957291031509
2018-12-18,-0.00109633383553143,0.00246542168238761,0.00237548801877097
2018-12-19,-0.0149758803475248,0.00349894642423609,-0.00609395862382034
2018-12-20,-0.0162777440650195,-0.00125960123854774,0.0154134169623623
2018-12-21,-0.020489666686191,0.000872962090515905,-0.00436092462582138
2018-12-24,-0.0264227607797494,0.00251877202165995,0.0109500961000353
2018-12-26,0.0505247207274433,-0.00473520615553091,-0.00299944168493516
2018-12-27,0.00767725216155468,0.00252439729022758,0.00760484710734777
2018-12-28,-0.00128988799275775,0.00542420983168612,0.00406401148718794
2018-12-31,0.00875871076161649,0.00375642165977541,0.00156948988301475
2019-01-02,0.00104037822033498,0.00211119095920465,0.000659808915917548
2019-01-03,-0.0238628239540591,0.00794927049287208,0.00906617042380553
2019-01-04,0.0334960565971283,-0.00807647979784365,-0.00808623590053315
2019-01-07,0.00788457757132432,-0.00277786717626705,0.00345848287633777
2019-01-08,0.00939512794438047,-0.0024973278740027,-0.00270804061547791
2019-01-09,0.00467358547610774,0.000578522795906089,0.00641815837350168
2019-01-10,0.00352753017423901,-0.000481619668330935,-0.00588669148127552
2019-01-11,0.000386291070122669,0.0029849276846432,0.00172717098603581
2019-01-14,-0.00610101585277623,-0.000576483835657005,0.00238089719923718
2019-01-15,0.0114609784810649,-0.000960255756518591,-0.00172003514433572
2019-01-16,0.00241986654825599,-0.000576846933880493,0.00319986378763271
2019-01-17,0.00758653504599716,-0.00182798379807936,-0.00130854696251492
2019-01-18,0.0133100263594483,-0.00318034663231515,-0.00892641030085783
2019-01-22,-0.01351062651984,0.00348040268402205,0.00355313433402449
2019-01-23,0.00209269148227453,-0.000481564454523742,-0.00139973794332371
2019-01-24,0.00053136483126881,0.0031811347269779,-0.00156664283738794
2019-01-25,0.0084614948630195,-0.00230623200955871,0.0146172625814767
2019-01-28,-0.00760014274672371,0.000289142160862621,0.00349992107308172
2019-01-29,-0.00132706844877728,0.00288874969310515,0.00559658071443891
2019-01-30,0.0158306933558603,0.00230362818605845,0.00572672257822027
2019-01-31,0.00878256018581958,0.00459788511202053,0.000481173770304544
2019-02-01,0.000481217546571155,-0.00535099073981893,-0.00200400801603207
2019-02-04,0.00703562635917554,-0.0022092422914386,-0.00433735675122093
2019-02-05,0.00419197087127565,0.00173290281942506,0.00258147545327048
2019-02-06,-0.00131793943197711,0.000768324143257004,-0.0067589020449117
2019-02-07,-0.00953342471777652,0.00326587302796022,0.00243029339298984
2019-02-08,0.00122185293515997,0.00134007223673782,0.00379829666087783
2019-02-11,0.000554481189281031,-0.00152963478994839,-0.00491104270870457
2019-02-12,0.0128592865370813,-0.00133980851053883,0.00210357717994181
2019-02-13,0.00324707689217751,-0.00249313016584107,-0.00395606217790578
2019-02-14,-0.00221821866906935,0.00470931664003449,0.00559288965429738
2019-02-15,0.0108973666578072,-0.00095655365377445,0.00596490011064588
2019-02-19,0.00173044572410141,0.00172387897758774,0.0152243096956979
2019-02-20,0.00201554955734351,-0.000191857299053799,-0.00173633462199585
2019-02-21,-0.00355624691900902,-0.00296322633005486,-0.0113061374701301
2019-02-22,0.00620044575554735,0.00297203313689987,0.00359853608364769
2019-02-25,0.00136115801250503,-0.00152934845060382,-0.00103583468858959
2019-02-26,-0.000715716660683818,0.00296845920984579,0.00167503453675022
2019-02-27,-0.000429165021867628,-0.00353245497618659,-0.0070871108191759
2019-02-28,-0.00186242286443872,-0.00258652347734711,-0.00561395913008289
2019-03-01,0.00624359101231065,-0.00328173012972688,-0.0170175066271901
2019-03-04,-0.00363771735132368,0.0030894099355403,-0.00262553086671502
2019-03-05,-0.00135983091623881,0.000577812202937622,0.00131625259396584
2019-03-06,-0.00605647531526565,0.00279020362535021,-0.000903718446005786
2019-03-07,-0.00836582117506213,0.00335701027736302,-0.000822288246197789
2019-03-08,-0.00200004961459044,0.00143430037774683,0.01094555327363
2019-03-11,0.0145016178443322,-0.000763444340322605,-0.0048843901986988
2019-03-12,0.00377057294806127,0.0027710152752809,0.00605370996479149
2019-03-13,0.00661879167561308,-0.000381259805115608,0.00699294972745257
2019-03-14,-0.000639427947222715,-0.00143001093522621,-0.0115470988216144
2019-03-15,0.00494079600960373,0.00314963145228386,0.00457476956000891
2019-03-18,0.00362578061522623,-0.00133142773635164,0.000569242043824802
2019-03-19,0.000247780920868745,-0.000667290838836321,0.00276329921457341
2019-03-20,-0.00300964246812618,0.00696013666217787,0.00648405794753604
2019-03-21,0.0112945551420895,-0.000473339761002278,-0.00402641326116315
2019-03-22,-0.0192463967104578,0.00738895088927105,0.00234476806930339
2019-03-25,-0.000751966124221015,0.00253952604132701,0.00766311961674293
2019-03-26,0.00745405499839302,-0.000844392674408612,-0.0049631374181458
2019-03-27,-0.0052289896540928,0.0029102800772034,-0.00522929613773493
2019-03-28,0.00379049180147062,9.33836301124646e-05,-0.0141528506138654
2019-03-29,0.00630533665461663,-0.00159109831497717,0.000902383994865197
2019-04-01,0.0118594059233765,-0.00687624005833476,-0.00393413120669439
2019-04-02,0.000489730649330111,0.00170259589097421,0.00370282713862458
2019-04-03,0.00157343139894683,-0.00311634759255053,-0.00147565420743023
2019-04-04,0.00265355207544049,0.00104205835766114,0.00254513588527816
2019-04-05,0.00484019374458877,0.000473511458140896,-0.00106459137472947
2019-04-08,0.000762252835733612,-0.001608357448736,0.00434496445901167
2019-04-09,-0.00512501137874721,0.00179983298808573,0.00522405826862471
2019-04-10,0.00341116440031874,0.00236394209878221,0.00308564554372448
2019-04-11,-0.000277558915169118,-0.00226393359718458,-0.0127904302328853
2019-04-12,0.0067657606902487,-0.00463278897941988,-0.000983969825254949
2019-04-15,-0.00065463310832381,0.00132969225615542,-0.00188790407516337
2019-04-16,0.000655061933553469,-0.00341546332245224,-0.00896378578592638
2019-04-17,-0.00244678902285367,0.000190059346288241,-0.00190858312883435
2019-04-18,0.0019689504369429,0.0023797574746911,0.000748287065168274
2019-04-22,0.000862285566038956,-0.00142427606084905,0
2019-04-23,0.0089916951348028,0.00180693654566455,-0.00207692942008431
2019-04-24,-0.00221921612604059,0.0037962552147861,0.00291374014417389
2019-04-25,-0.000615797739192292,-0.00122922571837558,0.000830069503675146
2019-04-26,0.00465647600243968,0.00265066378961731,0.00663517503344857
2019-04-29,0.00156771011333423,-0.00207691505928798,-0.00444921235319173
2019-04-30,0.000510454754320655,0.00198695421849493,0.00306211298171077
2019-05-01,-0.00751626388430526,-0.000454458478886033,-0.00660062246292492
2019-05-02,-0.00215897444708335,-0.00283952513248309,-0.00382059035417981
2019-05-03,0.00978753876430183,0.00132862858968896,0.00591961872620317
2019-05-06,-0.00411540461424498,0.00255970553949592,0.00132611712135522
2019-05-07,-0.0166994808426375,0.00340465281255442,0.00331099688736436
2019-05-08,-0.00138917682184347,-0.00188505582413889,-0.00247500556579427
2019-05-09,-0.00302575407915928,0.00264380719803836,0.00239842260648171
2019-05-10,0.00502352339162115,-0.000659293807431238,0.00189771751423562
2019-05-13,-0.0251303517350855,0.00499465264881738,0.0102116269509402
2019-05-14,0.0090436352960499,-0.000938051203271062,-0.00171190256465792
2019-05-15,0.00585782731315176,0.00319132036610714,-0.000571612733532012
2019-05-16,0.00926084931564586,-0.0019647598899748,-0.00719010750720228
2019-05-17,-0.00646512465309013,0.000469062677666665,-0.00707761167995713
2019-05-20,-0.00661208232119626,-0.00168707433845949,-8.29020812640469e-05
2019-05-21,0.00901608891843697,-0.00112577148445159,-0.0023209448003364
2019-05-22,-0.00307176053061686,0.0030061742611116,-0.000997031787748903
2019-05-23,-0.0122184537631168,0.00608926094897777,0.00773453361358745
2019-05-24,0.00226833169885765,-0.000279802487624603,0.00107291313672997
2019-05-28,-0.00930071775656971,0.00437791961984546,-0.0038747008151554
2019-05-29,-0.00671058361967847,-0.000371130135116027,0.000331051186963638
2019-05-30,0.00273108672075284,0.00361808655548068,0.00678414557947193
2019-05-31,-0.0134753415957571,0.00665498401093667,0.0134768621640768
2019-06-03,-0.00254283621246476,0.00481161550151699,0.014432812396576
2019-06-04,0.0217065321079108,-0.00366259208955766,0.000319725963806805
2019-06-05,0.00866210432757941,0,0.00255692921232464
2019-06-06,0.00650296893668645,-0.000183410367064818,0.00326768174644232
2019-06-07,0.0100066778590764,0.00395214424979451,0.00564028519196458
2019-06-10,0.00458932393327482,-0.00494410809628321,-0.0099533497376274
2019-06-11,-0.00024243904937904,0,-0.00119685249890289
2019-06-12,-0.00176502780106602,0.00257602768144194,0.0051925349440356
2019-06-13,0.00412634580227467,0.00247815986007982,0.0061193406330855
2019-06-14,-0.00110528959687117,0.000732384341871395,-0.000315963001651709
2019-06-17,0.000380275873926417,-0.000182900407356357,-0.00063206544882366
2019-06-18,0.0104713476164544,0.00192088784780386,0.00506008359156884
2019-06-19,0.0022569207699159,0.00273997861544206,0.00605724218399373
2019-06-20,0.00955413018747842,0.00163867626396796,0.0251778969119663
2019-06-21,-0.00145362168210461,-0.00409101022368308,0.0066356121816562
2019-06-24,-0.00122410403611317,0.00346919573489735,0.0148507863109288
2019-06-25,-0.00980804912612598,0.00154633091563361,0.00194112663951707
2019-06-26,-0.000997500046667765,-0.00408778346768635,-0.00916539311109943
2019-06-27,0.00354621041560232,0.00301011602013324,-0.000977700846946927
2019-06-28,0.00514589004213573,0.000454630180707571,0.00271003176961315
2019-07-01,0.00907812053057988,-0.00125638601604394,-0.0193693835597947
2019-07-02,0.00260436146165333,0.00355527926201926,0.0213597354862698
2019-07-03,0.00799500133291642,0.00190810708260436,0.0016490608999622
2019-07-05,-0.00113775834527075,-0.00634732157627982,-0.0111502315252525
2019-07-08,-0.00549488656785757,-0.00100352462021591,-0.00643261773453274
2019-07-09,0.00124666186295985,-0.000639084125882872,0.00350374542913157
2019-07-10,0.00477794939881759,0.000548031234089308,0.0157874901787856
2019-07-11,0.00234413976912085,-0.00493294086242702,-0.00844358415416835
2019-07-12,0.00447704876117649,0.00110179904760654,0.00625472381418923
2019-07-15,0.000332476705883433,0.00210916240460013,0
2019-07-16,-0.00322501707510237,-0.00219637573366127,-0.00846255443078892
2019-07-17,-0.00680501923446131,0.00467674907295845,0.0164653174854028
2019-07-18,0.00366083073037271,0.00246508008028501,0.0141179511861589
2019-07-19,-0.00555487050725778,-0.00182093213877377,-0.0147273928030349
2019-07-22,0.00245646616247219,0.000456186302162598,-0.000148763830441156
2019-07-23,0.00715001265228388,-0.00164158731509545,-0.00565261825278107
2019-07-24,0.00469968744409766,0.00146157894132837,0.00508633901835731
2019-07-25,-0.00477746488702324,-0.00173298451560011,-0.00707000805808244
2019-07-26,0.00670035272821212,-0.000182593696311351,0.0016489373686277
2019-07-29,-0.00182111258212991,0.000913873267001541,0.00665967819300906
2019-07-30,-0.00245494660781898,0.000456027846701845,0.00334495616089514
2019-07-31,-0.010940141887987,0.00255499956145999,-0.0131129728085396
2019-08-01,-0.0087080534021996,0.0113426062067477,0.0240221964339027
2019-08-02,-0.00752974473282797,0.00207390054678869,-0.00381206845906301
2019-08-05,-0.0300728248459342,0.00863662724037306,0.0139818522703572
2019-08-06,0.0140229389172164,0.00160526175523845,0.00812838689708184
2019-08-07,0.000590622134084562,0,0.0151896951603605
2019-08-08,0.0196197453863098,8.92776290917219e-05,0.00503468609819535
2019-08-09,-0.00681115361567719,-0.00151359539416407,-0.00331617325104938
2019-08-12,-0.0121735431042763,0.00633201399064198,0.00969850226002733
2019-08-13,0.0155517387950155,-0.00354496383700309,-0.00595951815477669
2019-08-14,-0.0295674383883017,0.00666999556916625,0.00684159422382957
2019-08-15,0.00264170454186607,0.00636112719594961,0.00665496986509284
2019-08-16,0.0147552077830924,-0.00263402430166837,-0.00640221425527498
2019-08-19,0.0120477498180127,-0.00475275591395652,-0.0116963032863336
2019-08-20,-0.00766278355153205,0.00442199403644916,0.00779538019103598
2019-08-21,0.00813510219896463,-0.0026415156553935,-0.0031644201236587
2019-08-22,-0.00030756156476619,-0.00220669765165482,-0.00253950778994017
2019-08-23,-0.0256874466819594,0.00672398960415688,0.0195898471854876
2019-08-26,0.0110584884633609,-0.000966358701672831,0.000138754752826875
2019-08-27,-0.0039234704938419,0.00431061524371823,0.0095707390210622
2019-08-28,0.00704169323113035,0.000350083534278678,-0.00281653940702786
2019-08-29,0.0127727622079987,-0.00192631535841659,-0.00716456681374733
2019-08-30,-0.000444659790320712,0.000262761190164884,-0.00256727123038802
2019-09-03,-0.00584701279100985,0.00219661883830424,0.0139130434782608
2019-09-04,0.0113505794608402,0.00157850052799713,0.00624359287896392
2019-09-05,0.0128554119010489,-0.00805236696266454,-0.0240011194911106
2019-09-06,0.000772245789693704,0.000617150128556121,-0.00852313277843453
2019-09-09,0.000503122060149019,-0.00617274262169731,-0.00373448975574298
2019-09-10,-0.00023470237398926,-0.00727602261556359,-0.00855793704710639
2019-09-11,0.00711125163388915,-0.000983130572978386,0.00606367632991645
2019-09-12,0.00346382320791827,-0.00223690660638887,0.00205636068518911
2019-09-13,-0.000664212125362384,-0.00914645296151151,-0.00827917751978835
2019-09-16,-0.00308857897598558,0.00434449238562395,0.00834829453220798
2019-09-17,0.00253207095189878,0.00261258544414877,0.00198131025180759
2019-09-18,0.000598145089226287,0.000359622712850838,-0.00628530615315348
2019-09-19,-6.65079209916097e-05,0.000449406964401877,0.00405082821571523
2019-09-20,-0.00472506383337623,0.00574698196103851,0.0118204854429098
2019-09-23,-0.000234573422322693,0.00142855568540212,0.00559638383236671
2019-09-24,-0.00784694347198589,0.00499269277427961,0.00528691830842432
2019-09-25,0.00591516582415186,-0.00656489832489116,-0.0185453794038738
2019-09-26,-0.00208314282489352,0.00214357598121451,-0.000282088023728866
2019-09-27,-0.00538747907424042,0.00142575482755447,-0.00514842910011193
2019-09-30,0.0046381461047813,0.000800641340772623,-0.0155253259556899
2019-10-01,-0.0118950870375384,0.00276954560668785,0.00547281480771011
2019-10-02,-0.0176643276504111,0.00346317558688836,0.0116736343695756
2019-10-03,0.00819263151284844,0.00522124973643612,0.00453064855256691
2019-10-04,0.0135320671050028,0.001936624964199,0
2019-10-07,-0.00431472034920977,-0.00333877790841708,-0.00852707193180502
2019-10-08,-0.0155248936225258,0.00211571204145766,0.00874259511120035
2019-10-09,0.00949634999566706,-0.00255096689658807,0.00091604343637508
2019-10-10,0.00676357300073316,-0.00626203279023241,-0.00872935914483708
2019-10-11,0.0103670180741342,-0.00683468217182326,-0.00553937073234056
2019-10-14,-0.00111373142615234,0.00277056326805836,0.00399912564076099
2019-10-15,0.00990027719551589,-0.00481216902161785,-0.00697059359176389
2019-10-16,-0.00160581930412285,0.00196960227693066,0.00573027038363683
2019-10-17,0.00294892462990948,-0.000357006489808298,0.00142437819974894
2019-10-18,-0.00437752718378226,0.000894072525905676,-0.00106673704454818
2019-10-21,0.00677952396134707,-0.00366219952617763,-0.00477013666316328
2019-10-22,-0.00326687349556865,0.00233098478783011,0.00293299722298257
2019-10-23,0.00290980143049113,0.000357852800126235,0.00235379342537945
2019-10-24,0.00163381193951717,-0.000178942242937352,0.00711591837106962
2019-10-25,0.00409507262904962,-0.00214633354718197,0.00233167408960133
2019-10-28,0.00563655094888027,-0.00376430291845642,-0.00860003676480281
2019-10-29,-0.000296744802460114,0.00089954203452991,-0.00277303321487865
2019-10-30,0.00306749450798471,0.00485381954148711,0.00549022654161146
2019-10-31,-0.00266343657354662,0.00635060915652663,0.00999849922423635
2019-11-01,0.0092641147812984,-0.00188703237132792,0.000912763389021132
2019-11-04,0.00401755970983042,-0.00508364159428154,-0.00287600778010311
2019-11-05,-0.00110651920501414,-0.00537818248029454,-0.0161800062731124
2019-11-06,0.000228216225692801,0.00288364361787585,0.00429024539535505
2019-11-07,0.00351687507772125,-0.00799782683862282,-0.0155214861028752
2019-11-08,0.00246605593298455,-0.00135867523832922,-0.00636439470327155
2019-11-11,-0.00191003023309344,0.00108874254765401,-0.0024019348753187
2019-11-12,0.00210794887943688,0.000453041632804796,0.00269951206608487
2019-11-13,0.000324177376827661,0.00271685734875637,0.00400205982005364
2019-11-14,0.00145544841566725,0.00505855821787904,0.00420352115534417
2019-11-15,0.00723641966615873,-0.000808917939626119,-0.0025259154943259
2019-11-18,0.000737698072040827,0.00170889320632495,0.00296641620291505
2019-11-19,-0.000288451672731949,0.00188564719910045,0.000505030491155356
2019-11-20,-0.00371878669890369,0.00367429111842399,0.000504665543282989
2019-11-21,-0.0016089550333801,-0.00250017138913783,-0.00547704336208055
2019-11-22,0.00222371984417946,-0.000179042682800667,-0.00188401816547823
2019-11-25,0.00775031838390339,0.000447726780639535,-0.00479166281245547
2019-11-26,0.002265867335979,0.00187940344282556,0.00481473339139882
2019-11-27,0.00445727540666874,-0.0025906725433712,-0.00529991982876932
2019-11-29,-0.00370853296588392,-0.000805693600050783,0.00620397151737406
2019-12-02,-0.00849462501059928,-0.00359110076445535,-0.000507814622871305
2019-12-03,-0.00670676316704066,0.00891834666721802,0.00957984896245589
2019-12-04,0.00617054083052082,-0.00383883507263871,-0.00136584314983357
2019-12-05,0.00179782166850351,-0.00233048515767298,0.000575884193128928
2019-12-06,0.00913387276592559,-0.00305460255049028,-0.0099280926821006
2019-12-09,-0.00314403607264668,0.00081106521476193,-0.000290606652753933
2019-12-10,-0.00111521611949739,-0.00117031306134896,0.00283470987394607
2019-12-11,0.00283883623876413,0.00414644761406491,0.00688553265084302
2019-12-12,0.00861898197500754,-0.00790005204723276,-0.00352724949339611
2019-12-13,0.000599141329525432,0.00588157421789082,0.00447887314008
2019-12-16,0.00687013641180623,-0.004677602673959,-7.19868062230011e-05
2019-12-17,0.000218993834143255,9.04586705277044e-05,-0.000215756478319729
2019-12-18,6.27959904206943e-05,-0.00271085908007007,7.20075247864216e-05
2019-12-19,0.00409880864165801,0.000780037054786131,0.00258955977044462
2019-12-20,0.00438429813687247,0,0.00100444385668319
2019-12-23,0.0015274155473004,-0.00090665976062565,0.00308194282263119
2019-12-24,3.14997335002509e-05,0.00172449927663698,0.00943199251877935
2019-12-26,0.0053231833230909,0.00144915019924574,0.0078572986251928
2019-12-27,-0.000247863688001893,0.00144801854750876,-0.000351194339388794
2019-12-30,-0.00551330898764313,-0.000632592109427788,0.00210779911401326
2019-12-31,0.00242955310055604,-0.00361565336283831,0.00189293279414704
2020-01-02,0.00935185956606244,0.00462684384212464,0.00734781733103929
2020-01-03,-0.00757233975913585,0.00668314050992413,0.0132685217270045
2020-01-06,0.00381500701311621,-0.001076775471057,0.0104895020766058
2020-01-07,-0.0028115071620276,-0.00143711513330869,0.00393515050856119
2020-01-08,0.00532906969128177,-0.00233794332638537,-0.00750152464144005
2020-01-09,0.00678087657357418,0.000720676844686796,-0.00565165346319962
2020-01-10,-0.00287781257619502,0.00216231577643966,0.00602619249584468
2020-01-13,0.00687767625954883,-0.00116858069277059,-0.00741948343012078
2020-01-14,-0.00152474368594047,0.00197965326141047,-0.000891543521349236
2020-01-15,0.00225980968402784,0.00251495821952563,0.00583424277907385
2020-01-16,0.00831819608190831,-0.00206056222353002,-0.00156950824400492
2020-01-17,0.00311263762157266,-0.000807902420777884,0.00184542599252557
2020-01-21,-0.00195826203791349,0.00395314291758408,0.00109157907020241
2020-01-22,0.000120754187511674,0.000179121841446417,0.000340655520633337
2020-01-23,0.00114692548884854,0.00250534723364715,0.00224812212104775
2020-01-24,-0.0088929858875374,0.00356982830825769,0.00584557258628204
2020-01-27,-0.0160293015290652,0.00675943261792211,0.00682531284488364
2020-01-28,0.0104790672592696,-0.00335682835646511,-0.00892678556962689
2020-01-29,-0.000826137870325816,0.00478636706220303,0.00541787235484992
2020-01-30,0.00324532585967185,0.000970346049042226,6.73212069515206e-05
2020-01-31,-0.018157715536122,0.00502310438382669,0.00579242003961178
2020-02-03,0.0074283785483773,-0.000851582542417573,-0.00649568880204276
2020-02-04,0.0152412349839892,-0.00580017606464966,-0.0130089507052504
2020-02-05,0.0115481144882381,-0.00433090816499881,0.0012293105482124
2020-02-06,0.00336496986214674,0.000709966419675911,0.00538839971927696
2020-02-07,-0.00532984016578686,0.0047910397520492,0.00264585756986468
2020-02-10,0.00746526941828018,0.00194191564031176,0.00257124907013329
2020-02-11,0.00173315292046161,-0.00237908558103839,-0.00344195527528113
2020-02-12,0.00644280774260375,-0.00256139633121699,-0.000812748022481546
2020-02-13,-0.00106697676719991,0.000885454019301068,0.00569345014846179
2020-02-14,0.00160172880106635,0.00247731361811399,0.00417842766400822
2020-02-18,-0.0025766506331184,0.00158855046122341,0.0128188165242216
2020-02-19,0.00478133426131122,-0.000175825723608192,0.00583122127539215
2020-02-20,-0.00410845062081688,0.00290809130739911,0.00408465909084832
2020-02-21,-0.0102984348931936,0.00404319725350999,0.0150252163972771
2020-02-24,-0.0331648652083093,0.00778934440442369,0.00898512874640889
2020-02-25,-0.0303023241265644,0.00277913082213188,-0.0178742606931288
2020-02-26,-0.00367839904247802,-0.000519277564317466,0.0043705032981558
2020-02-27,-0.044911813369941,0.00485236606420036,0.000194835221531076
2020-02-28,-0.00420131375518962,0.0112108219097209,-0.0364934747869351
2020-03-02,0.0433067528975302,-0.000683130094364159,0.00552629760376155
2020-03-03,-0.0286323565573141,0.0116201652424113,0.0314343333601608
2020-03-04,0.0420327323016654,-0.00219585228568364,0.00175452773755191
2020-03-05,-0.0332419838858521,0.00888734572535399,0.0216009454589388
2020-03-06,-0.0165307770000644,0.0101519609327776,0.000380961054678552
2020-03-09,-0.0780944029624983,0.00897024599172114,0.00165023485750471
2020-03-10,0.0517446598646196,-0.018357177265135,-0.0211013363067735
2020-03-11,-0.0487484302842409,-0.00997854457103364,-0.00356035128799503
2020-03-12,-0.0956771753426717,0.000508136608822429,-0.0398882588306264
2020-03-13,0.0854862832219292,-0.00651885078590553,-0.030516237307788
2020-03-16,-0.109423583089919,0.0264165511453682,-0.01144611532399
2020-03-17,0.0539918341308425,-0.0250725064966486,0.013555479929537
2020-03-18,-0.0506329348018273,-0.0138806795532403,-0.0199219884298529
2020-03-19,0.00212531149355599,0.00328141537423243,-0.0189054990746552
2020-03-20,-0.043094484326432,0.0254779510977741,0.0149957072218065
2020-03-23,-0.0255681171007209,0.0118349000915807,0.0441795904249584
2020-03-24,0.0906033660115642,-0.00680283319812003,0.0485303533603767
2020-03-25,0.0149702505805307,0.000584903359823974,-0.013689640992705
2020-03-26,0.0583895500189964,0.00242057004809859,0.0128222234122648
2020-03-27,-0.0297855617242408,0.00741145405058474,-0.00646048980472125
2020-03-30,0.0324757167212393,0.0023144857660693,0.00440064478781599
2020-03-31,-0.0149055170606363,0.00181419469108768,-0.0318466856885955
2020-04-01,-0.0450048867394469,0.00407155267589765,0.00945622335444685
2020-04-02,0.0230755971847445,0.000163749020738013,0.0163934225377771
2020-04-03,-0.0144543262458677,0.000738640172162297,0.00493745905290233
2020-04-06,0.0671663832004277,-0.0045102253034931,0.0277105218176195
2020-04-07,0.00101942401978983,-0.00444907211384826,-0.00535448476882994
2020-04-08,0.0335682916743221,-0.00124057001128097,-0.00890796878656708
2020-04-09,0.0152172526405949,0.00215402469191228,0.0261235609723087
2020-04-13,-0.00912981027777626,-0.00214939484234922,0.0171403439338111
2020-04-14,0.0294926746433668,0.0013253391218333,0.00786809358068385
2020-04-15,-0.0212481800342973,0.00893599398969336,-0.00510195850524253
2020-04-16,0.00482459817774439,0.00106624213613649,-0.000864994651649686
2020-04-17,0.0270154439727335,-0.00262151027410229,-0.0194174711476202
2020-04-20,-0.0176183075292161,0.00262840065341963,0.00712612456221029
2020-04-21,-0.0303630560309747,0.00278544537844172,-0.00682527463192917
2020-04-22,0.0221946674605602,-0.00310445060024767,0.0196708600036621
2020-04-23,-7.20830539531203e-05,0.000655519781451064,0.00995486708021875
2020-04-24,0.0139386081709787,0.000245640747289277,-0.0042855207783582
2020-04-27,0.0144187811255783,-0.00532197290579173,-0.00664044414109088
2020-04-28,-0.00459842698175605,0.00436287029236548,-0.00445655627372665
2020-04-29,0.0261784022285045,-0.000491643797828623,0.0055334457219105
2020-04-30,-0.00931036559848986,-0.00237785881283925,-0.0181165693018199
2020-05-01,-0.0264738841258985,0.00138248468785718,0.00617125761149739
2020-05-04,0.00275835674911651,0.000164246962575554,0.0035048038732779
2020-05-05,0.00923947484848009,-0.000739462477950759,0.00424103748347981
2020-05-06,-0.00677928076588252,-0.00369975743803352,-0.0128555910402062
2020-05-07,0.0120673807446536,0.00610642932301264,0.0153507548804832
2020-05-08,0.016546241540508,-0.00328082727505685,-0.00601029322988667
2020-05-11,0.000205022436675417,-0.00279771871822809,-0.00623363677480449
2020-05-12,-0.0199317912359661,0.00330049631577967,0.00388906739624328
2020-05-13,-0.0176857243676202,0.00205602429675045,0.00962264814750791
2020-05-14,0.0119677855140436,0.00155973550953448,0.00885005978200293
2020-05-15,0.00459669015475073,-0.000655337790482102,0.00564381448958584
2020-05-18,0.0304596577482126,-0.006150659780367,-0.00756414499955138
2020-05-19,-0.010271212728747,0.00280562910277582,0.00965020617044643
2020-05-20,0.0169878587329491,0.000246824357094111,0.00237428103427684
2020-05-21,-0.00690370655931916,0.000657963074725432,-0.0145763375976369
2020-05-22,0.00189894744473951,0.00189090013947069,0.00591683644910312
2020-05-26,0.0123203818429556,-0.00262602914161192,-0.0142148595599675
2020-05-27,0.0148792341530155,0.00082304958142787,0.00180243201711172
2020-05-28,-0.0018448313822792,-0.000904057193965691,0.00335034476647644
2020-05-29,0.00445563399589011,0.0032080153790206,0.00735841227073686
2020-06-01,0.00404194079485509,-0.000393623673856203,0.0046037688486924
2020-06-02,0.00828015989678921,-0.0016425594597399,-0.0064768271714174
2020-06-03,0.0133081247147724,-0.00592265196584074,-0.0184501838092805
2020-06-04,-0.00262639240963303,-0.00397134957561551,0.0105262694958255
2020-06-05,0.0256293625467754,-0.00498498994739993,-0.0202753242634619
2020-06-08,0.0120873481895238,0.00108547387068625,0.0108221427334652
2020-06-09,-0.00745665146602514,0.00358623124322976,0.00964183116931605
2020-06-10,-0.00557998961371498,0.00747971636895528,0.0143247730129688
2020-06-11,-0.0576489901365648,0.00354688644203005,-0.00721408498950571
2020-06-12,0.0119755248133995,-0.00221933290233867,0.00141631706634926
2020-06-15,0.00933580638113773,-0.00082395988536843,-0.00178325725519812
2020-06-16,0.0192476507127506,-0.00206101529475755,-0.000492834535530062
2020-06-17,-0.00415386286545538,0.00156986077656329,0.00191061669395376
2020-06-18,0.00038497059459619,0.0022266212426385,-0.00196845515647026
2020-06-19,-0.00571473050076887,0.000329605852523507,0.0110329957194708
2020-06-22,0.0064151943604811,-0.000905062750684138,0.00646221768263389
2020-06-23,0.00460363297862543,-0.000329358918586764,0.00841964637762227
2020-06-24,-0.0255088503238214,0.00189458338501503,-0.00348391305826456
2020-06-25,0.0107207422247966,0.000164640270818639,-0.000602717591348334
2020-06-26,-0.0237514124366696,0.00271281048750893,0.00446314970298278
2020-06-29,0.0146971878951601,0.000983702231332817,0.000540480366925111
2020-06-30,0.0128097191150474,-0.00180168177240358,0.00444091827817239
2020-07-01,0.00700467199659904,-0.00156069240046819,-0.00448108993176988
2020-07-02,0.00550680979929941,0.00123372270322064,0.00216060869583989
2020-07-06,0.0154371814355783,-0.00147855593209856,0.00598874131983873
2020-07-07,-0.0103131657817044,0.00320893551592216,0.0063102606593306
2020-07-08,0.00764854106362378,-0.00155851644301053,0.0062115658628823
2020-07-09,-0.00569288983076321,0.0032036641496036,-0.00270440040556652
2020-07-10,0.0102103437635193,-0.00196507856083417,-0.00259389511725805
2020-07-13,-0.00865894172930548,0.00106679110872099,0.00124115758642862
2020-07-14,0.0129590299467213,-8.23019232660815e-05,0.00466356891018993
2020-07-15,0.00918705216709115,-0.000328004140770832,0.000881332007364177
2020-07-16,-0.00329330491075874,0.000738124740256696,-0.00945168865190271
2020-07-17,0.00289914863718743,-0.000245884225143045,0.00823800998545354
2020-07-20,0.00808155423593115,0.000655683645916838,0.00482017016079217
2020-07-21,0.00212727988543837,0.0010644351430551,0.0120509975966574
2020-07-22,0.00569240066087895,0.000327387018782321,0.015202340363075
2020-07-23,-0.0119315511815384,0.000981622921006453,0.00882530177006613
2020-07-24,-0.00644074655429139,-0.000490979585095475,0.0085788708392287
2020-07-27,0.00729255350106306,-0.00155271678147895,0.0197537707866857
2020-07-28,-0.00634250833514005,0.00237431053271542,0.00834113103275058
2020-07-29,0.0122987510547499,0.00130697596074425,0.0075102306547592
2020-07-30,-0.00356781838793929,0.00138631806443268,-0.007400261112958
2020-07-31,0.00790201658598044,0.000244534203702296,0.00908793109962169
2020-08-03,0.00695238949415788,-0.000489092693489956,0.00113253908300703
2020-08-04,0.00386225485554181,0.00342467651015865,0.0212777254968213
2020-08-05,0.00621127155916801,-0.00333159161525776,0.00928324173016115
2020-08-06,0.00668458711266329,0.00114141763739362,0.0132740695328639
2020-08-07,0.000717950320053173,-0.00211758470715961,-0.0158853052800538
2020-08-10,0.00298878659196467,-0.00106100318135449,-0.00345895744748559
2020-08-11,-0.00825477982049894,-0.00343110347538489,-0.0536944085343292
2020-08-12,0.0139424339891812,-0.00295151570224839,-0.0046682023257365
2020-08-13,-0.00180752348222879,-0.00205581384751252,0.0236180657922154
2020-08-14,2.96353197282162e-05,0.000494888743109101,-0.00430921582409627
2020-08-17,0.00317667475071781,0.001646802416855,0.0216939128931579
2020-08-18,0.0021602786911139,0.00172637584928359,0.00900800362349052
2020-08-19,-0.00416366407123248,-0.00131299469992585,-0.0315654554884116
2020-08-20,0.00311360436435892,0.00287603814322379,0.00691392926282175
2020-08-21,0.00354705282530898,0.000738101263067836,-0.00801090583489383
2020-08-24,0.0101331806143197,-0.00139251257644635,-0.00565840128662431
2020-08-25,0.00349925188839983,-0.00237807696860903,0.00121547635747521
2020-08-26,0.0100256524459046,-0.000410868069784076,0.0118088476726292
2020-08-27,0.0021866828409296,-0.00353590473812615,-0.0115619279566489
2020-08-28,0.00645938473961816,0.00165041895166107,0.0173802350530321
2020-08-31,-0.003622388721221,0.00107083748464132,0.00238625979100515
2020-09-01,0.00941832962469458,0.00327829227533161,0.00119028955539435
2020-09-02,0.0144641040904065,0.00139507583330678,-0.0131316287192405
2020-09-03,-0.034414044495503,0.00131202108140394,-0.00810423703379404
2020-09-04,-0.0081648718635049,-0.00556703245959023,0.00276029591302174
2020-09-08,-0.0273228947100785,0.00214086107947042,-0.0019269219593212
2020-09-09,0.019747303398405,-0.000493284799341853,0.00970825655471863
2020-09-10,-0.017363750043167,0.00123291460142405,-0.00322314301040572
2020-09-11,0.000509127569372048,0.00155947919678323,-5.48600529248766e-05
2020-09-14,0.0131713133526681,-0.000901762527966254,0.00789258682100469
2020-09-15,0.00505231714196008,-0.000492163153640091,-0.00239274807149081
2020-09-16,-0.00396887128530543,-0.000574123240635771,0.00283458316223206
2020-09-17,-0.0087950680657829,0.000328145077927999,-0.00548999565219532
2020-09-18,-0.011512619986893,-0.00090317082098379,0.00131170870992769
2020-09-21,-0.0111296591047811,0.0018084093352948,-0.0200872965997957
2020-09-22,0.0101844251896335,0,-0.00484631436759864
2020-09-23,-0.0231908120636511,0,-0.021606497297658
2020-09-24,0.00266563023675914,0.000491575761434326,0.00371880073368347
2020-09-25,0.0161669041044705,0.000819998951681278,-0.00284997716052238
2020-09-28,0.0166091220530673,-0.000163981002187508,0.0100605606623647
2020-09-29,-0.00544598770798721,0.000737602032604201,0.00843240248385779
2020-09-30,0.00758172161658344,-0.00270160882176718,-0.00600486733014005
2020-10-01,0.00642021296047757,0.000566398906115761,0.00892051645557346
2020-10-02,-0.00949421027919062,-0.000984993571563564,-0.000895375852498326
2020-10-05,0.0177328289276082,-0.00632736752484142,0.00487291592187811
2020-10-06,-0.0142159158802413,0.0023154523812603,-0.0117607745793532
2020-10-07,0.0174065851283431,-0.00288812013904804,-0.00045122295362654
2020-10-08,0.00886258129756845,0.00182045844369894,0.00355493103754356
2020-10-09,0.0089299984687512,-0.000495361473027534,0.0181613472965472
2020-10-12,0.0160875970771337,0.00107438561849782,-0.00287168250056757
2020-10-13,-0.00652590127328723,0.0022286017348383,-0.0157288235284195
2020-10-14,-0.00628339871449091,0.00032941292272981,0.00309477294609595
2020-10-15,-0.00123574762400236,-0.00107020316516993,0.0036461203842828
2020-10-16,-0.000604522350133307,-0.000577009145775631,-0.00346520860458288
2020-10-19,-0.015203345132171,-0.00164931054007067,0.000504746698539726
2020-10-20,0.00400570659657595,-0.0021479880240417,0.00482090147034264
2020-10-21,-0.00189294778200377,-0.00132448775236604,0.00753141480343644
2020-10-22,0.0054852054392136,-0.00348163798519552,-0.00980068777764309
2020-10-23,0.00339531698270656,0.00141357672962794,-0.0010624751968995
2020-10-26,-0.0184799976083455,0.00265865757815176,-0.000503786040066512
2020-10-27,-0.00344734431102056,0.002236798986883,0.00263232266967117
2020-10-28,-0.0341789152655602,-8.26163415177383e-05,-0.0161434438648015
2020-10-29,0.0101634511026907,-0.00421611306229719,-0.0041447281331406
2020-10-30,-0.0104248486745305,-0.00323777586142171,0.00456102097831379
2020-11-02,0.0112085447674373,0.00171667493586503,0.00970491908901305
2020-11-03,0.0176558260975861,-0.00224618764753737,0.00567699671770105
2020-11-04,0.0223490976908676,0.0084221158098261,-0.000558857845681326
2020-11-05,0.0195029262630786,-0.000165401176516644,0.0229839234046678
2020-11-06,-0.000228318056359367,-0.00339095724338578,0.00142136213871624
2020-11-09,0.0125653438212512,-0.00738585020821025,-0.0442709782317133
2020-11-10,-0.00146640350079774,-0.00284248263413789,0.00331278172828497
2020-11-11,0.00742842679262523,0.00159270051647575,-0.00432659541034119
2020-11-12,-0.00970068248234068,0.00569210492865913,0.00606067955617173
2020-11-13,0.0138445912775851,-0.00133125111065913,0.00681971415353133
2020-11-16,0.0124823717388867,-0.000750455518351512,-5.65012723983127e-05
2020-11-17,-0.00537845689843564,0.00258599473853627,-0.00366917255929355
2020-11-18,-0.0120348235642939,-0.000332884626648489,-0.00572234848065722
2020-11-19,0.00421035298678918,0.0010817405306367,-0.0018804594035291
2020-11-20,-0.00684763231366869,0.00174591615237962,0.00302579794597047
2020-11-23,0.00599410003261291,-0.00199167762494989,-0.0196938167555717
2020-11-24,0.0161138687357585,-0.00158002874137575,-0.0153283368468776
2020-11-25,-0.00154201871849324,0.000333611881158991,-0.000471736734374395
2020-11-27,0.00278505839771803,0.00299703251909977,-0.0101469015187398
2020-11-30,-0.00442687967445632,-0.000664350201974973,-0.00667498159606028
2020-12-01,0.0109373728427893,-0.00531972486527044,0.0210595460814615
2020-12-02,0.00210379734971977,-0.00167090497546252,0.00752153069206329
2020-12-03,-0.000272766903852029,0.00267823194108407,0.00787350281036603
2020-12-04,0.00861753032901991,-0.0039236994355536,-0.00283542758693034
2020-12-07,-0.00205468471765036,0.0031008834976729,0.0149140665981611
2020-12-08,0.00292599108537672,0.0010033462524055,0.00348791018629324
2020-12-09,-0.00896892293593943,-0.00141939474615782,-0.0170940170940171
2020-12-10,-0.000327015549659637,0.00225685341649728,-0.00191305409307252
2020-12-11,-0.00117266781793979,0.00200146863918449,0.00185867066052348
2020-12-14,-0.00447697181160667,-0.000582751308479068,-0.00550763625008199
2020-12-15,0.0135193023975333,-0.000998914592950095,0.0139909598298147
2020-12-16,0.00156933237012957,-0.000833725873460756,0.00551909532944506
2020-12-17,0.00559184734892515,-0.000726621601678579,0.0105203639845124
2020-12-18,-0.00399286348726235,-0.000835395734932853,-0.00169742583701349
2020-12-21,-0.00357536857419261,0.000669066588492084,-0.00317386959218602
2020-12-22,-0.00168542364749247,0.00167121734932474,-0.00790311207106309
2020-12-23,0.000898630835453496,-0.00208564636657338,0.00664787877128847
2020-12-24,0.00389051131020168,0.00142140071684405,0.00398526747142691
2020-12-28,0.0085906650576093,8.32642157084784e-05,-0.00362914299687256
2020-12-29,-0.00190786794699782,-0.000167175338804615,0.00364236164814002
2020-12-30,0.00142692907900344,0.000668446007326073,0.00765517889425849
2020-12-31,0.00508103285517758,0.000667045515251985,0.00371414560182703
2021-01-04,-0.0136142847009589,0.000249920323225572,0.0222583606588787
2021-01-05,0.0068873623540866,-0.00233376643009109,0.00296162606652839
2021-01-06,0.00597862061793597,-0.00584784363109181,-0.0162410526603927
2021-01-07,0.0148575473423425,-0.00352947829168926,-0.00233462025121955
2021-01-08,0.00569757826333528,-0.00286686116349089,-0.034209937239852
2021-01-11,-0.00674085464523588,-0.00194525347884666,-0.00196144193535253
2021-01-12,0.00021122106725846,-0.000169650685064027,0.0064739602149595
2021-01-13,0.002693019181226,0.00347485068429632,-0.00430737434546347
2021-01-14,-0.00350198361148879,-0.00228058616941373,-0.000519099846719051
2021-01-15,-0.00729250813045701,0.00270882499261682,-0.0124076287605669
2021-01-19,0.00785172177091487,0.000591126405477871,0.00847307255811725
2021-01-20,0.0138386933314709,0.000421856469796644,0.0162822895398032
2021-01-21,0.000911745635521655,-0.00143366266648781,-0.000627177209269747
2021-01-22,-0.00353940473570147,0.00152011837027599,-0.00787314521008531
2021-01-25,0.00394385332355496,0.00404818866702139,0.000862617369401963
2021-01-26,-0.00156100795880387,-0.000336309062716422,-0.00247059998293786
2021-01-27,-0.0244404141532752,0.00117651693193332,-0.00633562305991631
2021-01-28,0.00860005824196475,-0.00260140304502687,0.000927361461615428
2021-01-29,-0.0200192854889553,-0.00176718798848352,-0.000405328170012265
2021-02-01,0.0166453345574249,0.00124849683990957,0.00938529118509179
2021-02-02,0.0141403942567078,-0.00252735100291535,-0.0121677964137832
2021-02-03,0.000786313471701217,-0.00244875178618142,-0.00151062986412165
2021-02-04,0.011365716265652,-0.000338911329585412,-0.0215304746908374
2021-02-05,0.00393577036003223,-0.00211716445727417,0.00987216010921732
2021-02-08,0.00722209872924173,0.000424047776242276,0.0100701180051366
2021-02-09,-0.000666109882191623,0.000763618699530566,0.00326491105786375
2021-02-10,-0.000435633071622421,0.00254275796095338,0.00366111620239584
2021-02-11,0.00161504918597011,-0.000760729104780977,-0.00868507869659851
2021-02-12,0.00493978040610155,-0.00330006858840226,-0.00303723060609451
2021-02-16,-0.00086587922391812,-0.00721596328605922,-0.0143534882723024
2021-02-17,0.000229379838806887,0.000684061061541952,-0.0113528506879811
2021-02-18,-0.00425587906893765,-8.526137984044e-05,-6.00884189621009e-05
2021-02-19,-0.00176594173952815,-0.00401724274842208,0.00414855190134733
2021-02-22,-0.00769175490773466,-0.00163033500239451,0.0149691640154965
2021-02-23,0.00121443738888249,0.000773660253144071,-0.00230074569220906
2021-02-24,0.0110192960983124,-0.00137422369157369,-0.000709526493924417
2021-02-25,-0.024095709078566,-0.0133297086496721,-0.0188165247087633
2021-02-26,-0.00515265562186096,0.00897789663685078,-0.0241829066970456
2021-03-01,0.0242401353532677,-0.00112410718985267,-0.00173041705408605
2021-03-02,-0.00780338262702274,0.00181763997972051,0.0054479346837264
2021-03-03,-0.0132456520424606,-0.00535575835654811,-0.011021541189329
2021-03-04,-0.012374908219975,-0.00494995041657154,-0.00983689378089092
2021-03-05,0.0183968164085593,-0.00139660713790157,0.000628811039592225
2021-03-08,-0.00497873373840663,-0.00393293759026991,-0.010368190918765
2021-03-09,0.0142771877423393,0.00473826791328746,0.0212711329473692
2021-03-10,0.00622485406701401,0.00209584626103054,0.00509827992345468
2021-03-11,0.0101391130333448,-0.000348424026297867,-0.00086601129825925
2021-03-12,0.00134673700542942,-0.0072356691215214,-0.000185727950120618
2021-03-15,0.00596369374326278,0.00122945606077374,0.0043965039997973
2021-03-16,-0.00126128536986581,-0.000175597022170071,0.000924840678769412
2021-03-17,0.00340998647531321,-0.00166665369429964,0.00714498527693541
2021-03-18,-0.0145498271754166,-0.00623882932137099,-0.00581002373039818
2021-03-19,-0.0018502706029131,-0.000618462912265749,0.00418311973906671
2021-03-22,0.00798493885162554,0.0032733841187822,-0.00147026148669205
2021-03-23,-0.0078707488671983,0.00493833090396234,-0.00730062847488344
2021-03-24,-0.0050834889958552,0.00131616792770162,0.00346083410817188
2021-03-25,0.00562548508826621,-0.00131443790668595,-0.00363365372687974
2021-03-26,0.016114804187221,-0.00333447710096779,0.00284340905759661
2021-03-29,-0.000504997619827363,-0.00343404240014,-0.0118960051110903
2021-03-30,-0.00265290727976031,-0.000883181733017047,-0.0170918238169988
2021-03-31,0.0040532704667775,-0.00141454186951562,0.0151678573240799
2021-04-01,0.0107991364252384,0.00443011830089213,0.0126280878275113
2021-04-05,0.0143530847260767,-0.00282284175984093,-0.000370401038254919
2021-04-06,-0.000590758833620586,0.00486531660946232,0.00802867506459326
2021-04-07,0.00115743571589433,-0.000616108751117173,-0.00281832318604758
2021-04-08,0.00474662207501875,0.00343535184165478,0.0107520278880724
2021-04-09,0.00727029811517776,-0.00263378617920162,-0.00753747660190629
2021-04-12,0.000364631129795123,-0.00061623222449414,-0.00606360915818871
2021-04-13,0.00296384998389732,0.00413966861772597,0.00708647957317288
2021-04-14,-0.00341522443152109,-0.00122775526247199,-0.00434431552895242
2021-04-15,0.0107424148054605,0.00641078822817542,0.0161627634161938
2021-04-16,0.00334242145749664,-0.0027049598745511,0.00604777721855032
2021-04-19,-0.00491318027836884,-0.00104967342895834,-0.0027652942409977
2021-04-20,-0.00732124704050274,0.00297760994201801,0.0035565515706899
2021-04-21,0.00946199110791301,0.000523981789294803,0.00991115568006973
2021-04-22,-0.00913330832362191,0.00078571432950425,-0.00648314735634914
2021-04-23,0.0108424701721892,-0.0013083936820063,-0.00383141412459653
2021-04-26,0.00208770051396212,-0.00104796357858827,0.00264424553813813
2021-04-27,-0.000215478609365771,-0.00393406284706899,-0.00251737100314597
2021-04-28,-0.000287366733872862,0.00131666203557979,0.00294439068955255
2021-04-29,0.00637288958211357,-0.00175280487642537,-0.00413397894833689
2021-04-30,-0.00657063504626532,0.000877825662759069,-0.00336901428517289
2021-05-03,0.00215677824232641,0.00170281450405474,0.012978352341886
2021-05-04,-0.00616951022935008,0.00131469285759134,-0.00732969278013085
2021-05-05,0.000312894410087416,0.00122557893822672,0.0041421685305647
2021-05-06,0.00798566417314883,0.00043655740281201,0.0166795792124719
2021-05-07,0.00727790302704756,0.000349584167333106,0.00899681760121052
2021-05-10,-0.00990240793356822,-0.00200879341423599,0.00303050459560006
2021-05-11,-0.00892459121488165,-0.00166282495791692,0.000174300035963304
2021-05-12,-0.0212451947637265,-0.00482179392086379,-0.00993381387202363
2021-05-13,0.0120124360516558,0.00334756110568457,0.00410732991324281
2021-05-14,0.0153552111058806,0.00219444963777837,0.00911586229230976
2021-05-17,-0.00254436959692095,-0.000963114631241324,0.0116393217813404
2021-05-18,-0.0086157871328274,0,0.00194617254625218
2021-05-19,-0.00262180977054249,-0.00298176304328024,0.000685616890877094
2021-05-20,0.0107580019767346,0.00413409206820248,0.00456727012464109
2021-05-21,-0.000818833597623247,0.000350518257498544,0.000454572455183433
2021-05-24,0.0101944738755813,0.000962684768100575,0.0017610362940601
2021-05-25,-0.0022187930775901,0.00367411700425113,0.00907281422937301
2021-05-26,0.0019845889089285,-0.00113281788870356,-0.00174204868732952
2021-05-27,0.000524890384688392,-0.00174532682197825,0.000394096624969142
2021-05-28,0.00178869407876237,-8.7043134743503e-05,0.00377017693789061
2021-06-01,-0.000880809507732061,-0.000183995293279504,-0.00269094614412269
2021-06-02,0.00157273139141489,0.00113731397828376,0.00489044635090452
2021-06-03,-0.00371133706470061,-0.00253409674990135,-0.0195782285414375
2021-06-04,0.00914581479256893,0.00551901053117443,0.010783359066449
2021-06-07,-0.000970188432117713,-0.000783829760121035,0.00400762836081858
2021-06-08,0.000213218428076978,0.00287774965619469,-0.0030920774052231
2021-06-09,-0.00149213345293586,0.00312999448957507,-0.001917502721835
2021-06-10,0.00464853597890191,0.00355372832917067,0.00429432582197053
2021-06-11,0.00165236091227783,-0.00146810562121213,-0.0112523907853538
2021-06-14,0.00223904354121762,-0.00311412953704304,-0.00586092379140779
2021-06-15,-0.00183404074905158,0.000173534966603217,-0.0037777095572431
2021-06-16,-0.00558351142950753,-0.00685355596721626,-0.0168917115188544
2021-06-17,-0.000331693007556311,0.00358158634335859,-0.0307404271408656
2021-06-18,-0.0134900982144817,0.00565751994082975,-0.00554726194680255
2021-06-21,0.0143158531600132,-0.00320237679663449,0.012247646651097
2021-06-22,0.00534604216520251,0.00182364929169521,-0.00419285391457058
2021-06-23,-0.00120524578262315,-0.00199366904637521,-0.000661657806628524
2021-06-24,0.00591582091176535,-0.000173761813830553,-0.000601938749743569
2021-06-25,0.00355192349505162,-0.00208443793819812,0.0033124733437575
2021-06-28,0.0020158778435746,0.00313334047659319,-5.99946398684992e-05
2021-06-29,0.000538040171533583,0.000520604899829857,-0.0105054627252006
2021-06-30,0.000841958515667374,0.00156107807306993,0.00485350386986561
2021-07-01,0.00553633486521488,-0.000718889850046533,0.00344135753563068
2021-07-02,0.00764359162549155,0.00364117658187224,0.00655834150364321
2021-07-06,-0.00182153766673721,0.00527041507082782,0.0049614553432098
2021-07-07,0.003534099216568,0.00292173558925946,0.00380680114344445
2021-07-08,-0.00814787600727862,0.00257076994255234,-0.000651816863786014
2021-07-09,0.0106745737471348,-0.00504253147481792,0.00332056233412437
2021-07-12,0.00358187985615799,-0.000515449755880248,-0.00124110103146624
2021-07-13,-0.00340896745468144,-0.0030945194149109,0.00130178237102374
2021-07-14,0.0014924406732213,0.00431091986385468,0.010755182911601
2021-07-15,-0.00341553078804313,0.00420659136197266,0.000175479649579868
2021-07-16,-0.00784354001855003,-0.000171079260713025,-0.00970365108457549
2021-07-19,-0.0147679248434245,0.00854995781095891,0.0011805498135864
2021-07-20,0.0143304435844491,-0.00127161764858363,-0.00129710052421605
2021-07-21,0.008096090806893,-0.00577214529342107,-0.00371925665672157
2021-07-22,0.00209423746313031,0.00230511668727562,0.00195545059135238
2021-07-23,0.0102880564563823,-0.00153338437897865,-0.00313441830253458
2021-07-26,0.00245471193797386,-0.000682318225503797,-0.00237300606477497
2021-07-27,-0.00455733556155091,0.00426837304846184,0.00166507357991974
2021-07-28,-0.00041009656557478,0.000850076088251051,0.00504625286396965
2021-07-29,0.00414725181947362,-0.00305746628593584,0.0111052333709674
2021-07-30,-0.00485628160313556,0.0028110986216543,-0.00788684266616368
2021-08-02,-0.00209819985281334,0.00438675631487073,-0.00123664294435033
2021-08-03,0.00813559064696245,0.000253765441134313,-0.000707476662674233
2021-08-04,-0.00491891784545506,-0.000253701060572653,0.00023596250419966
2021-08-05,0.00633267130752291,-0.00363928102262623,-0.00395209210033232
2021-08-06,0.00165236589557582,-0.00586171738359176,-0.0249911240403328
2021-08-09,-0.00081330134102664,-0.00213582356368425,-0.0177356546390306
2021-08-10,0.00124385384017422,-0.00188425250348467,0.000309195222486736
2021-08-11,0.00248491146105079,0.00111507652881881,0.013784976625105
2021-08-12,0.00299679764266259,-0.00102806258154498,0.000243861500811127
2021-08-13,0.00181999813127098,0.00574767600910731,0.0143258119952243
2021-08-16,0.00235460020547906,0.00221774055011936,0.00498829156860148
2021-08-17,-0.00655522815239784,-0.000510562061688091,-0.00149503646797633
2021-08-18,-0.0109450539617474,-0.000511270239232808,0.000778612216940422
2021-08-19,0.00154846492776217,0.00221517053881448,-0.00293240858926391
2021-08-20,0.00795714508580825,-0.000935127545585224,0.000540161680333107
2021-08-23,0.0087965335707656,0.000255402188420684,0.0121775573872824
2021-08-24,0.00158726379183971,-0.00272200536952505,-0.000474141131279304
2021-08-25,0.00209845752757287,-0.00392333861035987,-0.00693743380544165
2021-08-26,-0.00590326463905355,0,0.00113447842281467
2021-08-27,0.00894101454056062,0.00325374542892587,0.0150295479213987
2021-08-30,0.00439750875107392,0.00196304615135046,-0.00493563855596746
2021-08-31,-0.00148167160557022,-0.00187408888614593,0.00200765471293907
2021-09-01,0.00053176704030844,0.00042710268856383,5.88986192009422e-05
2021-09-02,0.00307645352481356,0.00119537697925876,-0.00265172042624862
2021-09-03,-0.00024261335401099,-0.0023876010682724,0.0106942248661388
2021-09-07,-0.0035756056616526,-0.0039319927476521,-0.0195837185346593
2021-09-08,-0.00121829233331405,0.00274628301949664,-0.00250440290334353
2021-09-09,-0.00428005845806612,0.00282397584169858,0.0044234892872419
2021-09-10,-0.00788480677330627,-0.00315763795121693,-0.00505865684515328
2021-09-13,0.00255929931759935,0.00119880140832818,0.003349759791347
2021-09-14,-0.00539658705013124,0.00376155777287557,0.00643854653444031
2021-09-15,0.00835272374200025,-0.00170337802977338,-0.00586426637965187
2021-09-16,-0.00158528492589671,-0.00315707053062753,-0.0226419770619037
2021-09-17,-0.00974101004777828,-0.0029102372867672,-0.00158504242376922
2021-09-20,-0.0166742985023997,0.00506501886602928,0.00714415423106729
2021-09-21,-0.000944513850238304,-0.000597919970953043,0.00666903618555348
2021-09-22,0.0097546546573728,0.00094011861004506,-0.00373401073390545
2021-09-23,0.0121502059535399,-0.00905083632390358,-0.0115463890898989
2021-09-24,0.00164708574603223,-0.00301564884779226,-0.00128427290155164
2021-09-27,-0.00286085818139736,-0.00267901329426312,0.00208203509820049
2021-09-28,-0.0201518179651267,-0.00381278745002522,-0.00971642840271592
2021-09-29,0.0016830108716448,0.00104388638733988,-0.00450475602463174
2021-09-30,-0.0122222579239868,0.00121647073083131,0.0179766536376089
2021-10-01,0.0118841150697344,0.00408220240709301,0.0022530453929952
2021-10-04,-0.012896006811004,-0.00121118761283368,0.00467831757453974
2021-10-05,0.010404965227413,-0.00311755602751884,-0.00465653283514067
2021-10-06,0.0041561707370863,0.000260184652862927,0.0026733243283068
2021-10-07,0.00864579881673389,-0.00399456131480957,-0.00527173922088842
2021-10-08,-0.00182406137289004,-0.00218024918266557,0.000426364911480404
2021-10-11,-0.00723966206359095,-0.0024469731421366,-0.00188758184654825
2021-10-12,-0.00246141428034086,0.00455540556254941,0.0045144308286369
2021-10-13,0.00359761486661858,0.00191841815644289,0.0177941978052818
2021-10-14,0.0168204928355595,0.00235018055624869,0.00244646859041842
2021-10-15,0.00761582388120252,-0.00494948799277606,-0.0158928462437202
2021-10-18,0.00296070194767961,-0.00139633970965714,-0.00247991083027366
2021-10-19,0.00771460799805213,-0.0035828467496043,0.00321367199358114
2021-10-20,0.00392790984393576,-0.000438604631400996,0.0087639587487911
2021-10-21,0.00260805020315402,-0.00263247563425528,-0.000898705224501306
2021-10-22,-0.00103592581270973,0.00255149434393287,0.00611696715119048
2021-10-25,0.00536282500197682,0.00122864753008911,0.006914158513319
2021-10-26,0.000899844723871057,0.0012267566140014,-0.00739951491266011
2021-10-27,-0.00443024473821685,0.00560231808444978,0.00262406047606278
2021-10-28,0.00964883705545971,-0.00261147066491307,-0.000237885363398527
2021-10-29,0.00202929037594712,0.000436384716709259,-0.00850790051756645
2021-11-01,0.00172008523445499,-7.84966780074114e-05,0.00522058450549601
2021-11-02,0.00404319468481473,0.00244434499564372,-0.00214900072331936
2021-11-03,0.00610534705461618,-0.00313527266605518,-0.00831538262261411
2021-11-04,0.00471236692263077,0.00541697086470383,0.0113409517739593
2021-11-05,0.00346967086867123,0.0054742724230743,0.0130629437586451
2021-11-08,0.00085385185368847,-0.00432119808199716,0.00359161930937302
2021-11-09,-0.00330567149494132,0.00460040966354103,0.00492811002012572
2021-11-10,-0.00804469320308177,-0.00855378413744279,0.0108587815007029
2021-11-11,0.000323646758120244,-0.00322460621652731,0.00560208636960113
2021-11-12,0.00754674769544494,0.00209847732046553,0.00189525522805045
2021-11-15,0.000342447813356683,-0.00392575748692492,-0.00154774592825646
2021-11-16,0.00395767213258891,-0.000876049953063451,-0.00723386473658516
2021-11-17,-0.00242913573779935,0.00359421876128718,0.00913718394509422
2021-11-18,0.00339633901893266,0.00061178825515884,-0.003209155063576
2021-11-19,-0.00178821109018412,0.00270601321097086,-0.00764632524080844
2021-11-22,-0.00281513930127752,-0.00731306182559477,-0.0224204571201183
2021-11-23,0.00132586481330721,-0.0041223760949709,-0.00865240409113399
2021-11-24,0.00267012976423064,0.00308268645758858,-0.000956502052107733
2021-11-26,-0.022303304106373,0.0129059129539273,-0.00161553986094065
2021-11-29,0.0122665764685477,-0.00225384163091558,-0.00137854946307447
2021-11-30,-0.0194575726726838,0.00599451880258117,-0.0067218530189026
2021-12-01,-0.0111071061877636,0.00188394204648179,0.00398793753540194
2021-12-02,0.0153159953635054,-0.00215659210093355,-0.00553682082732643
2021-12-03,-0.00870114936736432,0.00587839994661743,0.0084120028046446
2021-12-06,0.011843292193658,-0.00498476236157863,-0.00246056322447641
2021-12-07,0.0206848576253607,-0.0037999864854501,0.00354949063625387
2021-12-08,0.00264791714400614,-0.00320786785346638,0.00053951405315722
2021-12-09,-0.00675141778113852,0.00252213427438863,-0.00611137837611098
2021-12-10,0.00941344213780382,0.00069430597886555,0.00421989949142776
2021-12-13,-0.00885842458246222,0.00476827216260967,0.00252130006200235
2021-12-14,-0.00687996712467065,-0.00172576394155921,-0.00934130274607192
2021-12-15,0.0156250339364701,-0.0014694163800274,0.00429153436049701
2021-12-16,-0.00881849618056918,0.00291103354502598,0.0120975614773557
2021-12-17,-0.0106427566032051,0.00224659536307037,-0.00214082185127895
2021-12-20,-0.0106336437485944,-0.000862138263808987,-0.00423126758613956
2021-12-21,0.0177590473445908,-0.00396858070217787,-0.000418888425184116
2021-12-22,0.00999862790368855,0.000952763368906595,0.00940002410051943
2021-12-23,0.00622218342513037,-0.00207688756746671,0.00225401797892211
2021-12-27,0.0141521888766003,0.000346843118651297,0.00236724799429067
2021-12-28,-0.000817200359416348,-0.000173172377291197,-0.00431006523342525
2021-12-29,0.00127917490233886,-0.00511559632139724,-0.000296507660922596
2021-12-30,-0.00276450431474784,0.00331164342842638,0.00717721537547167
2021-12-31,-0.00252024535959305,-0.00112892995337732,0.00683158799328987
2022-01-03,0.00579006123946058,-0.00930419097847235,-0.0153837434459966
2022-01-04,-0.000335010122088142,-0.000526726810563538,0.00736651505777641
2022-01-05,-0.0192020320597034,-0.00421542229837657,-0.00300766493835114
2022-01-06,-0.000939473965029136,-0.00246968802426284,-0.0122441269095167
2022-01-07,-0.00395348321117694,-0.00327096536398586,0.00455113768390825
2022-01-10,-0.00124434956811115,-0.000266104671757361,0.00304020570394026
2022-01-11,0.00910810648719318,0.00239581171802228,0.0120646549718897
2022-01-12,0.00270345819656548,0.000176820309101489,0.00264262273047877
2022-01-13,-0.0137784439293173,0.00318559970589716,-0.00339698847601488
2022-01-14,0.000408933469198791,-0.00688065116504466,-0.00287967490960461
2022-01-18,-0.0177095637394207,-0.00755063252296961,-0.00165025509706307
2022-01-19,-0.0103835544114338,0.00241690507789727,0.0158805268970996
2022-01-20,-0.0110681164158064,0.00214305904425971,-0.00249888383307417
2022-01-21,-0.0196304813928929,0.0057910780138084,-0.00326243855814368
2022-01-24,0.00424659673233552,-0.000885965807051026,0.00549419873473811
2022-01-25,-0.0122090167186917,-0.00133001114143461,0.00319713454432802
2022-01-26,-0.00250869241220941,-0.00710144556014003,-0.0161664649166781
2022-01-27,-0.00493796398617807,0.0042017655558646,-0.0128982111385469
2022-01-28,0.0248352976734649,0.00231517424043637,-0.00298329344744286
2022-01-31,0.018011141235087,0,0.00592453739206755
2022-02-01,0.00675698898814825,-0.00135190649038375,0.000832883530835327
2022-02-02,0.00971406328675406,0.00204810378321474,0.00362599195056701
2022-02-03,-0.0235050249834472,-0.00426502176459054,-0.00142140629933873
2022-02-04,0.00470226100413362,-0.0076743641813849,0.00154207886965541
2022-02-07,-0.00320923410393792,0.000269844567804656,0.00740258199385191
2022-02-08,0.00822778895522025,-0.00323655607303774,0.00305687067541149
2022-02-09,0.014636044477965,0.00135276704100029,0.00339917842382609
2022-02-10,-0.0179655541251099,-0.00918755066317545,-0.00379656053842292
2022-02-11,-0.0197187140659034,0.0103635810179861,0.0190548783215332
2022-02-14,-0.00326927165942048,-0.00692823496292072,0.00535071599812009
2022-02-15,0.0161267396142291,-0.00298990228884932,-0.00949984897519041
2022-02-16,0.00112084428814319,0.00209027415047913,0.0102842544515018
2022-02-17,-0.0213614412859168,0.00535064766318283,0.0136680737807713
2022-02-18,-0.00647497643441142,0.00324720094501774,-0.000733454910081699
2022-02-22,-0.0107316068682823,-8.99581404713024e-05,0.00208903786233283
2022-02-23,-0.0177386388967542,-0.00521553378306483,0.00450722727032549
2022-02-24,0.0150490355241613,0.00235020412735554,-0.0064501314700226
2022-02-25,0.0220640224796,-0.000270206035638432,-0.00333067822018118
2022-02-28,-0.00255854951725665,0.0113657143063797,0.0103653457911155
2022-03-01,-0.0152302673937681,0.00973900795661931,0.0181634159977995
2022-03-02,0.0183963014037818,-0.0150293493866459,-0.0104063398329546
2022-03-03,-0.0049787142622425,0.00430838484767748,0.00595341539895822
2022-03-04,-0.00812455316813743,0.00992051093144952,0.0159291458816986
2022-03-07,-0.0294789852659713,-0.00424791643886702,0.0148628652830296
2022-03-08,-0.00758191274826736,-0.00648754779917549,0.0273589976102964
2022-03-09,0.02681097081915,-0.00617246928369908,-0.029711176156991
2022-03-10,-0.0045155602866559,-0.00459032942073645,0.00312122779789292
2022-03-11,-0.0127150474764223,-0.000271324781432547,-0.00702788412815347
2022-03-14,-0.0073083664889475,-0.0126628705541382,-0.0150737119311393
2022-03-15,0.0219904729853557,-0.000457945838910789,-0.0187054503841223
2022-03-16,0.0221740684604064,-0.00137478616476827,0.00626080340437851
2022-03-17,0.0125110169191966,-0.00192752613608016,0.00488864457344662
2022-03-18,0.0109527412878336,0.00294267210031851,-0.0087898520827846
2022-03-21,-0.000292379586768976,-0.0130191557918233,0.00764079806954343
2022-03-22,0.0117014342111015,-0.00548086945225768,-0.00725077529124696
2022-03-23,-0.0128783706884497,0.00672512179914819,0.0136596617969715
2022-03-24,0.0150743456495717,-0.00556644007248752,0.00726036709720845
2022-03-25,0.00488353566378463,-0.0102633611687295,-0.00409545120953791
2022-03-28,0.0071129540783692,0.00226222504444062,-0.0182037900829712
2022-03-29,0.0123708434833874,0.0049852353627966,0.000446787848457531
2022-03-30,-0.00617461093725336,0.00393069031067794,0.0080384193720735
2022-03-31,-0.0153913963167507,0.00186430124095005,0.000387595883925673
2022-04-01,0.00283407288385362,-0.00651149442795607,-0.00636586734203259
2022-04-04,0.0085665565074573,-0.00065617563128828,0.00484676945508644
2022-04-05,-0.0126312602794195,-0.011916273288985,-0.00626484257145898
2022-04-06,-0.00999934788726797,-0.00351307997906225,0.00234321667079507
2022-04-07,0.0050389773751216,-0.0024775891440596,0.00378488624023898
2022-04-08,-0.00267397568204886,-0.00506336896829507,0.00626596931218071
2022-04-11,-0.0170921282320684,-0.00480044093607002,0.00495946377049084
2022-04-12,-0.00370542212965264,0.00482359632532936,0.00767675161900039
2022-04-13,0.0114537041043186,0.00220852184115805,0.00478853786561562
2022-04-14,-0.0124518994160834,-0.00900560462982458,-0.00330355066620236
2022-04-18,0.000411203959816753,-0.00290013491248409,0.00309719270274456
2022-04-19,0.016142583617482,-0.00659270842855408,-0.0151129043763003
2022-04-20,-0.000741472056822623,0.00780774560757558,0.00489494749640484
2022-04-21,-0.0149536482663712,-0.00552029017026545,-0.00355760019368245
2022-04-22,-0.027439083870354,0.00048709779494116,-0.00972209324506523
2022-04-25,0.00579761421918557,0.00642391924090013,-0.0179709931500908
2022-04-26,-0.0289608891322019,0.00667345373353267,0.00152501704494212
2022-04-27,0.00281184190099437,-0.00557227983177544,-0.00755702425744809
2022-04-28,0.0252594234663113,-0.00144912849785295,0.00539832351009273
2022-04-29,-0.0369556189271629,-0.00532132248373762,-0.000112976965463529
2022-05-02,0.00601968408987275,-0.00744996198541525,-0.0185404935356944
2022-05-03,0.00458372558773257,0.00117725263567192,0.00264926246698827
2022-05-04,0.0304530257028537,0.00646821235065187,0.00982254437267072
2022-05-05,-0.0355427888759212,-0.010029190869035,-0.0038111385512819
2022-05-06,-0.00596896022223414,-0.00570498554165633,0.00165587436788495
2022-05-09,-0.0320172511553457,0.00741961702020077,-0.0144794967087319
2022-05-10,0.00231066000899371,0.00333825377808727,-0.00844520287269002
2022-05-11,-0.0158862570853773,0.00616553012880972,0.0081671285160918
2022-05-12,-0.00104391496440925,0.0033072659723381,-0.0153339257202001
2022-05-13,0.0239078895517679,-0.00523505489981757,-0.00810956630229209
2022-05-16,-0.00405761470891997,0.00419020556592797,0.00953848376320332
2022-05-17,0.0205703949526794,-0.0075693061272667,-0.00627929638353752
2022-05-18,-0.0403116440731054,0.00713831653165586,0.000531484892912104
2022-05-19,-0.00612471963311934,0.00359290973054782,0.0146972348015315
2022-05-20,0.000436644772873862,0.00464365606536954,0.000698011253747799
2022-05-23,0.0187100870582526,-0.00606713443241591,0.00465036945552955
2022-05-24,-0.00763355925527076,0.00862367619411875,0.00752185985062814
2022-05-25,0.00883461690814502,0.00201704815004566,-0.00602999495959144
2022-05-26,0.019981336609139,-0.000479366104119694,-0.00184889831773494
2022-05-27,0.0245493050528873,0.00143870469750795,0.000521021067041216
2022-05-31,-0.00561090584827473,-0.0104397732430263,-0.00989300927674774
2022-06-01,-0.0080886902900964,-0.00563002209851537,0.00636903319959292
2022-06-02,0.0190434759329647,0.00146162066217204,0.0123091820737822
2022-06-03,-0.0164115597178498,-0.00194623655550896,-0.0101520172669802
2022-06-06,0.00304497700163253,-0.00750767733542923,-0.00440372290400126
2022-06-07,0.00959206188879858,0.00402792819622988,0.00651842084416621
2022-06-08,-0.0108719564944876,-0.00371845897673984,-0.000925197524287213
2022-06-09,-0.0237830961802319,-0.000883725769438293,-0.00318325648595785
2022-06-10,-0.0289956762116284,-0.00983013465902871,0.013412283666594
2022-06-13,-0.0379681966680627,-0.0177699913263751,-0.026412288230094
2022-06-14,-0.00301312112942898,-0.00798475779845753,-0.00800320961677892
2022-06-15,0.0142562944813733,0.0139581298535154,0.013050939388112
2022-06-16,-0.0330961510264822,0.00653174082374619,0.0112431815945948
2022-06-17,0.00215588177499759,0.000298907674773474,-0.00822281631171329
2022-06-21,0.0251735916066564,-0.00518918726083073,-0.0037367862070633
2022-06-22,-0.00181306500964573,0.0126401212022782,0.00398518816341253
2022-06-23,0.00980260474186645,0.00564709955566878,-0.00612925729217217
2022-06-24,0.0317940552603064,-0.00354655241070967,-0.000998462201513672
2022-06-27,-0.00381991421389727,-0.00563537504849543,-0.00111707005407624
2022-06-28,-0.0204329271053938,0.00129263272668312,-0.00164802112627849
2022-06-29,-0.000814156383487696,0.00804300284167137,-0.000766357904527726
2022-06-30,-0.00812447332425437,0.00768295606388003,-0.00607704729432301
2022-07-01,0.0105765115540286,0.0107202500783867,-0.000831054161631206
2022-07-05,0.00188875642437458,0.00368104625356991,-0.0212096433512057
2022-07-06,0.00337702586662725,-0.00849300885568405,-0.0158421888336995
2022-07-07,0.0149775177200095,-0.00613176929369807,0.000555053276364736
2022-07-08,-0.000822704124277651,-0.00607211814274677,0.000431531320117751
2022-07-11,-0.0114236544143993,0.00788262824838282,-0.00536050745297623
2022-07-12,-0.00884904202724468,0.00234662381065931,-0.00371672472246853
2022-07-13,-0.00525152928941119,0.00429105785991291,0.00478769050360306
2022-07-14,-0.00242860407523227,-0.0055354592458281,-0.0140470556109193
2022-07-15,0.0191052321075429,0.00341793326582751,-0.00200845616356882
2022-07-18,-0.00825688639450262,-0.0029198103113961,0.000943394506353279
2022-07-19,0.0270190992036241,-0.0045872378070454,0.0023874693093795
2022-07-20,0.00637319391449576,-0.000980986630615743,-0.00940203123432359
2022-07-21,0.0101832588006212,0.0113862143007888,0.0141104219252308
2022-07-22,-0.00927827970551587,0.0114519884054207,0.00249575020790549
2022-07-25,0.00121500322952506,-0.00355017555123538,-0.00273854762196069
2022-07-26,-0.0118310330215567,0.000385228802801674,-0.00118581068758861
2022-07-27,0.0259662505448577,0.00202104700691774,0.0101849846987792
2022-07-28,0.0125424354722186,0.0098941991269359,0.0121853234552793
2022-07-29,0.0145788212251474,0.000380785847720055,0.00281108968212984
2022-08-01,-0.00296134937889858,0.00584824561280683,0.00566723120774504
2022-08-02,-0.00659718660959785,-0.0138256754190405,-0.00593828840082322
2022-08-03,0.0156593188457563,0.00412913795069159,0.00243824376131085
2022-08-04,-0.000675547467340332,0.00506833184101807,0.0165399894872549
2022-08-05,-0.00168997158440976,-0.0144624891170936,-0.0112460663001983
2022-08-08,-0.00116107008879274,0.0058890581789961,0.00847001761836497
2022-08-09,-0.00397088803347645,-0.00297518186209,0.0030595386607859
2022-08-10,0.0210037710285358,0.000577498231375539,-0.00251195081705058
2022-08-11,0,-0.00663818698496055,-0.00263822067769803
2022-08-12,0.0169290803979383,0.00397049745755829,0.00919802099904521
2022-08-15,0.00412081973704881,0.00318369127821971,-0.0128670308342664
2022-08-16,0.00195884515816069,-0.00115410743910327,-0.00175009675440274
2022-08-17,-0.00709809431379027,-0.00673915633495603,-0.00646833561403026
2022-08-18,0.00290640963576849,0.00193888460698699,-0.00261641568969673
2022-08-19,-0.0134380108775074,-0.0086098384146287,-0.00732062568110337
2022-08-22,-0.0208226060925228,-0.00439120759348077,-0.00663717934459795
2022-08-23,-0.00241922314822185,-0.00245045148282397,0.0069908740848792
2022-08-24,0.00320110943135732,-0.00334029408488457,0.00294892004017844
2022-08-25,0.014117688337598,0.00640783767447806,0.00306278713629404
2022-08-26,-0.03384920576904,-0.00117575564748196,-0.0121527053017649
2022-08-29,-0.00661206014671567,-0.00568792534559726,0.000618237555094492
2022-08-30,-0.0109778865522691,-0.00029596836499135,-0.0083405788856129
2022-08-31,-0.00760908561545859,-0.00414333341637685,-0.00772531478918081
2022-09-01,0.00313786060897714,-0.00794983427707152,-0.00879016210031613
2022-09-02,-0.0105443540711319,0.00560236233290423,0.00880470914448428
2022-09-06,-0.00377317278976608,-0.0111419579393227,-0.00583946193556517
2022-09-07,0.017964997456615,0.00653904070620959,0.0101686388664919
2022-09-08,0.00653613501995598,-0.00369789816534782,-0.00600229272985464
2022-09-09,0.0155351817541454,0.000100199454938554,0.00528375656846558
2022-09-12,0.0107478944264245,-0.00240731699671382,0.00506818621869898
2022-09-13,-0.0434826025130584,-0.0056310906479563,-0.01301133993119
2022-09-14,0.00381580989568708,0.000505697984559017,-0.00384761344887341
2022-09-15,-0.0113532163472407,-0.00343653705395297,-0.0186791431966828
2022-09-16,-0.00762900407682898,0.000811601613047497,0.00554910720131851
2022-09-19,0.00775492142434442,-0.00283777719263079,0.00077008713293214
2022-09-20,-0.011478710191437,-0.0061991328653439,-0.00570658727452367
2022-09-21,-0.0174435213530588,0.00398798414093093,0.00464297367581001
2022-09-22,-0.00839989268474883,-0.0150741149922128,-0.000577677269205101
2022-09-23,-0.0167547726934607,0.00124069744729471,-0.0172768304054637
2022-09-26,-0.00989286660722033,-0.016628532493222,-0.0116332190262085
2022-09-27,-0.00255255123449172,-0.00682726393900102,0.00204984174668965
2022-09-28,0.019676463138655,0.0225253867060411,0.020786652334907
2022-09-29,-0.0208890909293336,-0.00465385658254247,-0.000193928365269436
2022-09-30,-0.0154635671950103,-0.00259766423700747,6.46224401870121e-05
2022-10-03,0.0264012461151801,0.0118680514630269,0.0243097856814414
2022-10-04,0.0309865234151627,0.00206283899972637,0.0143281220564495
2022-10-05,-0.00232805477337839,-0.00947067831730131,-0.005538266375541
2022-10-06,-0.0103158540169022,-0.00550810066158258,-0.00112629171223178
2022-10-07,-0.0278938830359948,-0.00491176214509037,-0.0109628512589768
2022-10-10,-0.00763534676226518,-0.00588082591428851,-0.0152014763177541
2022-10-11,-0.00633296842416531,0.00253539343151421,-0.00205809155018721
2022-10-12,-0.00329849846714225,0.00326635896302663,0.00534932850905623
2022-10-13,0.0263910967797005,-0.00420136699168627,-0.00692353223298225
2022-10-14,-0.0227886227548569,-0.00558974382741473,-0.0124588979984775
2022-10-17,0.0256969055512088,0.00106033675264472,0.00287620900571639
2022-10-18,0.0117494602766861,0.00254282475651491,0.0021509701146758
2022-10-19,-0.00708642948495186,-0.0104626501337435,-0.0133983581046765
2022-10-20,-0.00838523062183127,-0.0074764626556455,-0.00158221035863393
2022-10-21,0.0243015597832301,0.00225976946531725,0.0178276461053
2022-10-24,0.0122363551294242,-0.00128829288011634,-0.00324359403047247
2022-10-25,0.0159686517052733,0.0124706120120566,0.00227794414200755
2022-10-26,-0.00753426848412908,0.00509672273949024,0.0063636086203831
2022-10-27,-0.00533990941039597,0.00707809468678722,-0.00154852394496718
2022-10-28,0.0237907214376882,-0.0051401670242478,-0.0102106874432339
2022-10-31,-0.00722336837106941,-0.00453444287918303,-0.00816139964815921
2022-11-01,-0.00437583943745579,-0.000180053848238604,0.0102034297570397
2022-11-02,-0.0250961123015859,-0.00169909071492302,-0.00697254839962347
2022-11-03,-0.0102970095326297,-0.00435996450660125,-0.00380603604814633
2022-11-04,0.0143931953516019,-0.00213645015376618,0.0306962896848106
2022-11-07,0.00956558869328128,-0.00353257513555272,-0.00396238967437923
2022-11-08,0.00539543018796373,0.00666010461115873,0.0230990741337211
2022-11-09,-0.020602019423022,0.00341485517966356,-0.00501726602113184
2022-11-10,0.0549540602769099,0.0224400203159028,0.0304443871217952
2022-11-11,0.00967840342967197,-0.00208053939141817,0.00660632407193695
2022-11-14,-0.00850659646021457,-0.0023974383594263,0.00218765566171575
2022-11-15,0.00852899329194723,0.00741817519393662,0.00351686779950633
2022-11-16,-0.00762856919064747,0.00736364024634018,-0.00229610201094854
2022-11-17,-0.00305997215472309,-0.00679458154161727,-0.00726742359331678
2022-11-18,0.00454044952989441,-0.00352444358653425,-0.00689363650216335
2022-11-21,-0.00363609730186176,-0.000624155190433018,-0.00558995295074161
2022-11-22,0.0134568980755405,0.00572489146080857,0.00117372396636983
2022-11-23,0.00630167191032949,0.00538167521880939,0.00623184094028884
2022-11-25,-0.000223627634397539,-0.000308788661640969,0.000858470616115437
2022-11-28,-0.0159570240029822,0.000412199512000333,-0.00790349549855529
2022-11-29,-0.00171779071725719,-0.00422047233503076,0.00494042541803719
2022-11-30,0.0315006834518083,0.00899305174466192,0.0127819202707875
2022-12-01,-0.000735886314704115,0.0109222938613891,0.0183847996127768
2022-12-02,-0.00115358842539881,0.00203107478200937,-0.00345568305356347
2022-12-05,-0.0179892558970303,-0.010133659056329,-0.0171588856358039
2022-12-06,-0.0144147323813473,0.00614233542788933,0.00273737423148446
2022-12-07,-0.00170136552610534,0.00875020592597076,0.00903910171236455
2022-12-08,0.0078340719946266,-0.00564831958078638,0.000841696555683447
2022-12-09,-0.00747019432255003,-0.00740504901811867,0.00354416011031788
2022-12-12,0.0144174285487515,-0.00143078313652345,-0.00826053455632902
2022-12-13,0.00756959004774127,0.00900611674100205,0.0170811320386344
2022-12-14,-0.00639341139944727,0.00273878707327269,-0.00243302128470113
2022-12-15,-0.0244618758049593,0.00194611020106117,-0.0163593093405752
2022-12-16,-0.011806149654602,-0.00252910918307359,0.00870872167803571
2022-12-19,-0.00847957177460601,-0.00811276658714299,-0.00281783069028452
2022-12-20,0.00136853877051801,-0.00725903634499814,0.0165944828360651
2022-12-21,0.0149522075957382,0.00123575109404728,-0.00165601358093648
2022-12-22,-0.0142659164250031,-0.000308820724988168,-0.0120853584599552
2022-12-23,0.0057521438322754,-0.00452668736622075,0.00299832103903985
2022-12-27,-0.00394352202059112,-0.0083721131132779,0.00843001140987942
2022-12-28,-0.0124277808845746,-0.00239748733330403,-0.0045058072869294
2022-12-29,0.0180003319809574,0.00491046599769285,0.00559825156873073
2022-12-30,-0.00263404251927635,-0.00415895837907543,0.00467866898179259
2023-01-03,-0.00421001565187529,0.00783078179875396,0.00837065653180291
2023-01-04,0.00772025936326659,0.00766605407312104,0.00941190595889907
2023-01-05,-0.0114134043233063,-0.00143951256419572,-0.01245146185952
2023-01-06,0.0229320927544283,0.0128694614125555,0.0187074968418892
2023-01-09,-0.000566905747059643,0.00254144968914094,0.0022451175785827
2023-01-10,0.00701257437317726,-0.00628616120724657,0.0036760446135049
2023-01-11,0.0126481058201682,0.00642789185016035,-0.000686793935008145
2023-01-12,0.00364096570544747,0.00892115413481576,0.0115680009674972
2023-01-13,0.00387924701885178,-0.00532549770686974,0.0120017839929421
2023-01-17,-0.00183167345166291,-0.00313160735630091,-0.00654507834469786
2023-01-18,-0.0157881485365677,0.0135792003008841,-0.00287175244863258
2023-01-19,-0.00727988624359543,-0.00189959842761456,0.0158685200448208
2023-01-20,0.0186291654960182,-0.00661128100431907,-0.00333540555645551
2023-01-23,0.0119985419468918,-0.00322660924178408,0.00189643376324056
2023-01-24,-0.00107310528780113,0.00576607273607999,0.0036185151634831
2023-01-25,0.00037457840043742,0.00110656790732588,0.00460395959992832
2023-01-26,0.0109903042069386,-0.00361708523845428,-0.00905526687715796
2023-01-27,0.00229763247821935,-0.00151270515167801,-0.00139299046247043
2023-01-30,-0.0125467636512604,-0.00313057270307304,-0.00256671527024788
2023-01-31,0.0147034492360523,0.00506503895553179,0.00363621154199656
2023-02-01,0.0106277535023434,0.00719233818533827,0.0125968143398087
2023-02-02,0.0145570040577496,-0.000401334525138464,-0.0207519365358008
2023-02-03,-0.0106291557375252,-0.0107355292450967,-0.0249577702920021
2023-02-06,-0.00611134095686938,-0.00862014500979302,0.00207540987212029
2023-02-07,0.0130786385240922,-0.00245532818542238,0.000920425708080819
2023-02-08,-0.0109346908807195,0.00369157550483434,0.00247159412075981
2023-02-09,-0.00866925121688633,-0.00449558299737285,-0.00791241817462229
2023-02-10,0.00233361242531127,-0.0048239950470772,0.00190719432111841
2023-02-13,0.0117390420043582,0.00237178025674489,-0.00507617027984963
2023-02-14,-0.000460279441825473,-0.00452668590585092,0.000753738903254364
2023-02-15,0.00324743254252402,-0.00299774478020087,-0.00996466725347334
2023-02-16,-0.013768640516309,-0.00331716989995934,-0.000819236878389806
2023-02-17,-0.00249834662504833,0.00280842450913799,0.00298679066961061
2023-02-21,-0.0200608290003148,-0.0108912217084524,-0.00373700461389681
2023-02-22,-0.00137828471314871,0.00178296358890329,-0.00562648858605141
2023-02-23,0.0053193792185795,0.00387301401585893,-0.000530451113682884
2023-02-24,-0.0106822603970017,-0.00604782893250744,-0.00719467575636978
2023-02-27,0.00340578343098086,0.00304253797816045,0.00392033489392429
2023-02-28,-0.00369597132162502,0.00156853688398817,0.00455596886271636
2023-03-01,-0.0038358099494219,-0.00799423825178602,0.00577215063367342
2023-03-02,0.00777728942455225,-0.00411442748253044,-0.000585563644551312
2023-03-03,0.0160378342925975,0.00805031453357996,0.0107230856192775
2023-03-06,0.000692615298514498,-0.0017863605600692,-0.00504383064681668
2023-03-07,-0.0153287562953578,0.000105025185846763,-0.0174804806278633
2023-03-08,0.0016321850913894,-0.000315760515663843,-0.000474450441060648
2023-03-09,-0.0184497866774092,0.00621206792665441,0.00984931605693595
2023-03-10,-0.0144296892282701,0.0184156795924266,0.0215628568434232
2023-03-13,-0.00142494525294934,0.0121237200693107,0.0229482119124391
2023-03-14,0.0165299537880002,-0.00944027346771625,-0.00579106474621838
2023-03-15,-0.00625432889325117,0.0144493465371722,0.00780413317040196
2023-03-16,0.0175450088257423,-0.00899072645310939,0.00202009200824516
2023-03-17,-0.011692614222813,0.0118246231410455,0.0291202146774887
2023-03-20,0.00961570050218619,-0.00402973126361839,0.000380867735771728
2023-03-21,0.0131304285422835,-0.00869917084087068,-0.0188751158062757
2023-03-22,-0.0170463475547885,0.0131631787417674,0.017020609898134
2023-03-23,0.00270325726162723,0.00574049243287034,0.012538176085626
2023-03-24,0.00656223011772838,0.00030051007293741,-0.0112523502469527
2023-03-27,0.00186968251938335,-0.0123131991173689,-0.00925672205140526
2023-03-28,-0.00224459898119245,-0.000608502947047174,0.00818909325724171
2023-03-29,0.0145348154415206,-0.00172404592600928,-0.00496077000652939
2023-03-30,0.00585530352870101,0.00152420600805603,0.00903957654916265
2023-03-31,0.0140945555428216,0.00547733753541113,-0.00521224613559357
2023-04-03,0.00381052936542337,0.0047109628114661,0.00720441030802066
2023-04-04,-0.00554812966795915,0.00643924839984344,0.0186409589604364
2023-04-05,-0.00261823861605637,0.00419866166595839,-0.00079792477866325
2023-04-06,0.00390078851386777,0.000298747303246527,-0.00713409106547458
2023-04-10,0.00102651166921808,-0.00985283678166604,-0.0073998865470708
2023-04-11,0.000268500709226238,-0.000402059261994658,0.00632055623730343
2023-04-12,-0.00407588914083001,0.00291593093746023,0.00488513886661113
2023-04-13,0.0132826858463104,-0.00330824855502032,0.0135156725588961
2023-04-14,-0.00244272766961517,-0.00492944518614125,-0.0177103130335863
2023-04-17,0.0035881801342097,-0.00636849294372321,-0.0044537552497137
2023-04-18,0.00065227863896955,0.00162769819680286,0.00388078060389319
2023-04-19,-0.000169050083996813,-0.00213328201768748,-0.00477852021287528
2023-04-20,-0.0054570752300519,0.00580259197284572,0.00393825919904667
2023-04-21,0.000776963146647658,-0.00242921486824499,-0.00988766926809992
2023-04-24,0.00104317356803052,0.00486965624538804,0.00303933546048296
2023-04-25,-0.0158738539661678,0.0098941237931911,0.00508631813118199
2023-04-26,-0.00423565905275858,-0.00389883018928605,-0.00543738630867296
2023-04-27,0.0199081330802942,-0.00652371204818858,5.41003926535222e-05
2023-04-28,0.00853514936684574,0.00747583906518012,0.000270652512898595
2023-05-01,-0.00100957237164601,-0.0117700761929003,-0.00449135182547877
2023-05-02,-0.0112393990236621,0.013018714261424,0.0192966409099447
2023-05-03,-0.00686393897870041,0.00652586592778337,0.00847907584078755
2023-05-04,-0.00708283751864403,-0.000199196928098777,0.00703295344911115
2023-05-05,0.0185123925021089,-0.00538769014199791,-0.0156479504796051
2023-05-08,0.000266689292986566,-0.00611891692828181,0.00122690557613203
2023-05-09,-0.00438552344680154,-0.00121117994325792,0.00708616236216519
2023-05-10,0.00467240205871544,0.0074776855998524,-0.00142844284392141
2023-05-11,-0.00174377164879813,0.00371134789690286,-0.00858275558775101
2023-05-12,-0.00131028641007869,-0.00599598768561382,-0.00171008024297536
2023-05-15,0.00344998583822775,-0.00221167687888157,0.00214126203362075
2023-05-16,-0.0066829041308778,-0.00322413858295334,-0.0124993937971247
2023-05-17,0.0121392083977974,-0.00323473892127091,-0.00346188893034438
2023-05-18,0.00963311009843615,-0.00618593325064121,-0.0129729112797822
2023-05-19,-0.00145512168262052,-0.00377564163598798,0.00989882912454698
2023-05-22,0.000406203597090427,-0.00184349206340895,-0.00234149791554217
2023-05-23,-0.0112227814193631,0.00164171508911504,0.00120073114924102
2023-05-24,-0.00724476131797513,-0.00256095912537968,-0.00806845001708612
2023-05-25,0.0086596784330446,-0.00626552712157868,-0.00961802709179382
2023-05-26,0.0129508085259225,0.00186061042449093,0.00399556733016926
2023-05-30,0.000380915017520911,0.0078403088472736,0.00619055454633677
2023-05-31,-0.00554520335871611,0.00378788438448319,0.00153820066146593
2023-06-01,0.00950098808454558,0.00278021223123637,0.00789813034647513
2023-06-02,0.0144612700990581,-0.00795098219691392,-0.0147474506752729
2023-06-05,-0.00191632511421136,-0.000308194357928726,0.00602041601500769
2023-06-06,0.00217750990018351,0.000616491679147346,0.00109803968877342
2023-06-07,-0.00345773057915,-0.00729345570185369,-0.0120105434100631
2023-06-08,0.00604854868287941,0.00672640256971113,0.0132112404299085
2023-06-09,0.00179430668263225,-0.00359743485134223,-0.00268452033332045
2023-06-12,0.00907172331243888,0.00165029190078614,-0.000878864036594096
2023-06-13,0.00659297921001922,-0.00710610144572454,-0.00736755861394645
2023-06-14,0.00119085229059568,0.00134817328450421,0.000553927701528734
2023-06-15,0.0123977124704757,0.00776921920790197,0.00703058169149751
2023-06-16,-0.0034063137609045,-0.00431709594720853,-0.00153921595107598
2023-06-20,-0.00518804655667859,0.00299360566668927,-0.0103507395929707
2023-06-21,-0.00512382400011069,0.000926105773606745,-0.00144642284748819
2023-06-22,0.00360966011588482,-0.00565540205387316,-0.00991697991432072
2023-06-23,-0.00755997110208229,0.0041366277562338,0.00275724616433082
2023-06-26,-0.00408574551800689,0.00247210086876404,0.00173960473570633
2023-06-27,0.0109634052246106,-0.00349325279406276,-0.0045935358840572
2023-06-28,0.000504318434859208,0.00402061733237669,-0.00230740985128974
2023-06-29,0.00394135941821139,-0.0102680807499407,-0.00107176468137582
2023-06-30,0.0118008081395806,0.00217879071930516,0.00666332350201482
2023-07-03,0.00115047961122272,-0.00433767334493618,0.00112187661103302
2023-07-05,-0.00148726229967278,-0.00479408600521847,-0.00353003237800698
2023-07-06,-0.00783063050319022,-0.00816833095956448,-0.00298020012489209
2023-07-07,-0.0025247162694495,-0.00126718728141129,0.00750099740210364
2023-07-10,0.00253110659545075,0.00518041447782358,0.000783695645585114
2023-07-11,0.00636863487746298,0.00210343425546045,0.00374761256024003
2023-07-12,0.00804571714860103,0.00976077585308488,0.0135414208743112
2023-07-13,0.0079369425281115,0.0083151798779586,0.00071469991496742
2023-07-14,-0.000622620938265595,-0.00494822602334088,-0.00318664825317172
2023-07-17,0.00347215433909787,0.00165778598296318,0.000716556732961671
2023-07-18,0.00743047464534508,0.00113767770424356,0.0114562781395871
2023-07-19,0.00222377567990684,0.00340871812679655,0.000163356455002761
2023-07-20,-0.00663459074393413,-0.00792749686267735,-0.00506338914930227
2023-07-21,0,0.000830443078651211,-0.00306453321959632
2023-07-24,0.00446739167422461,-0.00238481993505535,-0.00428147332668483
2023-07-25,0.0027300771358445,-0.00187101427980074,0.00556785997579112
2023-07-26,0.000153732338124657,0.00343622684676026,0.00487911502538863
2023-07-27,-0.00663000593748442,-0.0108964304189111,-0.0157119740036218
2023-07-28,0.00979031506645711,0.00325259748106577,0.00798139040029566
2023-07-31,0.00190402023136471,0.00125468585133603,0.00269441048894459
2023-08-01,-0.00286154204408551,-0.00584280317573183,-0.0103646796072828
2023-08-02,-0.0139107725999807,-0.00200133558499527,-0.00476560222960976
2023-08-03,-0.00286573578276783,-0.00738793579289432,-0.000334147078750013
2023-08-04,-0.00452301936902377,0.0106325432069738,0.00362041427860071
2023-08-07,0.00872862137974928,-0.00241978691899858,-0.00227539628477624
2023-08-08,-0.00434862799114921,0.00506242900945764,-0.00634108019462432
2023-08-09,-0.00668524218178757,0.000629450407630294,-0.0047582070444423
2023-08-10,0.000358945889899376,-0.00765489526689733,-0.00106860447601942
2023-08-11,-0.000583148634171526,-0.00528395325637765,0
2023-08-14,0.00552003181893412,-0.0015933199831365,-0.00304058854934519
2023-08-15,-0.0116488652453227,-0.0019154119225312,-0.0026544743430682
2023-08-16,-0.00733799290413251,-0.00383808567468436,-0.00577602941743272
2023-08-17,-0.00762012726635242,-0.00128396036374467,-0.00153787242238013
2023-08-18,0.000481367869770599,0.00300033111213027,0.000171128230318063
2023-08-21,0.00650623338199563,-0.00619684994061687,0.00273767023627558
2023-08-22,-0.00270857494136367,0.00042994945443442,0.00164955661765109
2023-08-23,0.0111378203683676,0.0108533469022445,0.0101646406819533
2023-08-24,-0.0138591179732706,-0.00372080495973626,-0.000224820317439089
2023-08-25,0.0070498353396764,-0.000319806317523486,-0.00129328635611126
2023-08-28,0.00634131078555722,0.00277482049221711,0.00287135333658517
2023-08-29,0.0144547960079757,0.00713155444597113,0.00976809176826055
2023-08-30,0.00411890852933516,-0.000105380273133893,0.00250187479428021
2023-08-31,-0.00146352337349931,0.00200804876547345,-0.00166372581839236
2023-09-01,0.00186521757889979,-0.00611280844663431,0.000499924095962001
2023-09-05,-0.00432187306702925,-0.00606506316435995,-0.00816168572384923
2023-09-06,-0.00672247028048278,-0.002569208469406,-0.00453424519346446
2023-09-07,-0.00307020161863913,0.00343467569682709,0.00106844986475618
2023-09-08,0.00150609137787816,0.000213842517125862,0.000337027059623018
2023-09-11,0.00657669663965521,-0.00171109363535515,0.00185310999360322
2023-09-12,-0.00548563589130635,0.00139278161769529,-0.00515665125307319
2023-09-13,0.00116594637468626,0.00117643948131296,-0.00231000985644114
2023-09-14,0.00862239890518102,-0.00224375630208629,0.000508224175284733
2023-09-15,-0.0120482967376891,-0.00310581010758193,0.00660381656622433
2023-09-18,0.000586487273568581,0.000966968458603557,0.0058876476018741
2023-09-19,-0.00207403534007466,-0.00364859086835434,-0.000947645741253167
2023-09-20,-0.00919318162584204,-0.000754322776617578,0.000725392712462414
2023-09-21,-0.0165283092812417,-0.00743745541332952,-0.00724841375811081
2023-09-22,-0.0022485622893158,0.00390947625490101,0.003201303317385
2023-09-25,0.00420522960009362,-0.00735605142387719,-0.00515058892674602
2023-09-26,-0.0146913782046495,-0.000326994579897266,-0.00799098589381853
2023-09-27,0.000399064482845324,-0.00446962396153971,-0.0123666478946959
2023-09-28,0.00579750243016064,0.00273765475316901,-0.00499718750991718
2023-09-29,-0.00242687880506276,0.00021841810936718,-0.0102753496692146
2023-10-02,-0.000397644477555192,-0.00811137313316934,-0.0104987056506124
2023-10-03,-0.0133861811357106,-0.00827765035329975,-0.00288824198056836
2023-10-04,0.00728209465035312,0.00634347894936305,-0.000118256514707538
2023-10-05,-0.000376856628701794,0.0018796426017833,-0.0018327868021264
2023-10-06,0.011872826166363,-0.00584945461114994,0.00515308362110645
2023-10-09,0.00640216540725547,0.0127675983185327,0.0183854474489391
2023-10-10,0.00520486622655025,-0.00197311997470306,-0.00167809589533197
2023-10-11,0.00409630935105398,0.00549200096341207,0.00730304593839248
2023-10-12,-0.00609652258571369,-0.00961310074780519,-0.00304965072657781
2023-10-13,-0.00498085451149499,0.00639728640442216,0.0321482598454039
2023-10-16,0.0105215300307857,-0.00591861388950254,-0.00486492819034867
2023-10-17,-4.59227825752029e-05,-0.00981242512730762,0.00185427376835623
2023-10-18,-0.0133250784062824,-0.0046767880210894,0.0144708168052619
2023-10-19,-0.00878626749503275,-0.00492201794199387,0.0122740160371244
2023-10-20,-0.0122882224719574,0.00584596861574482,0.00273089742749932
2023-10-23,-0.00173311145121313,0.00469456067886664,-0.00337706372653823
2023-10-24,0.00753933752163904,0.00177955446120337,-0.000109330886634784
2023-10-25,-0.0143521008611341,-0.00877255387191633,0.00420882364200792
2023-10-26,-0.0119746829735311,0.0076181549100296,0.00157845245050159
2023-10-27,-0.00453284352116046,0.00155648937666841,0.0116297997583414
2023-10-30,0.0119558176763495,-0.00333052337779993,-0.00564054701797034
2023-10-31,0.00628031814702679,-0.00211609682172631,-0.00545656257331595
2023-11-01,0.0106646927719884,0.0115174386390524,-0.00315064285182787
2023-11-02,0.019164334340158,0.0061967863429564,0.00332407295848558
2023-11-03,0.00912347232234634,0.00769839329202937,0.00363892128347354
2023-11-06,0.00230044536407825,-0.0057841432180249,-0.00779256039252785
2023-11-07,0.00284588665968455,0.00570810760004981,-0.00414513084442392
2023-11-08,0.000732403297398987,0.00403828941247508,-0.00996764391222194
2023-11-09,-0.00779859162353247,-0.0098921800101337,0.0039829684332906
2023-11-10,0.0156047490688855,0.00109784086705766,-0.0109097521979115
2023-11-13,-0.000953161259821145,-0.000548501881881491,0.00557072046460294
2023-11-14,0.0194007000141989,0.0150334924840341,0.00891917710568113
2023-11-15,0.00211711875110709,-0.00778387115291335,-0.00263560147380382
2023-11-16,0.00122309980358648,0.00751840447507313,0.0112860771781902
2023-11-17,0.00124377344050641,0.00064845922886092,-0.00010890234740657
2023-11-20,0.00769761146565839,0.00140497313679022,-0.00163338081748676
2023-11-21,-0.00217936875794189,0.00129516203016644,0.0107979006328849
2023-11-22,0.00386070670777827,-0.000323191437030523,-0.00426225259728763
2023-11-24,0.000615478591170726,-0.0051752591168146,0.00520159691464128
2023-11-27,-0.00180097410543167,0.00758613745979542,0.00673781786984118
2023-11-28,0.000990092219484984,0.0044102921747744,0.0133318529604067
2023-11-29,-0.000703286129005831,0.00524717332121649,0.0014794398574649
2023-11-30,0.00393728189936859,-0.00490016740687138,-0.00416795037520357
2023-12-01,0.00591590783664553,0.00943484224327129,0.0172714940759522
2023-12-04,-0.00524950456930673,-0.00414727131965753,-0.0216134264632577
2023-12-05,-0.000197032652405116,0.00704800293225971,-0.00377944592548274
2023-12-06,-0.00402969118388519,0.00413513123954856,0.00368689534549826
2023-12-07,0.0076304812712793,-0.00147849411468748,0.0016503277504083
2023-12-08,0.00429912452317605,-0.00645083679905067,-0.0133403911148514
2023-12-11,0.00388945627657478,0.00010634199514703,-0.0110428951653581
2023-12-12,0.00456733467375137,0.00212874391860352,-0.000544642119513772
2023-12-13,0.0137900403553022,0.0148684911381218,0.0225625334661741
2023-12-14,0.00320941626846993,0.00831227345614227,0.00586255298247229
2023-12-15,-0.00164656678984598,-0.000832882906081189,-0.00916651177185701
2023-12-18,0.00562513216474914,-0.00218758786863138,0.00454548718457759
2023-12-19,0.00608080082347784,0.00187942183709455,0.00681394057869045
2023-12-20,-0.0138571843006113,0.00489783171904956,-0.00544598293609833
2023-12-21,0.00948188956615104,-0.00155564203280811,0.00707063545512643
2023-12-22,0.00200973996833209,-0.000934528590305406,0.00443441708894388
2023-12-26,0.00422247560606848,0.000623601833946719,0.0076207332510787
2023-12-27,0.00180813562803706,0.0077922383089859,0.00453784222641684
2023-12-28,0.000377531325491898,-0.00381417579000065,-0.00581543765763926
2023-12-29,-0.00289478363357076,-0.00248373726045603,-0.00156684101867322
2024-01-02,-0.00559638486297032,-0.00373505488498349,-0.00235390988414563
2024-01-03,-0.00816679263148234,0.00239500529697967,-0.00833680960420646
2024-01-04,-0.00322102618252618,-0.00602512202316796,0.00100461289325682
2024-01-05,0.00136970581958806,-0.00365813894636091,0.000158455409552172
2024-01-08,0.0142759579366261,0.00335669459260224,-0.00781627113082251
2024-01-09,-0.00151719381713211,-0.000418139645427806,0.000319356790080105
2024-01-10,0.00565555706720855,-0.00156898398437955,-0.00228804710551345
2024-01-11,-0.000440659247816777,0.00534254525702438,0.00197330729166945
2024-01-12,0.000692581726256192,0.00270936519705978,0.00979406847554998
2024-01-16,-0.0036710831583272,-0.00810570107946118,-0.00948818189898049
2024-01-17,-0.00555860665950059,-0.00324793861218275,-0.0110159506352849
2024-01-18,0.00889279848578428,-0.00220713219903845,0.00823288209990714
2024-01-19,0.0124660984089175,0.000105546739556539,0.00298872590695609
2024-01-22,0.00211428363432153,0.00305457688194055,-0.00377795712631601
2024-01-23,0.00291644354225973,-0.00252060081246297,0.00389913322710878
2024-01-24,0.00109323459557387,-0.00284227260309211,-0.00824689053964089
2024-01-25,0.0054389494702447,0.0043285832657316,0.00396998668130299
2024-01-26,-0.00127047527392066,-0.00178693860112566,-0.000694693188180051
2024-01-29,0.00791941735342938,0.00600252951923008,0.00705848544458809
2024-01-30,-0.000773547052488555,0.00136079136537259,0.00138052622687934
2024-01-31,-0.0163171735568781,0.00836287457722129,-0.000742347910109631
2024-02-01,0.0130880553004198,0.00619391094436272,0.0104006725688901
2024-02-02,0.0105273595970676,-0.0130137222189192,-0.00945330086202401
2024-02-05,-0.0036411641398596,-0.00973222282191566,-0.00551398803227565
2024-02-06,0.00290336976790306,0.0053892790826835,0.00522469312401874
2024-02-07,0.00834032925977257,-0.00178656432486002,-0.000265197830542019
2024-02-08,0.000441748556242905,-0.00326431529993132,-0.000901847050106097
2024-02-09,0.00577939856222431,-0.00179571095581721,-0.00387615207583258
2024-02-12,-0.000438953686069166,0.000952360051617251,-0.0026119694947857
2024-02-13,-0.0137730247532519,-0.0109956992949559,-0.01378869019635
2024-02-14,0.00908760711439127,0.00374136418977455,-0.000596112345307875
2024-02-15,0.0068997372322348,0.00276932569167765,0.00672381252291343
2024-02-16,-0.00497998225280938,-0.00435479404854811,0.00366256954847177
2024-02-20,-0.00550535959292764,0.00170688645063954,0.00606421007309121
2024-02-21,0.0009058274054774,-0.00319498074699265,5.33125661221767e-05
2024-02-22,0.0206955377763425,0.000106873205487412,0.000426721959025711
2024-02-23,0.000689677629154506,0.00459337318704933,0.00565151190227997
2024-02-26,-0.00366255267269722,-0.00148851879766598,-0.00222668953355176
2024-02-27,0.00185768437188938,-0.00223672502680761,-0.00106268305783763
2024-02-28,-0.00132158503108271,0.00362913678389365,0.00180849115899462
2024-02-29,0.00359495910424323,0.00202077584807703,0.00515026674930374
2024-03-01,0.00938821390211708,0.00456513111722812,0.0189107911743855
2024-03-04,-0.001072394746922,-0.00222443178531861,0.0161749967704932
2024-03-05,-0.0099940957723752,0.00615767905852471,0.00602014166440301
2024-03-06,0.00506721582216829,0.00242690775707866,0.00821540188209791
2024-03-07,0.00992635022636912,0.00168423791565164,0.0056838433513835
2024-03-08,-0.00600219643806577,0.000735642304317885,0.00845254786821004
2024-03-11,-0.000859736739174166,-0.00126023610641113,0.00183502012710379
2024-03-12,0.0107573671479146,-0.00410043535486504,-0.0109406272963712
2024-03-13,-0.00156762761298956,-0.00221726604554984,0.00700740378557363
2024-03-14,-0.00197684740242809,-0.00740658135785821,-0.00417513955811322
2024-03-15,-0.00686641796707022,-0.00170533852618804,-0.00319440663914095
2024-03-18,0.00594302820850667,-0.00117452240417382,0.00160228358455994
2024-03-19,0.00555713355747645,0.00288616394196528,-0.00114980617378668
2024-03-20,0.00924933675474437,0.00234530344937323,0.0119118597981525
2024-03-21,0.00330476856289663,0.000106279284540323,-0.00103863617907396
2024-03-22,-0.00189585046403185,0.00489158245793408,-0.00802096899240379
2024-03-25,-0.00276287131818531,-0.00264543085182145,0.00319440663913606
2024-03-26,-0.00184685690311082,0.00148540232125782,0.00323396128523479
2024-03-27,0.0084037800832224,0.00381382804740826,0.00724066017797731
2024-03-28,-0.000191145602698395,-0.000949681712126615,0.0129000248077376
2024-04-01,-0.00173988303405737,-0.00904816230532768,0.0102080793848676
2024-04-02,-0.00635796274352707,-0.00213830246864333,0.0147723604909682
2024-04-03,0.00109842373091551,0.00117847163700535,0.00877237473977055
2024-04-04,-0.0122060820848959,0.00342443835353246,-0.00573470522328356
2024-04-05,0.0104467606122263,-0.00661251413218877,0.0171141974473681
2024-04-08,0.000559384478089564,-0.00225459274304229,0.00622848536623866
2024-04-09,0.00115683315297344,0.00398148082398908,0.00549705499303377
2024-04-10,-0.0100130784908694,-0.0132904064497824,-0.00946385618561052
2024-04-11,0.00754686671172422,-0.00141209932577635,0.0194332472034919
2024-04-12,-0.013803104991041,0.00413336003606357,-0.0132393249395213
2024-04-15,-0.0125280400190395,-0.00639130000427179,0.0187191551939658
2024-04-16,-0.00182374877851121,-0.0039249176377032,0.00122201528033639
2024-04-17,-0.00591830185649089,0.00634860099824497,-0.00736825275209096
2024-04-18,-0.00205772663580206,-0.00348084565942142,0.00341545613419458
2024-04-19,-0.00872837259914205,0.00130976406240735,0.00313153514057363
2024-04-22,0.00920901813318675,0.000109064177210128,-0.0247024905453214
2024-04-23,0.0118667981001621,0.00130799808147142,-0.00245866317241827
2024-04-24,-0.00047473094767303,-0.00304794887684667,-0.00186009072253257
2024-04-25,-0.00379890917743453,-0.00382124636393899,0.00596346805319037
2024-04-26,0.00947388609196453,0.00274009953823651,0.00324192735355289
2024-04-29,0.00354161447752332,0.00404396630022097,-0.00203121803769302
2024-04-30,-0.0158413370668008,-0.00468093933070257,-0.0199370788445579
2024-05-01,-0.00324708887914149,0.00396019202276143,0.00906215232545327
2024-05-02,0.00935340605552981,0.00469815128349049,-0.00308708744116803
2024-05-03,0.0123952347551097,0.00554671624827785,-0.000797626636561466
2024-05-06,0.010326734143655,0.000865109765583405,0.0105183610243995
2024-05-07,0.00110355344694146,0.00259370809164028,-0.00460032643315089
2024-05-08,9.66569860556543e-05,-0.00280230804380444,-0.00294106186950227
2024-05-09,0.00576198870510147,0.00302636464413863,0.0157786079609303
2024-05-10,0.00128810367089049,-0.0032327627271086,0.00811251343803843
2024-05-13,0.000134202416014695,0.00118898917604637,-0.0112021038444586
2024-05-14,0.00458807457076493,0.00291543843203179,0.00846204511947835
2024-05-15,0.0123830285490125,0.0075367651616336,0.0128387505102201
2024-05-16,-0.00205742692293209,-0.00192342017608493,-0.00389334335066016
2024-05-17,0.00143751543975079,-0.00310492310203803,0.0164977725898783
2024-05-20,0.00115240010141249,-0.00150403553721257,0.00402393759165198
2024-05-21,0.00245229749998033,0.00258171227721249,-0.00146954860457238
2024-05-22,-0.00287917478873689,-0.00128766444985617,-0.0183739695655759
2024-05-23,-0.00730438977293346,-0.0035445385076418,-0.01994457033972
2024-05-24,0.00661639123827662,0.00129346768232552,0.000927113606110863
2024-05-28,0.000699081616952091,-0.00559840588965099,0.0105131728960319
2024-05-29,-0.00700268922996883,-0.0048723342985153,-0.00930381207471742
2024-05-30,-0.00663382306786742,0.00500517733768513,0.00189676006274908
2024-05-31,0.00910819746145752,0.00465500619504056,-0.00586417430627739
2024-06-03,0.000815398053667815,0.0065495393547963,0.00891778050037195
2024-06-04,0.00111797860749396,0.00547608412968348,-0.00897705983465469
2024-06-05,0.0118849287578711,0.00363110266623901,0.0118456032013199
2024-06-06,-1.85923487227013e-05,-0.000425689186343337,0.00739135661291934
2024-06-07,-0.00121565818254954,-0.0105389631332683,-0.0356833014337935
2024-06-10,0.00308979259718756,-0.00215123862067057,0.00916818112787743
2024-06-11,0.00240810267257152,0.00528289623335154,0.00285661060939346
2024-06-12,0.00821319707469703,0.00557700063476374,0.00266172001150999
2024-06-13,0.00201330167269265,0.00661257170462637,-0.00815014898496225
2024-06-14,0.000608551251541023,0.00233115077546464,0.012959545903255
2024-06-17,0.00795876439707643,-0.00465128494541911,-0.00519165224756946
2024-06-18,0.00254093406495959,0.00435429858756486,0.00400727183218486
2024-06-20,-0.00271675880210842,-0.0025376804535916,0.0124843478264554
2024-06-21,-0.00134070626531502,0.000211837537211101,-0.0154932381099839
2024-06-24,-0.00325051302505797,0.000848039757578523,0.00395756638581801
2024-06-25,0.00385084881838882,0.00084706069504592,-0.0049622376292181
2024-06-26,0.00124815184993454,-0.00603103457221099,-0.00922816811180416
2024-06-27,0.00157629493691425,0.00223549266859546,0.0113369255873106
2024-06-28,-0.00393499159826471,-0.00531050554486945,9.29764787258591e-05
2024-07-01,0.00205811763253738,-0.00744407096645994,0.0026045897013649
2024-07-02,0.00672985392042347,0.00377694367135217,-4.64339438924766e-05
2024-07-03,0.00446251765545291,0.0066650168389637,0.0112730003808312
2024-07-05,0.00576658333440849,0.0055533017710383,0.0134867980573963
2024-07-08,0.00115382774404549,0.000318706933650992,-0.0124020745268207
2024-07-09,0.000972367545504893,-0.00138021834580393,0.00169574734427802
2024-07-10,0.00989519418087959,0.000956789595024876,0.00366033611225447
2024-07-11,-0.00862239232945416,0.00637273169615216,0.0177334034410301
2024-07-12,0.00630754403454858,0.0021108499030944,-0.000627096930114313
2024-07-15,0.00274989764393618,-0.00315943321161238,0.00322711316719704
2024-07-16,0.00593030419292018,0.00443715651982091,0.0199257982334484
2024-07-17,-0.0140210641427891,0.000841463641136242,-0.00464320640311833
2024-07-18,-0.00768492425964995,-0.00283757357046199,-0.00638118635525853
2024-07-19,-0.0066404914024526,-0.00316176443980321,-0.0179378291861757
2024-07-22,0.0103096961386171,-0.000951615659289917,0.000315732312127226
2024-07-23,-0.00156852152576692,0.000740821679645176,0.00351667614321438
2024-07-24,-0.0226625933574528,-0.00222081980747546,-0.00350435247048397
2024-07-25,-0.00521027759207648,0.00222576282564546,-0.0156447302658209
2024-07-26,0.011199827582774,0.00475865258680619,0.0105345258666592
2024-07-29,0.000587665054728514,0.00168416234347579,-0.00140505621054421
2024-07-30,-0.00506646358713814,0.00210162043894813,0.00998546148831836
2024-07-31,0.0162545855723422,0.00733977368923977,0.0181107257860851
2024-08-01,-0.0141610274070796,0.00427014316207375,-0.00344294314186711
2024-08-02,-0.0186182742492775,0.0154903540410274,-0.00190462827848048
2024-08-05,-0.0291237004294422,0.00102369039343864,-0.0126919351062006
2024-08-06,0.00921970579691922,-0.00889747375626149,-0.00800071383261303
2024-08-07,-0.00668429332500375,-0.00361151068004051,-0.000679627995278875
2024-08-08,0.0231174374521779,-0.00300354948057591,0.0156880136350124
2024-08-09,0.00440951832116321,0.00405145112657701,0.00245526121711159
2024-08-12,0.000525575104273646,0.00279276757347491,0.0171446657702712
2024-08-13,0.0164455405151618,0.00443620732189398,-0.00153235890680503
2024-08-14,0.00315483671880434,0.00133519708429874,-0.00815575125082657
2024-08-15,0.0171402453308784,-0.00625669216348945,0.00313884493123795
2024-08-16,0.00224186647327906,0.00196106456925516,0.0223877385265905
2024-08-19,0.00956137198970475,0.00133935370810057,-0.00163802264672652
2024-08-20,-0.00162589149802406,0.00401226747153016,0.00366998877973757
2024-08-21,0.00343655260979525,0.00204943617538822,-0.00133361786298392
2024-08-22,-0.00784857720707777,-0.00460188364191882,-0.0119750112099318
2024-08-23,0.0106251974024842,0.00462315888114806,0.0115534255207141
2024-08-26,-0.00238366958510461,-0.0012271467462992,0.00318933807753075
2024-08-27,0.00137332092403097,-0.000409801832316536,0.00270667166901628
2024-08-28,-0.00580535997016085,-0.000511982288902701,-0.00702686230745475
2024-08-29,8.95222070318447e-05,-0.00174211589823159,0.00517798035918871
2024-08-30,0.0095458739593286,-0.00349039599348733,-0.00712600851623024
2024-09-03,-0.0205791067528042,0.00659215252243039,-0.00432357658795413
2024-09-04,-0.00204653848841208,0.00585099213128104,0.000607926500193257
2024-09-05,-0.0024322649337486,0.0023473154476501,0.0083323069425103
2024-09-06,-0.0168301579231194,0.00142531083325625,-0.00740263040896039
2024-09-09,0.0111959693679893,0.00142311698474318,0.00420587607929379
2024-09-10,0.00435612862726154,0.00426419127045685,0.00440409752500659
2024-09-11,0.0102584909887731,-0.000707694549667348,-0.00159055594942137
2024-09-12,0.0084236244560727,-0.00161861567503907,0.0175672845255328
2024-09-13,0.00522262652167682,0.0019250679249263,0.0099436839441398
2024-09-16,0.00147679104992404,0.00262959667847995,-8.374817448209e-05
2024-09-17,0.000408569100217138,-0.00181567757920087,-0.00553091135491168
2024-09-18,-0.00296573073564255,-0.00434504065115437,-0.00771046540529019
2024-09-19,0.0170644910413738,-0.000811936196083107,0.0155407572819708
2024-09-20,-0.00172874497196929,-0.000304651267979406,0.0127106600668809
2024-09-23,0.00249882493454323,-0.00060973590963076,0.00194040687373098
2024-09-24,0.00286144174260916,0.00111835217824607,0.0139690734743307
2024-09-25,-0.00220556146008322,-0.00406207219981747,-0.00138176773503329
2024-09-26,0.00396474810656189,-0.000714076851008771,0.00508688406679481
2024-09-27,-0.0014503630087086,0.00397973119816153,-0.0079358307919003
2024-09-30,0.00400722886300531,-0.00274435962615793,-0.00799937425389752
2024-10-01,-0.00895854092252935,0.0036388773451792,0.0104912493926248
2024-10-02,0.000422191079924028,-0.00285151595242339,0.000203587197723065
2024-10-03,-0.00182817652634049,-0.00510664285607842,-0.00069200588785634
2024-10-04,0.00908726949610039,-0.00964994946995401,-0.00199603031569306
2024-10-07,-0.00904034955642474,-0.00362817622896638,-0.0033877625757347
2024-10-08,0.0094575403129662,0.000832312400544932,-0.00737192556520205
2024-10-09,0.00692656975401973,-0.00374229104720558,-0.00544618596370305
2024-10-10,-0.00175016855249255,-0.000103983717671174,0.00734289255362897
2024-10-11,0.00598815955729437,0.000312744529824327,0.010913408354138
2024-10-14,0.00817834326080158,-0.00177335536313894,-0.00162950215706548
2024-10-15,-0.00776962781852875,0.00512080044280205,0.00346835932314438
2024-10-16,0.00434639014938254,0.00155954880996867,0.00500160920908121
2024-10-17,8.58901020686087e-05,-0.00519031723941632,0.00598831083503026
2024-10-18,0.00384647924033077,0.0011476599750837,0.0106181850050373
2024-10-21,-0.00164220487791811,-0.00771320683459098,-0.000199001277143118
2024-10-22,-0.000531092207251338,-0.000945464028025089,0.0107873236283331
2024-10-23,-0.00913731805565277,-0.00231312267983941,-0.012050555849462
2024-10-24,0.00216261920391703,0.00221311931734958,0.00769325934601484
2024-10-25,-0.00034548260842171,-0.00220823223593114,0.00205697890104273
2024-10-28,0.00309153388815031,-0.00231822946356042,3.94540760579876e-05
2024-10-29,0.00161828567614442,0.000422273371256443,0.0108948584332174
2024-10-30,-0.00302501807204358,-0.00147793179887157,0.00550589121899381
2024-10-31,-0.019603270710941,-0.000528785390581876,-0.0154951669637438
2024-11-01,0.00422055995814197,-0.00592172373061206,-0.00410237587735396
2024-11-04,-0.0021541242792299,0.00533768948582125,0.00142591440017181
2024-11-05,0.0120920377865683,0.000531020755526912,0.00225444789503215
2024-11-06,0.0248655829994013,-0.0102949291586559,-0.0303867290201575
2024-11-07,0.0077319549699677,0.00804268249373319,0.0160765038555295
2024-11-08,0.00433184692958655,0.00212758077653374,-0.0067694260922665
2024-11-11,0.000952825974448235,-0.00276006866859468,-0.0234715565681323
2024-11-12,-0.0031063437917479,-0.00628037243033319,-0.00863135517947533
2024-11-13,0.000485665377178757,-0.000642804979769429,-0.0100812253204773
2024-11-14,-0.00643001781920038,-0.000107275225717074,-0.00260914178864635
2024-11-15,-0.0128087102622336,0.000428800574134858,-0.00177206944297403
2024-11-18,0.0040974882082252,0.00225032466509578,0.0190202462895905
2024-11-19,0.00365548271703098,0.00213835846853816,0.00895932512720998
2024-11-20,0.000338693810164603,-0.00149351045534896,0.00563204570272569
2024-11-21,0.00536834158826061,-0.000534397848323653,0.00833950039097875
2024-11-22,0.00309938372329577,0.000641672108919966,0.0128922104458336
2024-11-25,0.00339215262412362,0.0107903686122468,-0.0294588565411205
2024-11-26,0.00522148091754571,-0.00211386311728967,0.00193830925843086
2024-11-27,-0.00303005979853033,0.00402493345534682,0.00222271476314151
2024-11-29,0.0062119611532987,0.00421986842075017,0.00862454637706245
2024-12-02,0.0017925681578026,-8.43447991634161e-05,-0.00875440338997757
2024-12-03,0.000463679582072496,-0.00284522229996398,0.00201277616439777
2024-12-04,0.00620960372895185,0.00380453935457847,0.00303367980725344
2024-12-05,-0.00164570260080521,-0.000105212807103294,-0.00739770945411622
2024-12-06,0.00189563674807136,0.00315892086935499,0.000370568795453385
2024-12-09,-0.00514952460068974,-0.00346382014878222,0.00991975176942872
2024-12-10,-0.00310922161986293,-0.00179064332881951,0.0131643125183574
2024-12-11,0.00773066457783722,-0.00295469546261173,0.00953381234518624
2024-12-12,-0.0051523890897045,-0.00380960416011578,-0.0146637226495048
2024-12-13,-0.000198724605426359,-0.00467458773350982,-0.0120915784047404
2024-12-16,0.00426998355594721,0.000320242222071609,0.00241520984442412
2024-12-17,-0.00412015536180266,0,-0.00383862472501928
2024-12-18,-0.0298033739575521,-0.00772906248987737,-0.0191850778377118
2024-12-19,-0.000307105291018073,-0.00453141401990009,0.00142109673362167
2024-12-20,0.0120111028604653,0.00368481176815538,0.0104340564954739
2024-12-23,0.00598811364469332,-0.00442725867107019,-0.0047087953775663
2024-12-24,0.0111150666055406,0.000542321158934378,0.00199201408600969
2024-12-26,6.66266357640666e-05,0.000759012094079692,0.00675117986386109
2024-12-27,-0.0105265130601145,-0.00259984427884696,-0.00687050387712973
2024-12-30,-0.0114116086062904,0.0058644398396992,-0.00318968116462426
2024-12-31,-0.00363805059858879,-0.00183535719447792,0.00623363657716136
2025-01-02,-0.00245704373138478,0.000540941389074012,0.013587714119633
2025-01-03,0.0125034725984319,-0.00162194678907424,-0.00786403997302776
2025-01-06,0.00576056148267123,-0.000974331903455194,-0.00123209595872487
2025-01-07,-0.0113040153711399,-0.00455244762240792,0.00563343518826631
2025-01-08,0.00146093897518629,0.00174223031347909,0.00531568148812456
2025-01-10,-0.015267586915815,-0.00728255199018746,0.009558310004397
2025-01-13,0.0015506540224961,-0.00175222259580632,-0.00995125560570309
2025-01-14,0.00137582273251446,0.00032942104032152,0.00524942320052513
2025-01-15,0.0181900870316756,0.0105262092578013,0.00748899369573275
2025-01-16,-0.00192317414926402,0.00238707444040753,0.00691096587495599
2025-01-17,0.010040058295155,0.00075785713137666,-0.00530726974725459
2025-01-21,0.00915337617073697,0.00335321154758317,0.0154852190162915
2025-01-22,0.00562146803608909,-0.00258733924739207,0.00513565269976923
2025-01-23,0.00545802203650281,-0.00259405093719156,-0.00141486995214712
2025-01-24,-0.00291917700046718,0.00205885962381669,0.00621870558002846
2025-01-27,-0.014145469544892,0.00648876485194916,-0.0104048052682413
2025-01-28,0.00859255209531029,0.000107450307682999,0.00865641778357196
2025-01-29,-0.00448302158133407,-0.00118174016995709,-0.00384040973300026
2025-01-30,0.00536707840710693,0.00215114490755441,0.0151455188471576
2025-01-31,-0.00532194971135236,-0.00161019706479382,0.00197639910773484
2025-02-03,-0.00672964902874384,0.000712003848203357,0.00533727141028195
2025-02-04,0.00670843112706998,0.00247851432612478,0.00984841707528661
2025-02-05,0.00405450012059361,0.00580545519614484,0.00620954241071225
2025-02-06,0.00347571651041179,-0.00117586979390605,-0.00265025629080473
2025-02-07,-0.00915348026287921,-0.00331704674368993,0.00178415986702563
2025-02-10,0.00679098528860345,-0.000214914739320227,0.0169382391969946
2025-02-11,0.000760634395703841,-0.00257738336006486,-0.00365160221552363
2025-02-12,-0.00322149287736229,-0.00689058149375565,0.00104715495701702
2025-02-13,0.0105574655432514,0.00748048672385937,0.00986283109210784
2025-02-14,-4.91521607706158e-05,0.00419677889385595,-0.0148717733342459
2025-02-18,0.00293576725673517,-0.0053579620523192,0.0165609054812323
2025-02-19,0.0023551460619915,0.00161612490999219,0.000554096378726054
2025-02-20,-0.00416046464499154,0.00204344431807901,0.000516832666437095
2025-02-21,-0.0171041842273744,0.00590407925854319,-0.00092254330052477
2025-02-24,-0.00455027404133046,0.00213419691556571,0.00542956812338824
2025-02-25,-0.00497315646391061,0.00787991619405126,-0.0131883341926574
2025-02-26,0.000504646593686431,0.00274703725029535,0.00152633336892927
2025-02-27,-0.0159618265928639,-0.00115897555294042,-0.0152399588228801
2025-02-28,0.0156056084851632,0.00548512766224274,-0.00626582005813336
2025-03-03,-0.0175200810850862,0.00362983703041375,0.0131803903426411
2025-03-04,-0.0118366825679926,-0.00314487341727632,0.00869763593445616
2025-03-05,0.0107476997161808,-0.00557376452302627,0.00208131109668974
2025-03-06,-0.0177509966802106,-0.000528788429959737,-0.00508120741042428
2025-03-07,0.0056048623911138,-0.00126966237886261,0.000521955818967523
2025-03-10,-0.0266355530057568,0.00699227413460402,-0.00875593716328937
2025-03-11,-0.00831306797496045,-0.00357719084685049,0.0117275410350928
2025-03-12,0.00530655307288286,-0.00295620550467257,0.00434679333570598
2025-03-13,-0.0133304186603485,0.00402391879780528,0.0177561445232521
2025-03-14,0.0206557163876764,-0.00348048174612836,0.000399757749467877
2025-03-17,0.00771121595805457,0.000846710309229115,0.00541353293423752
2025-03-18,-0.010808229478246,0.00116328392800491,0.011671955843306
2025-03-19,0.0108906737410293,0.00306337557292879,0.00410770799965721
2025-03-20,-0.00289158394469802,0.00147416906824005,-0.00128058543033183
2025-03-21,0.000329810753011417,-0.000841106388340784,-0.00804990121326798
2025-03-24,0.0179086646608713,-0.00578842928691403,-0.00445254866550659
2025-03-25,0.00240366649471513,0.00169376896866269,0.00440036508819852
2025-03-26,-0.0119382342651856,-0.00232493110308385,-0.000825981201995618
2025-03-27,-0.00265564352206626,-0.000847338185277047,0.0134057328825596
2025-03-28,-0.0201382839353785,0.008056962218006,0.00741212302316896
2025-03-31,0.00671277169810125,0.00294447519121488,0.0143632229983472
2025-04-01,0.00282446875255671,0.00351332729794684,-0.00197823035760758
2025-04-02,0.00632832407041195,-0.000943565214484354,0.00205166158800707
2025-04-03,-0.049280697092279,0.0102823932891536,-0.0060382780825311
2025-04-04,-0.0585430672604806,0.00280403631257609,-0.023392262736282
2025-04-07,-0.00178113211973197,-0.0119096491315478,-0.0214858063041513
2025-04-08,-0.0156628361156729,-0.00503095894596539,0.00544379379076321
2025-04-09,0.105019349956361,-0.00316009135909967,0.0369912508147805
2025-04-10,-0.0438191066509713,-0.00623467412916157,0.0244235794430174
2025-04-11,0.0178427076148464,-0.00563612783904521,0.019086664805094
2025-04-14,0.00970155362678637,0.00802049496852497,-0.00570597701220033
2025-04-15,-0.00280080963426343,0.00297055178598415,0.0052323793521396
2025-04-16,-0.0222281475540843,0.00433681764724714,0.0325408102664002
2025-04-17,0.0014269268974203,-0.00284360856388899,-0.00439069209404253
2025-04-21,-0.0238026436644654,-0.00538646595626546,0.0309355852990842
2025-04-22,0.0260176972864454,0.000743347575410169,-0.0141956685519665
2025-04-23,0.0154954728373167,0.00106090728372377,-0.0239786307297338
2025-04-24,0.0210490171740729,0.00540596354441036,0.0145562770182099
2025-04-25,0.00722515105096155,0.00379547589534979,-0.0108416796782683
2025-04-28,0.000381302093395819,0.00399109441227563,0.0142421034404967
2025-04-29,0.00629945315604696,0.00345222500431075,-0.00973892546767718
2025-04-30,0.000396812712973649,0.00156386244178419,-0.0074822210128378
2025-05-01,0.00708691571826048,-0.00435457888410373,-0.0207722875425655
2025-05-02,0.0148442413109755,-0.00671286341321986,0.00174819991322606
2025-05-05,-0.00573429446632356,-0.00179520336124517,0.0298677547766528
2025-05-06,-0.00835853990672564,0.00253879993805373,0.028024002758994
2025-05-07,0.00420565879189994,0.00263816847010578,-0.0149930608013482
2025-05-08,0.00696779051236374,-0.00778799438520283,-0.019694272299881
2025-05-09,-0.00127411540915878,0.000742499406681363,0.00725467425944859
2025-05-12,0.0330473983342723,-0.00635923463373977,-0.0281905683734909
2025-05-13,0.00660394031717004,-0.000746696931339441,0.00425899259959772
2025-05-14,0.00127795433049038,-0.00373602069841938,-0.0210378279995179
2025-05-15,0.00488434239882274,0.00653590885786692,0.0159639535315879
2025-05-16,0.00633407824429844,0.000319269285079082,-0.0120870472326756
2025-05-19,0.00109381409066933,-0.000532142449868878,0.0128806711212268
2025-05-20,-0.00336212804979552,-0.00127768683659313,0.0186222454642193
2025-05-21,-0.0168507934048426,-0.00692962946407383,0.00737868387585472
2025-05-22,0.000394647077370802,0.00375744816522894,-0.00886149338746145
2025-05-23,-0.00682588689362207,0.00288770869449095,0.0219062880450362
2025-05-27,0.0207906699378155,0.00415920896758126,-0.0169491525423728
2025-05-28,-0.0057854150812624,-0.00276132106704285,-0.00226601786997049
2025-05-29,0.00394748783432974,0.00415328179236996,0.00592471547161932
2025-05-30,-0.00111866595423038,0.00296951443655891,-0.006576942326455
2025-06-02,0.00563311180407156,-0.00339478191721398,0.026581051258169
2025-06-03,0.00570248563129616,-0.00095803210517631,-0.00885555121351111
2025-06-04,-0.000268340298166247,0.00735215263075917,0.00644197407265468
2025-06-05,-0.00483287214964712,-0.00296181387618732,-0.0050498789161787
2025-06-06,0.0102689798589628,-0.00795663797829382,-0.0134160736968043
2025-06-09,0.000901282888143173,0.00181800332730386,0.00471853488422092
2025-06-10,0.00566976761519378,0.00170794200199009,0.000293510988595536
2025-06-11,-0.00285211903067184,0.00415595252687595,0.00541229079051098
2025-06-12,0.00397432916384921,0.00435119783697702,0.0124202002480414
2025-06-13,-0.011179962144145,-0.00369827165234371,0.0131005643112492
2025-06-16,0.00951409208644249,-0.0028635114558061,-0.0142590965372985
2025-06-17,-0.0085450325365789,0.00489271264024604,0.000513194120006055
2025-06-18,-0.000150739070873818,0.000634898177985344,-0.00538562756502059
2025-06-20,-0.00234843272830942,0.000634495338051488,-0.000419019141110755
2025-06-23,0.00987727233038904,0.00348855542706072,0.00306317245831478
2025-06-24,0.0110473126886008,0.00347617805661193,-0.0157193787512396
2025-06-25,0.000560263188781551,0.000419882719782771,0.00303730581784745
2025-06-26,0.00782398343774182,0.00356779532316076,-0.00110704722354948
2025-06-27,0.00496833126420126,-0.00261402578556413,-0.018123728993799
2025-06-30,0.00478110548912758,0.00398357376257641,0.0119845472974351
2025-07-01,-0.00032357971617436,-0.00185404471039241,0.00892301066338219
2025-07-02,0.00453327651581548,-0.00209872407988998,0.00552759640548395
2025-07-03,0.00788148516168796,-0.00347052964956562,-0.00682291140359581
2025-07-07,-0.00745211478081786,-0.00316590137645889,0.000748780548875283
2025-07-08,-0.000547716217744187,-0.00148214065529872,-0.0104434118686673
2025-07-09,0.00599662676721024,0.00519510880614504,0.00447128266435004
2025-07-10,0.0028202115854048,-0.000527358125173238,0.00222578953198571
2025-07-11,-0.0035153258608025,-0.00464334972061697,0.00960157519333849
2025-07-14,0.00190821592914614,-0.000423978054667873,-0.00365531742662972
2025-07-15,-0.00427326514419635,-0.00392450457347993,-0.00415570513526808
2025-07-16,0.00334319111851555,0.00276872744282119,0.0049880961252442
2025-07-17,0.00611968997751711,-0.000318699045575577,-0.00217353340202453
2025-07-18,-0.000732412902110013,0.00276187933943395,0.00260092434757908
2025-07-21,0.00189617516566609,0.00349573023547212,0.0153701157924244
2025-07-22,0.000143121163225235,0.00285017190398151,0.00948488223546495
2025-07-23,0.00850744324203068,-0.00357901232357449,-0.0124011811200385
2025-07-24,0.000331149609356096,-0.00147900922521338,-0.00611827697777123
2025-07-25,0.00422425261804937,0.00232761179797625,-0.00924999264773085
2025-07-28,-0.000251003555304719,-0.00221655729899517,-0.00647361832754334
2025-07-29,-0.00263764860208127,0.00655889324809911,0.00275038907638514
2025-07-30,-0.00125933101104414,-0.00346817565634339,-0.0172734972895412
2025-07-31,-0.00375122652669879,0.000843650640267368,0.00664540157092119
2025-08-01,-0.0163903695197618,0.0115125386627333,0.0202996899588832
2025-08-04,0.0151997136799509,0.00135888324802269,0.00582322925770185
2025-08-05,-0.0050698690505695,-0.000730543253985028,0.000804091206636492
2025-08-06,0.00765967949419122,-0.000731323298353903,-0.00212110700071111
2025-08-07,-0.00083762399602616,-0.000731612382783076,0.00843798749496938
2025-08-08,0.00779757269955916,-0.00230137682748588,-0.000223579858554923
2025-08-11,-0.00197753964739533,0.000314865969637479,-0.0143747010875975
2025-08-12,0.0106460176622825,-0.00020987199700373,-0.000907466505831955
2025-08-13,0.0034231474568025,0.00356445850504428,0.00304928301458607
2025-08-14,9.30609019180739e-05,-0.00323841153761795,-0.00633870673406989
2025-08-15,-0.00234128985678062,-0.00199114878632056,0.000585818310109065
2025-08-18,-0.000217535775020261,-0.000945178960861548,-0.00156126754118036
2025-08-19,-0.00542522523056965,0.00252255927024292,-0.0054732794479444
2025-08-20,-0.00265708363064698,0.00146800291855853,0.0101221752844876
2025-08-21,-0.00401182228755792,-0.00293153773839172,-0.00346989511437457
2025-08-22,0.015356789701382,0.00556498501734848,0.0107064269447703
2025-08-25,-0.00440106209246183,-0.00198387199358052,-0.00241483686143917
2025-08-26,0.00418703634989104,0.0026155727302748,0.00726204724369128
2025-08-27,0.00227851328201001,0.00187835851189933,0.00201872888335974
2025-08-28,0.00354145792238758,0.00229130380468057,0.00741903804679755
2025-08-29,-0.00596377589262154,-0.000831192814710002,0.00964990177666136
2025-09-02,-0.00741029555587391,-0.00298425216134757,0.023642559312443
2025-09-03,0.00541955971340835,0.00345368711129246,0.00783199219640829
2025-09-04,0.00835755167700758,0.00448472793466537,-0.00441888261809675
2025-09-05,-0.00289643241455373,0.00487998099738318,0.0133459405521446
2025-09-08,0.00245682744396203,0.00309984934465435,0.011388067271604
2025-09-09,0.00231173052401656,-0.00236913982018916,-0.00226990546860917
2025-09-10,0.00289085427900515,0.00268464801084112,0.00359220563911
2025-09-11,0.00831017035594339,0.00154453660961051,-0.00149137978117209
2025-09-12,-0.000334612943145851,-0.00287869949002939,0.0019715725978473
2025-09-15,0.0053240460502868,0.00164962798662294,0.0104048360105589
2025-09-16,-0.00137688579056472,0.000617833322728467,0.0020064107533988
2025-09-17,-0.00124243529254797,-0.00216055824536443,-0.00771517166418856
2025-09-18,0.00467244514233101,-0.00329940011127083,-0.00400630945966851
2025-09-19,0.00495287477533157,-0.000413729573822574,0.0106072272522082
2025-09-22,0.00473100796809556,-0.00165576520034905,0.0173064309332627
2025-09-23,-0.00544347483980756,0.00279870741549204,0.00408637505286635
2025-09-24,-0.00318163345261369,-0.0026876198357213,-0.00906304972667005
2025-09-25,-0.00461349748847206,-0.00217660108021589,0.00416518887706596
2025-09-26,0.00572914436699468,-0.000519310761655012,0.00577227044053652
2025-09-29,0.00281036644113963,0.00290997652455238,0.0164965143387028
2025-09-30,0.00376686675911198,-0.000414458404129681,0.00854000408159417
2025-10-01,0.00340756942593368,0.00336911411797369,0.00157537220207304
2025-10-02,0.00115171160303906,0.00103632848702895,-0.0034828251513257
2025-10-03,-1.47673622212796e-05,-0.00196698568205955,0.00803293789248616
2025-10-06,0.00358622891033678,-0.00290450962399391,0.0188457386151251
2025-10-07,-0.0037074922509629,0.00249692449014627,0.0051594622581379
2025-10-08,0.00596305241279294,0.000207302453550939,0.0164909568784455
2025-10-09,-0.00289700837923745,-0.000726177035211717,-0.0184528480860662
2025-10-10,-0.02702782789909,0.00622991600417211,0.0100977000119442
2025-10-13,0.0153440746932094,0.000516079514879086,0.0243010439406166
2025-10-14,-0.00122165480345804,0.00257826212100998,0.0071411892226263
2025-10-15,0.0044396158666804,-0.00113159822141062,0.0173324035699782
2025-10-16,-0.00681026052552514,0.00463450255169207,0.0233872769457288
2025-10-17,0.00567630035890798,-0.00164034767534793,-0.0188170557269659
2025-10-20,0.0104004753996216,0.00133485717580784,0.0364019743890511
2025-10-21,-1.49959200125283e-05,0.00184568915686389,-0.0642688926066606
2025-10-22,-0.00519881596292104,0.000204778598409394,0.000106055948355666
2025-10-23,0.00592989119049925,-0.0032745894730386,0.00400235838239693
2025-10-24,0.00817257110463099,0.000923821336989539,-0.00335283271100162
2025-10-27,0.0117977120231494,0,-0.0278395304987847
2025-10-28,0.00265599895659041,0.000923448724953646,-0.00716603038836061
2025-10-29,0.000480297698805865,-0.00645641873391056,-0.00378726841297405
2025-10-30,-0.0109981449191907,-0.0014439760541971,0.0196418867295096
2025-10-31,0.00328028061071484,0.000413241751419102,-0.0054305507230098
2025-11-03,0.0018766870879654,-0.000476533714538707,0.00179290359356554
2025-11-04,-0.0118535399424479,0.00124367155693794,-0.0175171958253194
2025-11-05,0.00346538919699579,-0.00476104329956495,0.0115643694985264
2025-11-06,-0.0107293332126657,0.0050957758427872,-0.00120051957567924
2025-11-07,0.000984507581377247,0.000413833295012989,0.00611902147009569
2025-11-10,0.0156044347915107,-0.00134456268339966,0.0273411185983785
2025-11-11,0.00228914970244531,0.00310688445913554,0.00393781440654473
2025-11-12,0.000556398606441189,0.00020638777799098,0.0161107620919072
2025-11-13,-0.0165940214707369,-0.00289011681176476,-0.00808309851582556
2025-11-14,-0.000163586099584334,-0.00165635116254403,-0.0180479111715062
2025-11-17,-0.00931652393096216,0.00114068109981358,-0.0114639792971403
2025-11-18,-0.00839746055820689,0.00165712833358422,0.00726493273610562
2025-11-19,0.0038631997835874,-0.00072391985071929,0.00162945196104336
2025-11-20,-0.0152423366827661,0.00238011006178573,-0.000293325565576152
2025-11-21,0.00996122297663371,0.00330338865629765,-0.00154733114685845
2025-11-24,0.0147185070621805,0.00154325259404819,0.0158442390985893
2025-11-25,0.00940589965210692,0.00256852378937844,-0.000315690770413823
2025-11-26,0.00690357501301886,0.000819614726103479,0.00799833890844437
2025-11-28,0.00545840633861494,-0.00174050373424528,0.0124243313486365
2025-12-01,-0.00456541560255119,-0.00536969624567896,0.004821066034979
2025-12-02,0.00185220927411245,0.000827285840167225,-0.00644005071359843
2025-12-03,0.0034627677932606,0.00206682546055914,-0.000929618222914264
2025-12-04,0.000731056153998155,-0.00309372383472106,0.000646195194491161
2025-12-05,0.00189953684270971,-0.00206888310946773,-0.0017823532991581
2025-12-08,-0.00300427751467469,-0.0020731722605406,-0.00263944986861631
2025-12-09,-0.000863144966961271,-0.00145426767447743,0.00513720201278867
2025-12-10,0.00663226800901429,0.00322479057248581,0.00425914796716764
2025-12-11,0.00232694813052703,0.000103698899553528,0.0107698305433073
2025-12-12,-0.0107520579950969,-0.00269573107056365,0.00559457903993898
2025-12-15,-0.00151079788315289,0.000831747344815836,0.000910341263757886
2025-12-16,-0.00273229759527971,0.00280457280575064,0.000227455427603829
2025-12-17,-0.0110036201020414,-0.000207182969302666,0.00858822847427287
2025-12-18,0.00755133257761487,0.00259008282690809,-0.00180320369980413
2025-12-19,0.00906344547945181,-0.00224964245738168,0.00112899034343794
2025-12-22,0.00622989227832038,-0.00103907495109945,0.0230816054990679
2025-12-23,0.00457045481843354,-0.000416030149646529,0.0132523418575692
2025-12-24,0.00351762030553204,0.00260143146275027,-0.00413408256478853
2025-12-26,-0.000101415032243146,0.000934188025550897,0.0116767354747578
2025-12-29,-0.00356362820705514,0.00145157581230437,-0.0435283019531124
2025-12-30,-0.00122110073458226,-0.00103533699579161,0.000727567838638477
