"Date","Equity_heavy","Balanced","Defensive"
2015-01-05,-0.0123298980984216,-0.00373522132035438,0.00154577226516513
2015-01-06,-0.00572342956553948,-0.00018032149195662,0.00328100700735404
2015-01-07,0.00936132341286976,0.00471146983284144,0.00189688024774881
2015-01-08,0.0133672159474735,0.00680064165849089,0.00242941247949781
2015-01-09,-0.00477882982495643,7.2985896755755e-05,0.00298494461761943
2015-01-12,-0.00480630410280474,-0.00026530327675717,0.00238369022452724
2015-01-13,-0.00249520268234457,-0.00201926936391736,-0.00148720842638213
2015-01-14,-0.0045294438696869,-0.0022678084433016,-0.000449092121051399
2015-01-15,-0.00395732883118522,0.00384767015533555,0.00821901276666586
2015-01-16,0.0110607395221376,0.00798027587200077,0.00490482229623216
2015-01-20,0.00330637171922008,0.00506733197469605,0.00567032706380337
2015-01-21,0.00358688453757973,0.00139527328179426,-0.00031570185312395
2015-01-22,0.0124535245207823,0.0088272781685787,0.00588317550238344
2015-01-23,-0.00453063136027096,-0.00310222074898167,-0.00142356996570542
2015-01-26,0.000646593775130833,-0.00189648612241705,-0.0032072149924707
2015-01-27,-0.00926848033216595,-0.00338522725224596,3.25232554983265e-05
2015-01-28,-0.0102775981731446,-0.00645738880202912,-0.00313183583364967
2015-01-29,0.00488517825157276,-0.00165274483341631,-0.00511104947453841
2015-01-30,-0.00695658936545231,0.00147131616713942,0.0064141479355635
2015-02-02,0.00894817268400662,0.00379371156532309,0.000712043377111386
2015-02-03,0.00960605998631406,0.00232357504487655,-0.00239371068709902
2015-02-04,-0.00244391456038471,-0.000397739412543898,0.00082979801708074
2015-02-05,0.00788339184002332,0.00456593910465071,0.00208526404733244
2015-02-06,-0.00591721769741304,-0.0106449262898132,-0.0130627555994502
2015-02-09,-0.00318022020386341,-0.00123688238437885,-0.000187851015455429
2015-02-10,0.00768501369402884,0.0032320993434329,0.000431940923878273
2015-02-11,-0.000754815851686789,-0.00275716760525111,-0.00351977577900562
2015-02-12,0.00796133044689163,0.00547794010910169,0.0037256137924474
2015-02-13,0.00350362348985427,0.00258482064658671,0.00153220412088772
2015-02-17,-0.00112026710178726,-0.00516040060177998,-0.00737344305340181
2015-02-18,0.000839932072142502,0.00195671383957458,0.00279858346340838
2015-02-19,-0.00116757947516556,-0.00184765145679386,-0.00225532865087686
2015-02-20,0.00417517009652414,0.00143654557731262,-0.000132723855612684
2015-02-23,0.000476069344645791,0.00140330694338292,0.00218621633803302
2015-02-24,0.00278817406431575,0.00270964401793855,0.00306244053274653
2015-02-25,-0.000205197346006214,0.000761453763453601,0.00126140062060671
2015-02-26,-0.00121845371219129,-0.00127394693899035,-0.00176738093785638
2015-02-27,-0.00229306704816146,-0.000623593853094186,0.000627731590068159
2015-03-02,0.00389294488911337,0.000262540184943013,-0.00232331703264799
2015-03-03,-0.00368039980988576,-0.00304498902489622,-0.0026384444620946
2015-03-04,-0.00360896109295403,-0.00269924666223126,-0.00189930615351007
2015-03-05,0.000836265184668143,0.000449182489848462,0.000267093124171648
2015-03-06,-0.0150048763996517,-0.0164151850350165,-0.0165015264827876
2015-03-09,0.00387857752031127,0.00347941907697613,0.00339639119623609
2015-03-10,-0.0130441181800655,-0.00827753128412897,-0.0046419229449655
2015-03-11,-0.00229639510680298,-0.00222791963896413,-0.00179232203918795
2015-03-12,0.0102380687576821,0.00652384765803811,0.00410813510804111
2015-03-13,-0.00491136579510324,-0.00307979623779983,-0.00200597298291809
2015-03-16,0.0109726853551476,0.00739061777091787,0.00520775426728241
2015-03-17,-0.00271376355689588,-0.00232559455612119,-0.00169321383292356
2015-03-18,0.0127251484049126,0.0137803752013131,0.0140778702995907
2015-03-19,-0.00419092289674332,-0.00363503858652569,-0.00346411051323392
2015-03-20,0.00860910676074926,0.00828276815075634,0.00769919161899634
2015-03-23,-0.000795616239877294,0.000933788143021475,0.00183436596123668
2015-03-24,-0.00394586254146167,-0.00143622449768721,0.000266528346215855
2015-03-25,-0.0120155935014081,-0.00805804894460619,-0.00570555585262144
2015-03-26,-0.00181456539624727,-0.000964357367931322,-0.001005995102734
2015-03-27,0.00185794783835069,0.00121039471718765,0.00115551094031916
2015-03-30,0.0086120680170472,0.0032304300020923,0.000207308974592214
2015-03-31,-0.00681139231448071,-0.00391974613966548,-0.00182289794826828
2015-04-01,-0.000646510874847168,0.00368855954154907,0.00596313381926343
2015-04-02,0.00231616954304954,0.000393992193380988,-0.000891606696680713
2015-04-06,0.00673874835515269,0.00674712272405009,0.00620570149542678
2015-04-07,-0.00253125264715827,-0.00235859715171463,-0.0019535322801348
2015-04-08,0.00205841775095026,8.05285137889223e-05,-0.00100845874745982
2015-04-09,0.00244032848167176,-0.00053389124089756,-0.00237297351882957
2015-04-10,0.00547190441350302,0.00549355675030059,0.00492726538569951
2015-04-13,-0.00413062879140863,-0.00354195946380978,-0.00268989372900996
2015-04-14,0.00121812829096038,0.000175495867253765,-6.78620139675679e-05
2015-04-15,0.00450982770943813,0.00454425225266636,0.00416228434331407
2015-04-16,-0.000500937660263201,-0.0008247685305785,-0.000830572756516888
2015-04-17,-0.00850495045434492,-0.00400733107067054,-0.00115557067170061
2015-04-20,0.00636462531705753,0.0022064913389706,-0.000276727866685469
2015-04-21,-0.000589097872109471,0.000314137496160242,0.000522937042824456
2015-04-22,0.00200736331415849,-0.00235241072074601,-0.00487741368855692
2015-04-23,0.00304803646650378,0.00384545314570612,0.00416535324716125
2015-04-24,0.000803092495450796,-0.00147271558246162,-0.00211234198068325
2015-04-27,-0.00146572617650462,0.00257207591496905,0.00417731299423848
2015-04-28,0.00294920323740532,0.00260454991631279,0.00171071673764722
2015-04-29,-0.00436724606143372,-0.00474580367449337,-0.00483095773529397
2015-04-30,-0.00981004081545161,-0.00949503222942073,-0.00841594667860325
2015-05-01,0.00778250666823757,0.00319450227140162,3.43181410413669e-05
2015-05-04,0.00297372091379287,0.003163648014051,0.00273627211058074
2015-05-05,-0.00905000352627006,-0.00544714178190314,-0.00326992664998642
2015-05-06,-0.00383452965243935,-0.00341140429050882,-0.00334750399927139
2015-05-07,0.00279479538231734,0.00100252309518953,0.000431183018172365
2015-05-08,0.0114035943248388,0.00875973994335079,0.00694757596066217
2015-05-11,-0.00518828207987933,-0.00581144673983533,-0.00652582665037232
2015-05-12,-0.00146285201997747,0.000829621992569972,0.00196857839973522
2015-05-13,0.00181056467519098,0.00424035732934551,0.00489882459568426
2015-05-14,0.00922347042546504,0.00741738141074354,0.006113507203066
2015-05-15,0.00188284206018523,0.0030815546130521,0.00408995272213424
2015-05-18,0.00180251767918364,-0.000154219928646061,-0.00179174631108523
2015-05-19,-0.00209354394055169,-0.00474049724195378,-0.00603334572368937
2015-05-20,-0.000181281369997199,0.000602818522077554,0.00115256627157026
2015-05-21,0.00258961330518126,0.00210530915700991,0.00224822794099085
2015-05-22,-0.00221458426959473,-0.00195291123566974,-0.00185234396510109
2015-05-26,-0.00944141997850661,-0.00747629433567161,-0.00512438581919521
2015-05-27,0.00751998549852978,0.00456179025816453,0.00257036805485376
2015-05-28,-0.000694702814249348,-4.45781078459154e-05,0.000378591853185329
2015-05-29,-0.00484396491312314,-0.00279066858007987,-0.00142881989779999
2015-06-01,0.00110033844717177,-0.00030379202777675,-0.00141663887689266
2015-06-02,-0.00108686379449231,-0.00122831863968872,-0.00187253751015724
2015-06-03,0.000550403336684737,-0.00259817853689301,-0.00476540740085984
2015-06-04,-0.00697374069727669,-0.00476478911879722,-0.00269649488664858
2015-06-05,-0.00262498135617162,-0.003992683314465,-0.0049999782746382
2015-06-08,-0.00448192626216557,-0.00198065933064961,-0.000388350620738419
2015-06-09,-0.000218692096370754,-0.000329887074449031,-0.000677622300827351
2015-06-10,0.0100617665656288,0.00716425932282651,0.00461518373660378
2015-06-11,0.00291184103697103,0.00244412601346292,0.00275579547353327
2015-06-12,-0.00620799708866384,-0.00403727387677977,-0.00260557860549009
2015-06-15,-0.00274747406854454,-0.000440782686221162,0.000995802790036604
2015-06-16,0.00438235731939178,0.00277857069069542,0.00208044505745341
2015-06-17,0.00181860127171993,0.00212045354661517,0.00211634145704951
2015-06-18,0.00953445898789613,0.00823757979154722,0.00668943142204951
2015-06-19,-0.00319221948844373,-0.00132209543851866,0.000277559534408226
2015-06-22,0.00197121499500786,-0.00275661671408448,-0.00568652024728855
2015-06-23,-0.000399003890868565,-0.00205911350226442,-0.00298847064443357
2015-06-24,-0.00577914010742714,-0.00355418806981203,-0.00178973205815083
2015-06-25,-0.00281362610250644,-0.0024731724857695,-0.00230355705181058
2015-06-26,-0.00052388226910387,-0.00102369894342491,-0.00164930197403685
2015-06-29,-0.0151606064224641,-0.00644612973902077,-0.000281772402174787
2015-06-30,0.000780184123737191,-0.00118963343270073,-0.00233102858142082
2015-07-01,0.0055425290702438,0.00183337951871784,-0.000727173317959453
2015-07-02,-0.000574074153077686,-6.19938053613155e-05,0.000555005175642831
2015-07-06,-0.00130139359848385,0.00101542034651997,0.0027792124147115
2015-07-07,0.00413628852043725,0.000908021983239062,-0.000531309185056485
2015-07-08,-0.0127263542257561,-0.00665015254636406,-0.00254960265583753
2015-07-09,0.000992370171196531,-0.000231705213244618,-0.00151798858766852
2015-07-10,0.00949762924889195,0.00485595189828178,0.00135674659055991
2015-07-13,0.00811390803233082,0.00372860250698086,0.000895512210009328
2015-07-14,0.00356129426383913,0.0023964028847343,0.00189054587923656
2015-07-15,-0.000407370153784769,-0.000520251588477654,-0.000142600512721579
2015-07-16,0.00601798925942166,0.00300903239281458,0.00116558115591253
2015-07-17,-0.00032329537234593,-0.00208034793830688,-0.00274129529128322
2015-07-20,-0.00250086373197471,-0.00702885073537923,-0.00878991377773936
2015-07-21,-0.00319682327339626,-0.00206472052440815,-0.00101557474406318
2015-07-22,-0.00185288038929251,-0.00194055184858463,-0.0016667159517757
2015-07-23,-0.0045439520597654,-0.00291494416169144,-0.0014004575619561
2015-07-24,-0.00722537154356989,-0.00250526463770718,0.000199967536728801
2015-07-27,-0.00478807742098958,-0.00324441391100869,-0.00181735478573227
2015-07-28,0.00969623901001673,0.00581629934222308,0.00301206560600568
2015-07-29,0.00550453786340126,0.00344243327317922,0.00192542471398371
2015-07-30,-0.000552361273234226,-0.00173686802796921,-0.00204188498202655
2015-07-31,4.60121827532611e-06,0.00228822836421811,0.00378709819805389
2015-08-03,-0.00318485017685043,-0.00290211266819382,-0.00216570407558101
2015-08-04,-0.0018775227951808,-0.00176243393049472,-0.00204449816642216
2015-08-05,0.00188557454925614,-0.000229551982553338,-0.00165081652359789
2015-08-06,-0.00575750869121738,-0.00211181848927539,0.000272470112367007
2015-08-07,-0.000890684145314078,0.000653165447084605,0.00175595526845075
2015-08-10,0.0106884954241247,0.00782218136027339,0.00519334894455085
2015-08-11,-0.00604734913256067,-0.00158341131775986,0.00146741166846232
2015-08-12,0.0023233153872878,0.00401094575878028,0.00441618004870049
2015-08-13,-0.00208413519151106,-0.00334358505413865,-0.00390149959930783
2015-08-14,0.00280126489413705,0.00153935734008931,0.00065106348331999
2015-08-17,0.00491002217890713,0.00389531400077414,0.00317720678886455
2015-08-18,-0.00249541051219339,-0.00189399265894749,-0.00156354460657104
2015-08-19,-0.00436845507554931,0.00093718420957527,0.00410785414335182
2015-08-20,-0.0146931794273136,-0.00541017347932228,4.35149555868455e-05
2015-08-21,-0.0230557957309642,-0.0124864670751661,-0.00555210882421908
2015-08-24,-0.0340581171332851,-0.0219850684067366,-0.0135827944527304
2015-08-25,-0.0112010434710977,-0.0103506760857538,-0.00943762611704811
2015-08-26,0.0287348251336237,0.0142460777414452,0.00496170319492163
2015-08-27,0.0197873333277017,0.0123658941529018,0.00736222027423941
2015-08-28,0.000959331646086948,0.00232302754479724,0.00279135037909204
2015-08-31,-0.00652186786717585,-0.00418584755622473,-0.00276814683341837
2015-09-01,-0.0230797054738837,-0.0129279264572468,-0.00611010124739666
2015-09-02,0.0143817381978049,0.0074830205746143,0.00301352151556052
2015-09-03,9.94026783103341e-05,-0.000826119450440282,-0.000961894156706721
2015-09-04,-0.0121245314642112,-0.00760616725854985,-0.00427692698747031
2015-09-08,0.0196934970192026,0.0115370111582257,0.00586573228534029
2015-09-09,-0.0119526795905979,-0.00982402148042454,-0.0077397596591951
2015-09-10,0.00436394154707386,0.0027468391048098,0.00143837747857585
2015-09-11,0.00369199675247763,0.00241364031773425,0.00179650709211804
2015-09-14,-0.00281816361940197,-0.00147951509559008,-0.000568442329645503
2015-09-15,0.00891112724415852,0.00352824244009981,-0.000303409410705515
2015-09-16,0.00823607702746649,0.0075908462819365,0.0064807976284219
2015-09-17,5.8670489897831e-05,0.00351806491169127,0.00572762681535465
2015-09-18,-0.0118668812931623,-0.00515445983081415,-0.000814156318981498
2015-09-21,0.00294226924742626,-0.000395540631984548,-0.00259394904021603
2015-09-22,-0.010568240430688,-0.00695132715554057,-0.00395052831297757
2015-09-23,-0.000991866062350318,-8.1959805409285e-05,0.000269175315055027
2015-09-24,-0.000645737564569913,0.00380981397926517,0.00580617911693798
2015-09-25,-0.00108400818741448,-0.0023213964207851,-0.00296925232456403
2015-09-28,-0.0207726856596898,-0.0142861507106727,-0.00904349773376378
2015-09-29,0.000406632747759572,0.000138705540963763,0.000335127827306814
2015-09-30,0.0139077850338966,0.00678232613258885,0.00255990795595089
2015-10-01,0.00204369957817645,0.00119540608424756,0.000729687377991261
2015-10-02,0.0145500100782856,0.013968517030168,0.0127633036677863
2015-10-05,0.0134800014664111,0.00700804922128143,0.00251741511081672
2015-10-06,-0.00153489798756092,0.00130242996716162,0.0027949946941649
2015-10-07,0.00615690733564328,0.00310605827364582,0.00101993312063756
2015-10-08,0.00645076869733884,0.0025869093250426,0.000136198371796492
2015-10-09,0.0021182913201921,0.00440084718293327,0.00515793867285411
2015-10-12,0.0014865853453776,0.00230147292569838,0.00281383670226392
2015-10-13,-0.00445470894028656,-0.00168387117746949,-3.734511191007e-05
2015-10-14,-0.00154519372924446,0.00332807282744974,0.00597868782012653
2015-10-15,0.0114857859041365,0.00568252860749022,0.00187163263520829
2015-10-16,0.00284784299297734,0.000299748419019723,-0.00108753384362286
2015-10-19,-7.06482015218949e-05,-0.000914350532404741,-0.00129105485139823
2015-10-20,-0.00073175089045245,8.85816230993849e-05,0.00014722881081162
2015-10-21,-0.00550561873036688,-0.00445957953894671,-0.00314676288037966
2015-10-22,0.0135806940914144,0.008611897250268,0.00536822435005128
2015-10-23,0.00803525889423628,0.00364490219033635,0.000520877712528654
2015-10-26,-0.00176859559545458,-0.000734564849013821,0.00011645095014328
2015-10-27,-0.00107096160972928,0.000221000609548438,0.00109537975585042
2015-10-28,0.00777549443400925,0.00237670278774738,-0.00107874468243448
2015-10-29,-0.00203050027360883,-0.00421451820280994,-0.00549913574015767
2015-10-30,-0.00363410193074689,-0.00262050281324544,-0.00165509627353363
2015-11-02,0.00852822869109054,0.00357350173362449,0.000451507189345246
2015-11-03,0.000573969697110984,-0.00291390499925182,-0.00462922303277213
2015-11-04,-0.00347423808572361,-0.00413580403581229,-0.00415658572932246
2015-11-05,-0.00117611342470087,-0.00144255398304649,-0.00149743256635203
2015-11-06,-0.00255509707098768,-0.00560274216718024,-0.00724493861214852
2015-11-09,-0.00734807621337566,-0.00437246048001455,-0.00261821412404352
2015-11-10,0.00182507211658187,0.00110199175822457,0.000820353104273732
2015-11-11,-0.00352856002899613,-0.00292414714319389,-0.00237692892081425
2015-11-12,-0.0110917407722963,-0.00678949950666609,-0.00390250742480529
2015-11-13,-0.00888244046663716,-0.0053635753014796,-0.00268829539160049
2015-11-16,0.0124428048495673,0.00829657733382587,0.00552620042497196
2015-11-17,-0.0019330342365692,-0.00373817413333586,-0.00429528090845185
2015-11-18,0.0127334869554268,0.00803473021635347,0.00483462658876855
2015-11-19,0.000630777111514512,0.00287012104266998,0.00392006335018223
2015-11-20,0.0023296084890097,0.000357656498315787,-0.000796026805295714
2015-11-23,-0.00159060042805356,-0.00225600058235725,-0.00223098462683268
2015-11-24,0.0018309135674629,0.00256790211300778,0.00277387752014058
2015-11-25,-0.00052454697247033,-0.00109615077193503,-0.00121580805535736
2015-11-27,-0.000160073441185006,-0.0021202118792531,-0.00278473398566913
2015-11-30,-0.00262213804454612,-0.000327595353810161,0.000890037433143109
2015-12-01,0.00851354322365816,0.00698046124768853,0.00604772024358848
2015-12-02,-0.00999943325584767,-0.00969117827027693,-0.00884886438412941
2015-12-03,-0.0111913389574715,-0.00697386075496527,-0.00521934892645978
2015-12-04,0.0181937688778373,0.0162291725772133,0.0139940197461754
2015-12-07,-0.00582341209082864,-0.00547025639092836,-0.00442515969756745
2015-12-08,-0.00515317528585886,-0.00280431781953971,-0.00129294563871936
2015-12-09,-0.00626780118926624,-0.00399950773019853,-0.00231474005729668
2015-12-10,0.00176092924069606,0.00053064207713893,-0.000353851472490675
2015-12-11,-0.0141578851908757,-0.00632263303991927,-0.000971592239823087
2015-12-14,0.00202325979131699,-0.00252093782341296,-0.00527967704600773
2015-12-15,0.00787871084261143,0.00395010965820259,0.00133654248801509
2015-12-16,0.0126529178819101,0.00968399942063257,0.00696671337387883
2015-12-17,-0.0139638814903996,-0.0120520261163269,-0.00947423489433452
2015-12-18,-0.0123610492254629,-0.0041806777752919,0.000685891436224846
2015-12-21,0.00773378367434044,0.00696130252138684,0.00592588918853824
2015-12-22,0.00645417506958309,0.0025239820480337,2.47297336243046e-05
2015-12-23,0.00938814995672016,0.00489561646474966,0.00193377233844196
2015-12-24,-0.000413437826391091,0.00144168072164769,0.00240848357496072
2015-12-28,-0.00256592814162694,-0.00298752246353021,-0.00288068299551332
2015-12-29,0.00794049000833404,0.00384372097410161,0.000882564849840781
2015-12-30,-0.00639535740905879,-0.00535698597769885,-0.00426416682762482
2015-12-31,-0.00784975665310706,-0.00461884376297585,-0.0024277415869244
2016-01-04,-0.00934766774625026,-0.00240045680043111,0.00173941722838785
2016-01-05,0.0016066246264902,0.00147958435667747,0.0012398206017304
2016-01-06,-0.0080433973147333,-0.00118745779576675,0.00296300312204241
2016-01-07,-0.0175638558485929,-0.00792186163900336,-0.0020930235681756
2016-01-08,-0.00897142270698187,-0.00596373967870293,-0.00361094031382528
2016-01-11,-0.000414777900048235,-0.00252198513757704,-0.00364070970655697
2016-01-12,0.00639826263862911,0.00389281329810545,0.00270023391636315
2016-01-13,-0.0190718047152441,-0.0102682016406752,-0.00444808437458926
2016-01-14,0.0113058782384794,0.00363927039929764,-0.00076226145099311
2016-01-15,-0.015678836257526,-0.00699787545667964,-0.00149246049312893
2016-01-19,0.00083918828480207,0.000101308095307116,-0.000407382782319689
2016-01-20,-0.00842399962038101,-0.00183714202438347,0.00213139686238688
2016-01-21,0.00434641644978697,0.00246294453743456,0.00102579929382744
2016-01-22,0.0157256520476952,0.00854136312500488,0.0038730889909269
2016-01-25,-0.0107307721030807,-0.00415240406144046,-0.000114244271984313
2016-01-26,0.0121290205605172,0.00985784421557799,0.00781033399864374
2016-01-27,-0.00826013425214926,-0.00432491823480564,-0.00185088612156553
2016-01-28,0.00322883871274764,0.000257936985410267,-0.00112413933678757
2016-01-29,0.0204211719045524,0.0144868705195606,0.0106054781564297
2016-02-01,0.000508887633391535,0.00181444677121316,0.00205533366121851
2016-02-02,-0.0136722770630999,-0.00714746119648654,-0.0024618744441071
2016-02-03,0.00575959017100332,0.00540640769239181,0.00457954654746737
2016-02-04,0.00270069915742288,0.00439912446364281,0.00504615362492432
2016-02-05,-0.0135298624837077,-0.00524914515950889,-0.00045616969658474
2016-02-08,-0.00867728151770129,-0.00150170459445582,0.00298339725719552
2016-02-09,-0.000158350128280882,-0.00047663692354452,-0.000569913857776015
2016-02-10,0.000382733964867876,0.00225128754592219,0.00325876242239906
2016-02-11,-0.00592763179116926,0.00469267668585041,0.00999333149819667
2016-02-12,0.0151428491926505,0.00693161915919887,0.00137002568378072
2016-02-16,0.0101711428132409,0.000110380156300256,-0.00522942807555409
2016-02-17,0.0134412541544997,0.00910155464677794,0.0057766594256098
2016-02-18,-0.000379394467469858,0.00519488441591887,0.00792628565788573
2016-02-19,-0.000975391404941794,-0.0017350302909355,-0.0019413467048388
2016-02-22,0.0097065027203578,0.00254701064192306,-0.00138701516363172
2016-02-23,-0.00840655203400705,-0.00207175937782998,0.00150209043834787
2016-02-24,0.00399328554864364,0.00311962947709593,0.00237083849361248
2016-02-25,0.0102518038894691,0.0074610510742631,0.0056179478842481
2016-02-26,-0.00301505211044888,-0.00408507763615584,-0.00469836902038211
2016-02-29,-0.00480453083234063,-0.000247565608716365,0.00221868589106724
2016-03-01,0.0172905504055406,0.00796615225995486,0.00172574887316266
2016-03-02,0.00419312038184473,0.00374422491796819,0.00297187218866592
2016-03-03,0.00498213354745407,0.00657560106859712,0.00683371420201891
2016-03-04,0.00210746463152209,0.00038848991705673,-0.000847762039238175
2016-03-07,0.000934885562076071,0.00113950183922487,0.000926206777446414
2016-03-08,-0.00861814073432019,-0.00516835018801674,-0.00234808671093941
2016-03-09,0.00272974687174365,-0.00058502520296863,-0.00257651286861197
2016-03-10,0.00189019674947904,0.00352160815350862,0.00362766035920086
2016-03-11,0.0109042368143229,0.00305525453833762,-0.00145987697617769
2016-03-14,-0.00224177674426281,-0.00368087575634292,-0.00395853754991515
2016-03-15,-0.00124559858600227,-0.000669911195036204,-0.000333515020077712
2016-03-16,0.00738491031308961,0.00978143730382246,0.0105271198253713
2016-03-17,0.00480381803043582,0.00249345996201555,0.00119896465256908
2016-03-18,0.00304299195072515,0.00171325072780726,0.00105115570010968
2016-03-21,0.000150394986693467,-0.00175229266516103,-0.00281192306680329
2016-03-22,-0.000346489600060274,-6.05293894244695e-05,-0.00012249741579491
2016-03-23,-0.00708299746515182,-0.00780823085939646,-0.00693040529789372
2016-03-24,-0.000695330627700551,-0.0010736025477141,-0.00125607382250242
2016-03-28,0.000851223534968804,0.00124194194550059,0.00145963936391966
2016-03-29,0.00992941523567421,0.0109481758520573,0.0110394703170884
2016-03-30,0.00197598243589027,-0.00164131736416481,-0.00342208551284578
2016-03-31,-0.00111638369842666,0.00084915759544818,0.0021108793242865
2016-04-01,0.00481698154300073,0.00182449342270188,0.000116738101781597
2016-04-04,-0.00313920083029961,-0.00299153777860881,-0.00250057429325268
2016-04-05,-0.00629152961963308,-0.000746372782137908,0.00249990910099081
2016-04-06,0.00790855652024168,0.00338899392499206,0.000573524860624932
2016-04-07,-0.00762872312876313,-0.00112275968910323,0.00275851935983135
2016-04-08,0.0018523572480572,0.000586086260635415,-0.00025877281773945
2016-04-11,-0.000544824350426101,0.00215875138477891,0.00327659855962542
2016-04-12,0.00707018205615236,0.00370590858988293,0.00125627216627484
2016-04-13,0.00708696411293196,0.0025659876360801,0.000121333720889904
2016-04-14,-0.00159443242215225,-0.00405835354598479,-0.00511980046299876
2016-04-15,0.000106510759003856,0.00192483769257962,0.00294093857869695
2016-04-18,0.00536899951460573,0.00288288239010745,0.00125205248147267
2016-04-19,0.00392306175577681,0.00507636628390311,0.00498232120585885
2016-04-20,-0.000255434240726881,-0.00206825630223831,-0.00327564773216501
2016-04-21,-0.00408865711954618,-0.0021537914151909,-0.00113502651751119
2016-04-22,-0.00139074461222822,-0.00347686153057055,-0.00428178702138289
2016-04-25,-0.00119987864303503,-0.000414862702604045,-9.05768340637921e-05
2016-04-26,0.00137629089011455,0.0012109625399685,0.00079676036298779
2016-04-27,0.00248323587172708,0.00312063381361932,0.00367742240264368
2016-04-28,-0.0050240308526205,0.00105367765382942,0.00433368155471545
2016-04-29,-0.00240978257609235,0.00207399259398742,0.00407212081753819
2016-05-02,0.0057369554258413,0.00241935529842521,0.000228208088619075
2016-05-03,-0.00659620254920816,-0.00343579762048046,-0.000918508633783119
2016-05-04,-0.00489110915138342,-0.00386016017732377,-0.00277709758873098
2016-05-05,1.08904505103922e-06,0.000295503256933809,0.000684955170862799
2016-05-06,0.00360187523399174,0.00351568794732393,0.00288611917304689
2016-05-09,-0.00120280353395247,-0.00424624610134232,-0.00515316899236362
2016-05-10,0.0102025460195842,0.00685555762104961,0.00447843642840278
2016-05-11,-0.00638774989880309,-0.00193742085743726,0.00063514060880132
2016-05-12,-0.000824616659475131,-0.002497152328158,-0.00335453603128808
2016-05-13,-0.00613722983935461,-0.00227176622156827,0.000268335433223932
2016-05-16,0.00760548897335207,0.00421577327749001,0.00173863799946288
2016-05-17,-0.00725779625546859,-0.00414408884042267,-0.00230856761949789
2016-05-18,-0.00230678558046058,-0.00620647791341429,-0.00834229009332175
2016-05-19,-0.00286284446767123,-0.00195982299900666,-0.00121178388590464
2016-05-20,0.00498381121628287,0.00298438592479569,0.00175011776080694
2016-05-23,-0.00130976025862518,-0.00123142710072968,-0.00100527552189181
2016-05-24,0.00847162578078527,0.00173561580211062,-0.00197006051588656
2016-05-25,0.00510759705622524,0.00259513903349895,0.00103374242472926
2016-05-26,0.00019817858954907,6.51071988331254e-05,0.000302665180656403
2016-05-27,0.002424823296512,-0.000387061366961813,-0.00194553665889042
2016-05-31,-0.00102282087450263,0.000296639416860645,0.0010453011004328
2016-06-01,0.00150205162711304,0.000681595351350985,0.000169431914176644
2016-06-02,0.00251248348735589,0.00171569720274628,0.00145616110805489
2016-06-03,0.00131380944947761,0.00776528924845133,0.0111429159234536
2016-06-06,0.00384314287620714,0.00197468993857111,0.000581466671322396
2016-06-07,0.00130953016144163,0.0009319904053334,0.000794661845259148
2016-06-08,0.00420639442068919,0.00562644147336766,0.00589122424712178
2016-06-09,-0.000383633002165798,0.0010895054839467,0.00187042526164244
2016-06-10,-0.00682656090330123,-0.0028504715984185,-0.000226232953692453
2016-06-13,-0.00523288232109904,-0.00151431318323836,0.000693781413247155
2016-06-14,-0.0014943953463608,-0.000785545569001012,-0.000379391043711996
2016-06-15,-6.9551259259427e-05,0.00191721863306066,0.00302335564421119
2016-06-16,0.00144368378968606,-0.000867612020132535,-0.00182935098689036
2016-06-17,-0.00203540582528395,0.000497745119584665,0.00137558961183584
2016-06-20,0.00412550113691757,0.000653512205109398,-0.00157744746760955
2016-06-21,0.000122476334657723,-0.00395152355212035,-0.00581812840271165
2016-06-22,-0.00105706398885091,-0.000195810480504212,0.000452663000656417
2016-06-23,0.0092882387393422,0.00368632568203044,4.01307070695494e-05
2016-06-24,-0.0224413878911417,-0.00223925843419247,0.00946808598789552
2016-06-27,-0.0129237887517737,-0.00544460128839473,-0.000296087979637441
2016-06-28,0.0133377463714894,0.00629007661847525,0.00211959783506205
2016-06-29,0.0136305311344854,0.00853474144552228,0.00472678910094767
2016-06-30,0.0116388549122107,0.0086290555551793,0.00648315535718518
2016-07-01,0.00347853208301122,0.00554554679127521,0.00628865118859968
2016-07-05,-0.00438083275084125,-0.000162263568015188,0.00251150543745392
2016-07-06,0.00540302831035675,0.00451053519514227,0.003630840126906
2016-07-07,-0.00100429833748146,-0.0015805245821956,-0.00184251567331533
2016-07-08,0.0127073058375165,0.00943255430129259,0.00704564867943114
2016-07-11,0.00135164248647792,-0.00191087502925863,-0.00387833443320975
2016-07-12,0.00356366023214767,-0.0019859112358877,-0.00515395778614366
2016-07-13,0.00106645536256573,0.00287510948319874,0.00374965462553214
2016-07-14,0.00327873746218894,-0.000178502402370272,-0.00230587289809769
2016-07-15,-0.00184117904729689,-0.00258990348579161,-0.0030879997299402
2016-07-18,0.00228070534855629,0.00167088559676898,0.00117210845079332
2016-07-19,-0.000411389828654432,0.000496530860956465,0.00116896984310625
2016-07-20,0.00169487989183339,-0.00200775162239686,-0.00386334814285269
2016-07-21,-0.00127542239219485,0.00247767082874322,0.00432976519984204
2016-07-22,0.00276171540424373,0.000176363480629661,-0.00121418787288213
2016-07-25,-0.00294954591339237,-0.00329981577941804,-0.0032252130405606
2016-07-26,0.000854163438363865,0.00144302591871159,0.00165563648933169
2016-07-27,0.00119024239480019,0.00456758634627247,0.00622768813149408
2016-07-28,0.000688257263304856,-1.1786347603684e-05,-0.000307343702317288
2016-07-29,0.00270763463466821,0.00434678000152511,0.0051134221657675
2016-08-01,-0.000824631612242722,-0.000817445430975589,-0.00107928111529573
2016-08-02,-0.00455308732991903,-0.00177199578568538,-0.000444189145368789
2016-08-03,0.0019155821190171,0.000405070308559854,-0.000337239955888545
2016-08-04,0.00126125550367653,0.0015572087753003,0.00178986880914029
2016-08-05,0.00413499073695054,-0.00193105191995941,-0.00539279691543916
2016-08-08,-0.000616244983782399,-0.000647330719398126,-0.000651727404635794
2016-08-09,0.00124245483527514,0.00221232306296471,0.00283374638048297
2016-08-10,-0.00124387830100932,0.000602975769977417,0.00173342306507585
2016-08-11,0.00254062774068857,-0.000609845496027827,-0.00260394111261754
2016-08-12,-0.000549563300395207,-7.03289134512959e-05,0.000533480286883469
2016-08-15,0.00235870403281135,0.00157114815906939,0.000726601573067764
2016-08-16,-0.00380325072192398,-0.00177098359163397,-0.000747333346857704
2016-08-17,0.00168929561563635,0.00140124825062132,0.00127798279997113
2016-08-18,0.00244839632624512,0.00275495222141475,0.0028112020433426
2016-08-19,-0.00239129379382604,-0.00378478708619381,-0.00444154267025809
2016-08-22,3.87741230959085e-05,0.000164875761156786,0.000434922240230696
2016-08-23,0.00158582003743287,0.000945110149414756,0.000521345532410766
2016-08-24,-0.00523895494058459,-0.0054252780344453,-0.00501161157729819
2016-08-25,-0.000798669976077815,-0.000963637254145083,-0.0011104126188767
2016-08-26,-0.00203351675458434,-0.00225892362377755,-0.00253005795882137
2016-08-29,0.00455058258365593,0.00399001652847003,0.00372354581235061
2016-08-30,-0.00233330880265896,-0.00336060662326036,-0.0035472030848016
2016-08-31,-0.00259121611053313,-0.00221214707131923,-0.00191751889897014
2016-09-01,0.000601996747967481,0.00143644230957096,0.00186673677981968
2016-09-02,0.00436870688475517,0.00415971142397303,0.0033798908453322
2016-09-06,0.00457489931409573,0.00690390884260088,0.00784437144684834
2016-09-07,-0.000360825827369293,-0.000765998182387873,-0.000838385970998879
2016-09-08,-0.00284770963793889,-0.00369405498605999,-0.00423861035325753
2016-09-09,-0.0202813528451447,-0.0148012445157863,-0.0110562560720041
2016-09-12,0.0114418914076658,0.00708345001712089,0.00428599615756745
2016-09-13,-0.0125332834193899,-0.00976946630893653,-0.00777967536527692
2016-09-14,0.000267675689174473,0.00123190413742624,0.00181666970522148
2016-09-15,0.00737957025234055,0.00345939955166702,0.00118046873878548
2016-09-16,-0.00323147830505233,-0.00228067017627206,-0.001469124867394
2016-09-19,0.000186825567929405,0.000185992089249382,-4.00518751528776e-06
2016-09-20,0.000286648539480372,0.000646022934881306,0.000914346831776312
2016-09-21,0.0106171513196888,0.00967502464655702,0.00839856140514574
2016-09-22,0.00557359180613315,0.00448169730706588,0.00378423321429473
2016-09-23,-0.00427599243540289,-0.00247094933781505,-0.00127655379440943
2016-09-26,-0.00627328244387327,-0.00353013597085203,-0.00151885616127681
2016-09-27,0.00440678280779957,0.00170531866023297,0.000353756458105594
2016-09-28,0.0036104514950007,0.00158056951856478,0.000362965215011146
2016-09-29,-0.00729425744423566,-0.00466460716857645,-0.00282085132753849
2016-09-30,0.00544607579736586,0.00229608658504374,0.000241784828359326
2016-10-03,-0.00241051928068313,-0.00242038049735801,-0.00241594051261441
2016-10-04,-0.00800692250083374,-0.0123705135870943,-0.0137727781118618
2016-10-05,0.00315793634581815,0.00125685763886804,-4.46231016202889e-05
2016-10-06,-0.000578652244941813,-0.00249000482131692,-0.00340449730511606
2016-10-07,-0.00253198346379573,-0.00118554821525147,-0.000248924907526595
2016-10-10,0.00425544213023786,0.00282586635603429,0.00156637501781254
2016-10-11,-0.0106384775390115,-0.00765191054751993,-0.00542063882549632
2016-10-12,0.00120863126276322,0.00105337886664547,0.000870414781922046
2016-10-13,-0.00216974301862624,-0.000510993484136465,0.000578006262542811
2016-10-14,-0.000452834958955539,-0.00190637253462328,-0.00275009883607593
2016-10-17,-0.00229201494903457,-0.00052154285651579,0.000633600010567514
2016-10-18,0.0058277640188388,0.00517521365044027,0.00453062932032649
2016-10-19,0.00275160807393524,0.00287890272760461,0.00269987532311737
2016-10-20,-0.00188916409081311,-0.00192300762649375,-0.00183800167926646
2016-10-21,0.000556897006565204,0.000691176034251838,0.000797649205685367
2016-10-24,0.0030434075983054,0.00122933933017341,6.40076790776381e-05
2016-10-25,-0.00194348151647871,0.000166541564281613,0.00118673435259443
2016-10-26,-0.00238306506866854,-0.00294590200088063,-0.00314971372586315
2016-10-27,-0.00229590377143364,-0.00173932958875065,-0.00163158602058139
2016-10-28,-0.00187529270099409,-0.000254788320076471,0.000599117974236896
2016-10-31,0.000415773044568301,0.000968545192104263,0.00122994133758214
2016-11-01,-0.00514462843402506,-0.00199372592230101,-0.000215206762342234
2016-11-02,-0.00377352371083868,-0.000405387985818408,0.00161939123478077
2016-11-03,-0.00319118340592449,-0.00111255886274894,-2.54384234411708e-05
2016-11-04,-0.000499966256420567,0.000401938451179142,0.00112131702995884
2016-11-07,0.0154283461853155,0.0054857261891356,-0.000450431719281566
2016-11-08,0.00283110675740126,0.00032207747706625,-0.00131905132188904
2016-11-09,0.00689289060113152,0.00132927186041484,-0.00310838055897861
2016-11-10,-9.43186925999508e-05,-0.00397927036183644,-0.0061256824638235
2016-11-11,-0.00426188234689705,-0.00719726923760626,-0.00815020699683623
2016-11-14,-0.000795745650212953,-0.00316779320546942,-0.00461584937998893
2016-11-15,0.0071120660444663,0.00607604118777027,0.00495042464064523
2016-11-16,-0.00170768792608994,-0.00145160308113815,-0.00108451534965073
2016-11-17,0.00315777991519994,0.0001835619000628,-0.0017627676073359
2016-11-18,-0.00311086625691833,-0.00442084447130989,-0.00507655672014457
2016-11-21,0.00649977829138013,0.00492210303773732,0.00372615773726785
2016-11-22,0.00162269253260033,0.00112665821089339,0.00086057095247377
2016-11-23,-0.00190591174541197,-0.00558055390607938,-0.00721881274396212
2016-11-25,0.00232178741429518,0.000231508724270523,-0.00092211843779494
2016-11-28,-0.00224348066940738,0.00143331165605544,0.00358388974744933
2016-11-29,0.00119852325784405,7.06206080382801e-05,-0.000396501237209657
2016-11-30,-0.00393132981106161,-0.0062294552490734,-0.00742558185892511
2016-12-01,-0.00350983687458101,-0.00326130139331376,-0.00319239998776538
2016-12-02,0.00138772427371656,0.00271767266234441,0.00355980801001456
2016-12-05,0.00423371853244719,0.00157146382696735,4.51087428509299e-05
2016-12-06,0.00247356227410177,0.00143249388440006,0.000806806157204753
2016-12-07,0.0111562431181984,0.00826947719171763,0.0063318155136462
2016-12-08,0.00134714631880843,-0.000304614323831997,-0.00147904529949234
2016-12-09,0.00327022036699972,-0.000885396341389753,-0.00338828254044746
2016-12-12,-0.000518815605342394,0.000424827609672606,0.000873246597699417
2016-12-13,0.00506299674027985,0.00264596418922267,0.00123024404678381
2016-12-14,-0.00890142735967671,-0.00987197754044218,-0.0102012444662972
2016-12-15,0.00164530245551883,-0.00206266007822165,-0.0039897820569434
2016-12-16,-0.000777929996010606,0.000989504025877275,0.00189986023663388
2016-12-19,0.0027051612352025,0.00349616011239068,0.00400517945676571
2016-12-20,0.0021379828164722,-0.000441202035312892,-0.00189793105130512
2016-12-21,-0.00200672311704398,-0.000843128854574051,-1.34413799060218e-05
2016-12-22,-0.00166629839707516,-0.00157463518460907,-0.00141463514061059
2016-12-23,0.00158344458324173,0.0017627011435622,0.00177233352719628
2016-12-27,0.00242434781105152,0.00233918676841843,0.00191842879119599
2016-12-28,-0.00596935632952496,-0.00252638095278951,-0.00018622059653759
2016-12-29,0.00144276074961853,0.00394063913119324,0.00510265427340913
2016-12-30,-0.00324428242570347,-0.00262757108915423,-0.00175984546125727
2017-01-03,0.00685717713677216,0.0056675073422785,0.00445826608336468
2017-01-04,0.00522677017089694,0.00414341354625053,0.00330192124644883
2017-01-05,0.00156433788523604,0.00510226024999727,0.00700924741524467
2017-01-06,0.00167022736834513,-0.00119094149409974,-0.00295708790580755
2017-01-09,-0.0014364366371036,0.00135958867511716,0.00300230405543476
2017-01-10,0.000378574302344082,0.000946435755860204,0.00108827132428289
2017-01-11,0.00268383130524696,0.00247086652993217,0.00223115998322734
2017-01-12,-0.00158999888832479,-0.00020990662470466,0.000557942892471018
2017-01-13,0.00188182903522236,0.00126154299975911,0.000607430482174773
2017-01-17,-0.000879606071476233,0.00308569710989155,0.00526273534384039
2017-01-18,0.000213789589825772,-0.00278017838473307,-0.00470725176197089
2017-01-19,-0.00343101082351425,-0.00302066554486735,-0.00289371745748974
2017-01-20,0.00323103141802508,0.00256623863599886,0.00202489673024131
2017-01-23,-0.000913651267665006,0.00161882377291817,0.0032479052819083
2017-01-24,0.00430027834522085,0.00113384896753124,-0.000942364729727398
2017-01-25,0.00560530281257842,0.0010291988064359,-0.00185715195054718
2017-01-26,-0.00162970924331629,-0.00250575521662399,-0.00255914934904054
2017-01-27,-0.000928584767247838,3.3373152102005e-05,0.000635273266486118
2017-01-30,-0.00456680073358497,-0.00211495502012004,-0.000706193479624927
2017-01-31,0.00165960977380743,0.00428137031021263,0.00550797646058005
2017-02-01,-0.000177859678179504,-0.0010383939961002,-0.00155644087532285
2017-02-02,0.00112063774994293,0.00181373120140055,0.00201712715730114
2017-02-03,0.00584130292963725,0.00426347540947708,0.00312462058150538
2017-02-06,0.000398879752400358,0.00367859580475893,0.00542761914801278
2017-02-07,1.11124277592859e-05,-3.70665845487719e-05,0.000122984011671724
2017-02-08,0.00207760164119099,0.0032279313919849,0.00388784162787945
2017-02-09,0.00338986752305007,-0.000424160393813405,-0.00288344601197703
2017-02-10,0.00335480195639378,0.00246767379723403,0.00171086763751989
2017-02-13,0.00352164559813793,0.0006404300695699,-0.00101627163882481
2017-02-14,0.00294616436807442,0.00137188437530067,8.58738034233081e-05
2017-02-15,0.00442996377946009,0.00324432116139365,0.00213601012396838
2017-02-16,0.000257130944336835,0.00192025221677983,0.00296180919343514
2017-02-17,0.00118916866600402,0.00060846199552353,0.000524140644198024
2017-02-21,0.00477617258152966,0.0030075145396384,0.00177490120684394
2017-02-22,-0.000412825790196481,0.000299878947518705,0.000787903242927923
2017-02-23,0.00168112023414395,0.00318707928860124,0.00388720653752361
2017-02-24,0.00211801457621772,0.00339200191541034,0.00415388521871107
2017-02-27,0.000407560281917077,-0.00132538417092556,-0.00241750310202275
2017-02-28,-0.00211424653970836,-0.00123695247990449,-0.000721913709916189
2017-03-01,0.0103587896251916,0.00490066507615892,0.000984880883763939
2017-03-02,-0.00656736353601917,-0.00697231492962107,-0.00676393875961049
2017-03-03,0.000539849624932964,0.000405247836851919,0.000393138137671678
2017-03-06,-0.00307351968322571,-0.00321729068345328,-0.00298654494183126
2017-03-07,-0.00333855844952345,-0.00386565590168131,-0.00388612115790821
2017-03-08,-0.00244236514041797,-0.00332102494417244,-0.00376347381881792
2017-03-09,0.000223134137184432,-0.00134468235611993,-0.00227289156506767
2017-03-10,0.00323386998801678,0.00282834827283507,0.00255485050630264
2017-03-13,0.000170965260518507,-0.000329328991801464,-0.000796604593275995
2017-03-14,-0.00349561656953661,-0.00299917327396837,-0.00234504000014195
2017-03-15,0.00966598160014181,0.0111842478229618,0.0117014405475535
2017-03-16,-0.00143766368582789,-0.000643505339340432,-0.000458963364693221
2017-03-17,-0.000914133706710388,0.000348876104107385,0.00121354037357229
2017-03-20,-0.000194308049063881,0.00115954060257279,0.00195921577802755
2017-03-21,-0.00906162712192284,-0.0033948897470451,0.000111382331587564
2017-03-22,0.00231694709127907,0.00226285392792269,0.00219941775570982
2017-03-23,-0.00109253960418227,-0.00113071898841799,-0.00114095782792706
2017-03-24,-0.000364125632874934,0.000179304089410581,0.000489982678339395
2017-03-27,-1.0731976411108e-05,0.00151245327082766,0.00236933280780903
2017-03-28,0.00507095432402086,0.00176230802566099,-0.000408729275945229
2017-03-29,0.00127611515939268,0.00178808873812103,0.00214992590225646
2017-03-30,0.00154294540396459,-0.00091917586430193,-0.00234217015178211
2017-03-31,-0.00145169774759335,-0.0001380814321863,0.000731766801704547
2017-04-03,-0.000368651530565804,0.00168754020313516,0.00303912927645962
2017-04-04,0.00059465108031259,0.000530445055575449,0.000303755570336058
2017-04-05,-0.00218915996883045,-0.00101381842045706,-0.000135748972191607
2017-04-06,0.00181503712304504,0.000320982921788309,-0.000524130454914529
2017-04-07,-0.000882658679217209,-0.000677581225097398,-0.000809379192432915
2017-04-10,0.000656074681601049,0.000747331030742593,0.000898111091434806
2017-04-11,0.000959656024265161,0.00418356480295596,0.00584032561858987
2017-04-12,-0.00251020494778878,0.00029744220476657,0.00198202219432096
2017-04-13,-0.0044204851901825,-0.00130882423075934,0.000678010719187025
2017-04-17,0.00663524209086552,0.00329836001491854,0.00114109930127098
2017-04-18,-0.00134128688564885,0.00112260103452938,0.00281362312546456
2017-04-19,-0.00261942825884355,-0.00379010153031215,-0.00425719811287418
2017-04-20,0.00647619819738017,0.00398172972588695,0.00211223974509221
2017-04-21,-0.00221573371759025,-0.000759072386930237,9.19267280821366e-05
2017-04-24,0.00791408484043855,0.00328811580157353,0.000440552003891114
2017-04-25,0.00312682900493273,-0.000910780471222113,-0.00335401799871109
2017-04-26,0.000251410040577471,0.00157169028886883,0.00233845141276693
2017-04-27,0.000364623252211427,-0.000346971200394508,-0.000602272964503659
2017-04-28,-0.00132461167729332,-4.24500511547751e-05,0.000706134411359117
2017-05-01,0.000889195042078782,-0.0015571204409695,-0.00284060773501914
2017-05-02,0.000492147007095767,0.000664599699885083,0.000891480068683738
2017-05-03,-0.00257422645795782,-0.00461343266754049,-0.00537837842251599
2017-05-04,-0.000295437060849725,-0.00249963292063684,-0.003577778522075
2017-05-05,0.00335706404250822,0.00248681054922512,0.00182190702386149
2017-05-08,-0.000601029687018662,-0.00125216740741477,-0.00169779386303507
2017-05-09,-0.00144755086245059,-0.00224185029182572,-0.00252838239160434
2017-05-10,0.00139028995534657,0.000781755134292323,0.000361437112842988
2017-05-11,-0.00116222145085774,0.000159040535120167,0.0008795820064165
2017-05-12,-0.00054239821004134,0.00115042830468864,0.00239289652313636
2017-05-15,0.00461834721229189,0.00326052729445422,0.00218972271378301
2017-05-16,-0.000165086045979068,0.000960424713186138,0.00155901451862071
2017-05-17,-0.011576435246614,-0.00232486673874541,0.00333333302684443
2017-05-18,0.00237673956695699,-0.000100980988308574,-0.00135774508167219
2017-05-19,0.00567190223064465,0.00442346949656355,0.00332886128906955
2017-05-22,0.00436867692585077,0.00330541741337642,0.00233114909732528
2017-05-23,0.000874564422467817,-0.00113281544210522,-0.00228505021522334
2017-05-24,0.00246686154680515,0.00266821953136137,0.00270834490558902
2017-05-25,0.00377100361284861,0.002258337260589,0.00133229996093087
2017-05-26,0.000787329436422701,0.00227828294878391,0.00286139680191184
2017-05-30,-0.00077451807260388,-0.000633192159018386,-0.000246898463822221
2017-05-31,0.000247365980728009,0.000991225577427868,0.0013106944590623
2017-06-01,0.00639253934409779,0.0040528154813129,0.00242542341982726
2017-06-02,0.00383869712004556,0.0046042725400004,0.0049654366162545
2017-06-05,-0.000658258128237187,-0.000540091984320922,-0.00059430774989324
2017-06-06,-0.00111545960178591,0.00200669747456662,0.00368372727689595
2017-06-07,0.000766417701757536,-0.00085923677374611,-0.00177184527282511
2017-06-08,-0.00041736976327994,-0.00178221926263269,-0.00244449160484561
2017-06-09,-0.00221991302954323,-0.00327288099633888,-0.00356518815056384
2017-06-12,-0.000332176449069677,-0.000522582897798745,-0.000584184952254651
2017-06-13,0.00404881550372398,0.00278734831090122,0.0019151573025308
2017-06-14,-0.00103996128050048,-0.000698331603811055,6.43384223255248e-05
2017-06-15,-0.00213274227077012,-0.00244572605894239,-0.00253382588167567
2017-06-16,0.000246960044972578,0.000290289874222472,0.000338668216683846
2017-06-19,0.0056191247818142,0.00155992661207668,-0.000904221936003814
2017-06-20,-0.00535482874857958,-0.00327116095132929,-0.00165079205426537
2017-06-21,8.07181058672828e-05,0.000572328918158697,0.00075154385258722
2017-06-22,6.81800662700295e-05,0.000849533281299775,0.00124811721031497
2017-06-23,0.00141209902336101,0.00173891031431566,0.00175628254760762
2017-06-26,-0.000286054461857843,-0.00170216206493892,-0.00215654590090329
2017-06-27,-0.00655590314677802,-0.00430556170578464,-0.00324102677403828
2017-06-28,0.00714293184530109,0.00443178853395201,0.00253992675442125
2017-06-29,-0.00789183043703804,-0.00654632830832116,-0.00559190295343814
2017-06-30,0.00100408862775771,-0.00028647998357623,-0.00113704954907674
2017-07-03,-0.00064603807644962,-0.00415880423669837,-0.00586667344068777
2017-07-05,0.00229532415924229,0.00227059853052253,0.00210665114431485
2017-07-06,-0.00754680058330172,-0.00515051779513201,-0.0036257600903368
2017-07-07,0.00400583863368948,0.000287004965736115,-0.00176159817692839
2017-07-10,0.00115624628434788,0.00127994135697907,0.00134619650038843
2017-07-11,-0.000331842868182819,0.000284062251071692,0.000695817551011634
2017-07-12,0.00665869171552667,0.00537464975652041,0.00448747327699344
2017-07-13,0.00105957906870198,0.000128923110935375,-0.000452744320981379
2017-07-14,0.0046927252523951,0.00473561645297188,0.00442468509735805
2017-07-17,0.000469987563161366,0.00135777704194306,0.00178805578056481
2017-07-18,0.00148868566149352,0.00292770166263923,0.00372053026073491
2017-07-19,0.00430574935306463,0.0026434701885312,0.00154798358741136
2017-07-20,0.000519815029635473,0.000631562205548774,0.000652343079613748
2017-07-21,0.00032811071505443,0.00215563286806231,0.00303147542066307
2017-07-24,-0.000217782778396492,-0.000179944421373229,-0.0002083282656405
2017-07-25,0.00105733396172385,-0.00100288919661656,-0.0024931516956517
2017-07-26,0.00115903439242515,0.00283686031787928,0.00371146998982073
2017-07-27,-0.000977971988073967,-0.00105041944698803,-0.00114076225213248
2017-07-28,-1.8181113122753e-05,0.00171386480697699,0.00257730681880339
2017-07-31,-0.000375736897886614,-8.90228545518122e-05,9.12911096438874e-05
2017-08-01,0.00194841622035681,0.00152818716092182,0.00141362946547324
2017-08-02,8.75112391379383e-05,-0.000509056147258852,-0.000849890312531688
2017-08-03,-0.00104785973461348,0.000290169526683315,0.00127640786575559
2017-08-04,0.000407718302155388,-0.00171387519941782,-0.00287376079470963
2017-08-07,0.0014264868660856,0.00077739535643029,0.000431232728912546
2017-08-08,-0.00175997126562079,-0.000708640075864685,-0.00019625599860571
2017-08-09,0.00129889908763272,0.00330811890149675,0.00410353848664296
2017-08-10,-0.0101765961175448,-0.00426861400704405,-0.000514059170107813
2017-08-11,0.00176772737564963,0.0022041419785917,0.00231364059655878
2017-08-14,0.00698024848001488,0.0025808879225711,-0.000118628098519059
2017-08-15,-0.00116637911545261,-0.00273386632367112,-0.0035424991645534
2017-08-16,0.00231804946124432,0.00317886329252642,0.003478436219524
2017-08-17,-0.0116094007202728,-0.00563729047179872,-0.0017329957805981
2017-08-18,-0.00138696918649976,-0.00112274268227586,-0.000859717726475294
2017-08-21,0.00106733915414778,0.00149433470181898,0.00162347426849141
2017-08-22,0.00772242442377653,0.00362056501117242,0.0010124364871121
2017-08-23,-0.00214754475861216,9.33030144229007e-06,0.00143125868479744
2017-08-24,-0.00233183744375838,-0.00233387399617652,-0.00225918656626727
2017-08-25,0.0024039696692135,0.00250603882599404,0.0024737250797181
2017-08-28,0.00171425633060318,0.00422420500696031,0.0051495215151185
2017-08-29,0.0009310747005545,0.00061034667881729,0.000620648429267199
2017-08-30,0.00365848814740305,0.00204012179685073,0.000943717147793076
2017-08-31,0.00614434510052919,0.00633636663797155,0.00595601105559873
2017-09-01,0.00102769479173869,0.000448261118183278,-0.00018052115584721
2017-09-05,-0.00393879850078929,0.00092562523924799,0.00396129071884177
2017-09-06,0.00198145414023236,-0.000167079177456755,-0.00146426641555726
2017-09-07,0.00137768793408539,0.00362678045860182,0.00482276910745179
2017-09-08,-0.00113815079998543,-0.00108328230515209,-0.00102101076093084
2017-09-11,0.00657102545227281,0.000428727172092977,-0.00325603197387202
2017-09-12,0.00274893082981488,0.00181654770539516,0.000928011760386127
2017-09-13,-0.000570847919194129,-0.00214700782614624,-0.00292454548346923
2017-09-14,0.000200883455363466,0.000981413787839447,0.00129213145548157
2017-09-15,0.00069835309327981,-0.000273219757674695,-0.000610816035475795
2017-09-18,0.000379268303088765,-0.00224182181403232,-0.0037181990933106
2017-09-19,0.000898099665528904,0.00074359857276826,0.000480135362002153
2017-09-20,-0.000710189765366831,-0.00231585002884205,-0.00308304585315031
2017-09-21,-0.0030347705146767,-0.0035679711732057,-0.00360870545647046
2017-09-22,0.000794585310623154,0.0016859873570721,0.0021409510000872
2017-09-25,-0.00028969315555503,0.00234237578798856,0.00372326531999377
2017-09-26,-0.000718131426676362,-0.00269894707266433,-0.0035033250637576
2017-09-27,0.00166037264137624,-0.00169040515667096,-0.00370974650496692
2017-09-28,0.00112977452178987,0.00102456190579289,0.000850788923253342
2017-09-29,0.00217476089969469,0.000164127178867325,-0.000979484351437598
2017-10-02,0.00269094309523514,0.00021929771737936,-0.00115224473729682
2017-10-03,0.00190279560830589,0.00154710860685836,0.00135572812364224
2017-10-04,0.00120248596485968,0.00122634244883141,0.00108747305933692
2017-10-05,0.00410019396568233,0.00136290883350815,-0.000245433547572338
2017-10-06,-0.000560536365623698,0.000307037650449095,0.000587769454636169
2017-10-09,-0.00039031599950674,0.00150097237220403,0.00240956498585177
2017-10-10,0.00241052595689084,0.00206871537209769,0.00172862181132201
2017-10-11,0.00168832110735828,0.00186431714977247,0.00187878528507352
2017-10-12,-0.00101652918439119,-0.00030639850318648,0.000173298600780501
2017-10-13,0.00206855906917385,0.0033455627034511,0.00398751406589031
2017-10-16,0.000212222979359467,-0.00147031382987464,-0.00233298007646418
2017-10-17,-0.000156620021330799,-0.00144896000096303,-0.00198770932722159
2017-10-18,0.000153035551907811,-0.00108536525583921,-0.00184925536143346
2017-10-19,0.000914058321862621,0.00187476989350766,0.00227107423784476
2017-10-20,0.00307774570371956,-4.61820668062052e-05,-0.00201676744027844
2017-10-23,-0.0028608672902074,-0.00131821093712298,-0.000320724228267565
2017-10-24,0.000718300720181863,-0.000839922240573942,-0.00183655411671693
2017-10-25,-0.00410407362977042,-0.00283535535863685,-0.00207810687086714
2017-10-26,6.06707534530859e-05,-0.00178653261663319,-0.00266398089445483
2017-10-27,0.00733714341358853,0.00607808971329393,0.00516299019619919
2017-10-30,-0.00243097966222398,-0.00048953339864027,0.000889148816437283
2017-10-31,0.000800871013241255,-0.000335064222331787,-0.000935426802525862
2017-11-01,0.00148249038712271,0.00172338793176796,0.00173184183876969
2017-11-02,0.000509125447366254,0.000689649470921816,0.000842993940863179
2017-11-03,0.00236049053802909,0.000893443021540595,0.000230583301619822
2017-11-06,0.00221420492884361,0.00321425149577514,0.00351512840986157
2017-11-07,-0.000880321880450807,-0.00115803811052875,-0.00114357672828491
2017-11-08,0.0015851665628461,0.00141173154301371,0.00106187095829488
2017-11-09,-0.00252861386321536,-0.000880218299694063,-5.65996141956731e-06
2017-11-10,-0.00157439254308528,-0.0034709827376245,-0.00457977318202749
2017-11-13,0.000845106776863669,0.000718148677265551,0.000535564196391336
2017-11-14,-0.00151005358109924,-0.000291472756462795,0.000488780396770696
2017-11-15,-0.00376902226176686,-0.00191440200339479,-0.000436934486369699
2017-11-16,0.00653883226771419,0.00359509544958425,0.00150972929252912
2017-11-17,-0.00101631433497726,0.00186734708374386,0.00325449782930989
2017-11-20,-5.65523707948088e-05,-0.00270098525126928,-0.00391317679831925
2017-11-21,0.00541765981141913,0.00373046215515188,0.00253263967695456
2017-11-22,0.000534888680114797,0.00266374199944425,0.00378242983017349
2017-11-24,0.00151042721586377,0.000311484863266988,-0.000403694308364464
2017-11-27,8.32216363559677e-05,0.00095725835625482,0.00136440720172891
2017-11-28,0.00811824127291797,0.00507854376440122,0.00306960302895515
2017-11-29,-0.00143319287021338,-0.0026706067413976,-0.00334186358926935
2017-11-30,0.0059224571942871,0.00167380961795832,-0.000929107806653683
2017-12-01,-0.000886174382601678,0.00089774639408874,0.00206949916220615
2017-12-04,-0.00135233388676589,-0.00156606700263331,-0.00156358910267393
2017-12-05,-0.00351150173877887,-0.0033836656765979,-0.00290581362321576
2017-12-06,0.000151818232055645,9.46260557550821e-05,0.000264207770259606
2017-12-07,0.00102767039806708,-0.00216054308986736,-0.00371754138491717
2017-12-08,0.00427860158608908,0.00251680158902701,0.00130874997865281
2017-12-11,0.00194771294766426,0.000349616625438669,-0.000550476203428186
2017-12-12,0.00144546901766065,0.000966375052158633,0.000545134091406509
2017-12-13,0.00117974693941729,0.00311846925023196,0.00418261160081303
2017-12-14,-0.00350807818749119,-0.00264078520183564,-0.00198072838877423
2017-12-15,0.00685334832367307,0.00464223706104374,0.00305366036363677
2017-12-18,0.00530836682533666,0.00375883436548413,0.00238195136605906
2017-12-19,-0.0034505439596554,-0.00286563914487131,-0.00273994845016768
2017-12-20,-0.000446345344569376,-0.000329706471104585,-0.000532545070547218
2017-12-21,0.00186005973204588,0.00156016064027259,0.00132476073638186
2017-12-22,0.000352406422694185,0.00127344353459308,0.00164466750086501
2017-12-26,-0.000232817903808029,0.00121282326330801,0.00185252064781104
2017-12-27,0.0011953840281038,0.00225832406174559,0.00299217295193805
2017-12-28,0.00202978414978917,0.0019886024728343,0.00164590821635897
2017-12-29,-0.00220358072567206,0.000146256208435558,0.00146787613094627
2018-01-02,0.00660733765105349,0.00578254167710331,0.00446036438533336
2018-01-03,0.00490069502075261,0.0027644909658428,0.00152445505624661
2018-01-04,0.00383705512403395,0.0032705108464369,0.00261270384426682
2018-01-05,0.00510443881457146,0.0027645124627545,0.00119464157730829
2018-01-08,0.00139937741543612,0.000755532135329195,0.000310508895395578
2018-01-09,0.000872342964734475,-0.00121456231258862,-0.00261225876640327
2018-01-10,-0.00101221120816965,-0.000235560089729133,0.0001475773210072
2018-01-11,0.00623174671894191,0.00463526379670681,0.00344046351010745
2018-01-12,0.00636020508146574,0.00612164553185216,0.0053232784661919
2018-01-16,-0.00252182465959461,-0.00117629222284343,-0.000338050121800415
2018-01-17,0.00659573587343313,0.00219146991611744,-0.000449666220475496
2018-01-18,-0.0018829062234457,-0.00218569148183398,-0.00243460706265174
2018-01-19,0.0038253770471027,0.00273861390455976,0.0016619024639221
2018-01-22,0.00664815737439794,0.00442398598322857,0.00283097252581477
2018-01-23,0.00248462872230229,0.00302773691613567,0.00328566907103167
2018-01-24,0.000714873351196389,0.00236970978873338,0.00276792116787173
2018-01-25,-0.00010733855009678,-0.000903533987456212,-0.00098983674077474
2018-01-26,0.00904291771909627,0.00523996710465393,0.00251669021950036
2018-01-29,-0.00611662892954743,-0.00534678244062819,-0.00467772251476805
2018-01-30,-0.00886949562320382,-0.00678804860056724,-0.00530043722055645
2018-01-31,0.00109680867579165,0.00199694259862504,0.00227640267720226
2018-02-01,-0.00109509986416342,-0.00103468749399546,-0.00141684181687972
2018-02-02,-0.0190981367766376,-0.0150904101858452,-0.0119478903060805
2018-02-05,-0.0323827856839726,-0.0182237120875847,-0.00850003964650912
2018-02-06,0.0142753417662228,0.00613528950694296,0.00101508393988299
2018-02-07,-0.00510283590802558,-0.00461980854597849,-0.00420870004055531
2018-02-08,-0.0297668590449113,-0.018153818500045,-0.0104439243076829
2018-02-09,0.011673554202342,0.00665131565997653,0.0032992806924117
2018-02-12,0.0121989646393672,0.00847094366609338,0.00573046415547215
2018-02-13,0.00272258484784662,0.0030754472228045,0.00311072098498188
2018-02-14,0.0118964369133819,0.00949686208311366,0.00674164096782505
2018-02-15,0.0103549033296535,0.00674649777903541,0.00429715848139572
2018-02-16,0.000142937404265809,-8.18252783486565e-05,4.98482246733779e-05
2018-02-20,-0.00646122011232009,-0.00676086441643015,-0.00634248342810035
2018-02-21,-0.0047329466907358,-0.00437147873166155,-0.00404796555886623
2018-02-22,0.00168389648967895,0.00226564649019012,0.00246769246808953
2018-02-23,0.0130079522925192,0.00861122233124299,0.00593508832842168
2018-02-26,0.00965332534462483,0.00671440495772072,0.00469098838452603
2018-02-27,-0.0113463003768491,-0.00963547530802043,-0.00812944463165818
2018-02-28,-0.00797248950412398,-0.00473613530098725,-0.00240889723547162
2018-03-01,-0.0114261468145381,-0.00675450333215528,-0.0033129184066142
2018-03-02,0.0042901079831517,0.00299311441123506,0.00167439601368042
2018-03-05,0.00895162072238467,0.00504197701343852,0.00245561503162413
2018-03-06,0.00309657446059061,0.0039391321393745,0.0039567309376078
2018-03-07,-0.000932962951155047,-0.00178340646552297,-0.00203028757615463
2018-03-08,0.00383833316240208,0.00233780682980036,0.00155977684440834
2018-03-09,0.013802090811744,0.00840177928783129,0.00464601690187721
2018-03-12,-0.00076852640544398,-3.870792799565e-05,0.00056560334374506
2018-03-13,-0.00481240901159909,-0.00233735140024805,-0.000699710955554579
2018-03-14,-0.00397349249840903,-0.00223625307359918,-0.000948574287354165
2018-03-15,-0.00154711056377013,-0.00223345702476754,-0.00239232577904176
2018-03-16,0.000510242230359281,-0.000350851150928283,-0.00086331948961108
2018-03-19,-0.0107052519106054,-0.0064676657551007,-0.00379980738489256
2018-03-20,0.000716441110795507,-0.000759895646698678,-0.00161769529270549
2018-03-21,0.000278888704182266,0.00357607147473587,0.00493569032207632
2018-03-22,-0.0199819683638471,-0.0124590584263754,-0.00704055324685564
2018-03-23,-0.015621109995361,-0.00708111827322187,-0.00196642428509065
2018-03-26,0.0221393591951832,0.0143102276094765,0.00869193826360858
2018-03-27,-0.0136589691684736,-0.00862973033517419,-0.00468582993881816
2018-03-28,-0.00376371502428632,-0.00497715257775351,-0.00510556965091531
2018-03-29,0.0104738508148026,0.00701805246648101,0.00479230639169026
2018-04-02,-0.0159972013207327,-0.00761603974629589,-0.00256195772808077
2018-04-03,0.00917907169727726,0.0037224183335879,0.000301809448861313
2018-04-04,0.00861997691186983,0.00550080374487694,0.00333281313668866
2018-04-05,0.00554631395464904,0.00202799559001265,-0.000187104467090915
2018-04-06,-0.0169205235827561,-0.00887254631125529,-0.00352214870387054
2018-04-09,0.00430226522767745,0.00336322332673244,0.00257679370954979
2018-04-10,0.012782121679905,0.00810456110864411,0.00478049192154753
2018-04-11,-0.00331769893272329,-0.00043085852665303,0.00115296596349467
2018-04-12,0.00505892016945196,0.000306581412492026,-0.00245998142402261
2018-04-13,-0.00160318070736176,0.00039174235450429,0.00143785240877442
2018-04-16,0.00666979563837194,0.00434200252278963,0.00269514308029095
2018-04-17,0.0087114094085194,0.00573072902608045,0.00372587767426543
2018-04-18,0.000280530360214614,-0.000409031175652025,-0.00110284559851066
2018-04-19,-0.00490761824887286,-0.00394757535016979,-0.00334675548356225
2018-04-20,-0.0078774552465453,-0.00697438775129297,-0.00615908122685
2018-04-23,-0.00101590469801309,-0.00231505805662535,-0.00283159667673391
2018-04-24,-0.0104066173387352,-0.00581534657427496,-0.00305641420290056
2018-04-25,0.00111060870348624,-0.000930903860668022,-0.0020756471172293
2018-04-26,0.00806859566854125,0.00492268340406458,0.00314420934181094
2018-04-27,0.00134271034005562,0.00194868066116571,0.00222442319138521
2018-04-30,-0.00676915522176054,-0.00538720024189445,-0.00404918859658673
2018-05-01,0.000558412392496212,-0.001269041557457,-0.00221250946972803
2018-05-02,-0.00540271532852133,-0.00343066849883702,-0.00208186443836043
2018-05-03,-0.000996737568807429,0.000813344634557287,0.00189358053330625
2018-05-04,0.0105761490075705,0.00702079504427226,0.00455087283742416
2018-05-07,0.00268134852542087,0.00162868370463023,0.000890243725229477
2018-05-08,-0.000151296049835726,-0.000378240124589314,-0.000621236734556831
2018-05-09,0.00729715505012166,0.00374426031908706,0.00136662082405252
2018-05-10,0.00837167617970984,0.0069033313016133,0.00568638049597159
2018-05-11,0.00230713969698801,0.00119081413289018,0.000523417424372561
2018-05-14,-0.000243728326958404,-0.00132411651239811,-0.00194884994252035
2018-05-15,-0.00767746449011465,-0.0088633785957761,-0.00912339507783028
2018-05-16,0.00300005060271344,0.00119291926354142,-3.86022359553121e-05
2018-05-17,-0.000678366847036371,-0.000428759495134767,-0.000320870052629718
2018-05-18,-0.0015703090417773,-0.000176122536235555,0.000927221777082555
2018-05-21,0.00614156811666702,0.0040759207433762,0.00270495538713742
2018-05-22,-0.00232105522314333,-0.00163211760593676,-0.00116406274814217
2018-05-23,0.00276354756466639,0.00278211144124307,0.00296959425563046
2018-05-24,-0.000525189168570095,0.00175984114624145,0.00298315786678136
2018-05-25,-0.00181954511825702,-0.000974704138385408,-6.06743737867739e-05
2018-05-29,-0.00813748838195647,-0.00309234545490812,0.000818935496364704
2018-05-30,0.0103946427517464,0.00596957853966033,0.00273286688257345
2018-05-31,-0.00516840976681262,-0.00373204144224418,-0.00268941467014643
2018-06-01,0.00698915234532303,0.00274647826433205,-1.89030537007669e-05
2018-06-04,0.00335002467876639,0.0012478343910465,-0.000281244213206956
2018-06-05,0.00123042645609104,0.00198445058186436,0.00241899957524063
2018-06-06,0.00634253313137479,0.00331593150095186,0.00106837681642031
2018-06-07,0.000288796429598704,0.000883986967981726,0.00151718803025101
2018-06-08,0.00234963366317129,0.00143967959807134,0.000703261078321016
2018-06-11,0.00114462408052589,0.000866336448564652,0.000542215496006547
2018-06-12,0.000642052947088812,-0.000333233300633339,-0.00084658101730356
2018-06-13,-0.00236960535271368,-0.00113770162239638,-0.00052614144716785
2018-06-14,0.00248370785381943,0.00243293135890687,0.00247968166530736
2018-06-15,-0.00259520856418617,-0.00457462596351179,-0.00502817384797031
2018-06-18,-0.00178595313074827,-0.00137968468809657,-0.000989549611984219
2018-06-19,-0.00305712880847685,-0.00189362085285425,-0.000857429341208084
2018-06-20,0.000594912944988768,-0.00107201943840768,-0.00212131108760144
2018-06-21,-0.0049246709406167,-0.00290814330554395,-0.00134389705151181
2018-06-22,0.00171960153989139,0.00156424910919461,0.0013496532457389
2018-06-25,-0.0111269855161581,-0.00739837603012241,-0.00465710108409318
2018-06-26,0.00129471931463294,-8.43134991538872e-05,-0.000716459457250873
2018-06-27,-0.00681643358608544,-0.00461459445008858,-0.00267100490886053
2018-06-28,0.00417301989500596,0.00185638389737159,0.00041508531049437
2018-06-29,0.00143736518163169,0.00143402774778034,0.00121092043177973
2018-07-02,0.000639172743508993,-0.00160930570245351,-0.00264101641373826
2018-07-03,-0.00155743215642083,0.00140300961693292,0.00299723245711229
2018-07-05,0.00687316363927766,0.00494608570376281,0.00349766871200243
2018-07-06,0.00669454117468656,0.00404944772095706,0.00240974680299084
2018-07-09,0.00719428465060074,0.00447883924580148,0.00241986671110894
2018-07-10,0.00261587862997648,0.00114212939105004,0.000212860195088502
2018-07-11,-0.00673094773104014,-0.00585561978371383,-0.00462706938336342
2018-07-12,0.0076302779745585,0.00547683692443654,0.00381346323068914
2018-07-13,0.000355837006831205,-0.000291895528396564,-0.000420672017716619
2018-07-16,-0.00093175587846579,-0.000988546386047616,-0.0010837124536889
2018-07-17,0.002096900441963,-0.000825141808112663,-0.00226229626793712
2018-07-18,0.0016306378129106,0.000921125125520007,0.000396178321170205
2018-07-19,-0.00317325552931991,-0.00227617113486367,-0.00132633226019599
2018-07-20,-0.00061769175907918,0.00017018871404489,0.000196162164034959
2018-07-23,0.000517746992501909,-0.00149441555501073,-0.00284022205917388
2018-07-24,0.00412907968660798,0.00277440961677589,0.00188847530572529
2018-07-25,0.00730074209119429,0.00546809961406841,0.00393617408772942
2018-07-26,-0.00277526673682613,-0.00339958927108119,-0.00347990297285287
2018-07-27,-0.005211763961525,-0.00286488623363862,-0.00124747479804986
2018-07-30,-0.0044617573410207,-0.00331960910949519,-0.00254437941109435
2018-07-31,0.0043748179920994,0.00354384702815291,0.00291176860956006
2018-08-01,-0.00230549427804302,-0.00325801987554783,-0.00364477270140314
2018-08-02,0.00393801842917918,0.00167368202514934,0.000492580512710285
2018-08-03,0.00403328077637188,0.003656110638944,0.00335812794446464
2018-08-06,0.00246969276168917,0.000673213813400879,-0.000243133147456643
2018-08-07,0.00266287933676776,0.00170386338324474,0.000847662690701467
2018-08-08,3.18622038767427e-05,0.000709605595830776,0.00106608943515484
2018-08-09,-0.000965388976797224,-0.000364303466756285,0.000248117687085357
2018-08-10,-0.00497196830254991,-0.00237981570654422,-0.000414097320331872
2018-08-13,-0.00453273887884935,-0.0057161970147328,-0.00576561494906352
2018-08-14,0.00510438613929887,0.0031896640973294,0.00181564866090753
2018-08-15,-0.0073923260427461,-0.00727924213535478,-0.00625024535284215
2018-08-16,0.00636322469378846,0.00377036908139874,0.00206763907626285
2018-08-17,0.00378216016004851,0.00417533713521501,0.00399342670478062
2018-08-20,0.00252369938281294,0.00309902736877193,0.00338894513924828
2018-08-21,0.00203303009858612,0.00156437921626843,0.00103744112649473
2018-08-22,-6.88756651859202e-05,0.000718674125853633,0.00122563323675365
2018-08-23,-0.00201631989470297,-0.00304960523930575,-0.00327099158795414
2018-08-24,0.00659080447676351,0.00744937367770122,0.0071628987778234
2018-08-27,0.00646898439948968,0.00433021767034552,0.0026042759268269
2018-08-28,-0.00063149418814743,-0.00230375185768317,-0.00313354292424723
2018-08-29,0.00473269817173404,0.00376062972454697,0.00286921426282507
2018-08-30,-0.00354341085353371,-0.0027861468806128,-0.00194334260680439
2018-08-31,-6.72676189671039e-05,-0.000220040800545246,-0.000254961942231502
2018-09-04,-0.00211735576103671,-0.0027098390957182,-0.00296358931738495
2018-09-05,-0.00181760254405054,-0.000506828066840134,0.000189455057289043
2018-09-06,-0.0020084151199185,-0.000505762246036658,0.000501730692737967
2018-09-07,-0.00227718705546516,-0.00277776192542517,-0.00319965446465945
2018-09-10,0.00137910363570076,0.000839863630762853,0.000545137591964361
2018-09-11,0.00233714824997315,0.000896397452788164,-0.000276452976974137
2018-09-12,0.00115046463661375,0.00251380844773819,0.00306223747109926
2018-09-13,0.00436318939879307,0.00203523022517646,0.00065789740306952
2018-09-14,-0.000699914909255095,-0.00200743212610638,-0.00264727593849473
2018-09-17,-0.00369406971605384,-0.00129299123639393,5.65733484100162e-05
2018-09-18,0.00377805716011882,0.00130508685924854,-0.000475579936136527
2018-09-19,0.00107231529519913,0.00108216291160029,0.000810719891666589
2018-09-20,0.00683540300262065,0.0049329064632831,0.00349831810110646
2018-09-21,-0.0013739017725569,-0.00206426851257158,-0.00216340817206257
2018-09-24,-0.00278424864787639,-0.00197738595376729,-0.00148511923026386
2018-09-25,-0.000682781375486097,-0.000315118260226455,-0.000198876661703984
2018-09-26,-0.0025942620267791,-0.00199745268802681,-0.00117192154330082
2018-09-27,0.00135103527431617,-0.000814161068886155,-0.0018153431335987
2018-09-28,0.000765427256150008,0.00175921521116196,0.00212964850189681
2018-10-01,0.00235728285951431,0.00068194786678927,-0.000477468210630381
2018-10-02,0.000946926003583881,0.00324121004323935,0.004322394709508
2018-10-03,-0.000698980448927423,-0.0025706168186157,-0.00399218397018304
2018-10-04,-0.00645897525242634,-0.00442406861277761,-0.00322362523898489
2018-10-05,-0.00443565964639915,-0.00269379516124199,-0.00179360867797796
2018-10-08,-0.0010671146980871,-0.00266778674521775,-0.0031612513209585
2018-10-09,-0.000923996540577091,-0.000120368125029526,0.000483973201447849
2018-10-10,-0.025031708266695,-0.0150846919940779,-0.00855264773636809
2018-10-11,-0.0146419701311685,-0.00356546140594013,0.0027393150477459
2018-10-12,0.0105160221323589,0.00545774894173199,0.00226333109513698
2018-10-15,-0.00376562841241226,-0.000988380357875576,0.000558929157959508
2018-10-16,0.0173105002137798,0.0104771119446777,0.00600274407717121
2018-10-17,-0.000154970431614177,-0.000655006532903098,-0.00112856651415231
2018-10-18,-0.0112610186646739,-0.00649026687278546,-0.0032759369108431
2018-10-19,-0.000475965803847511,-0.000376391554034877,-0.000408695343140653
2018-10-22,-0.00382965421950503,-0.00284099594804338,-0.00204261262743677
2018-10-23,-0.00322509286932628,-0.000426809292559503,0.00127473640366378
2018-10-24,-0.0234691934777179,-0.0132247522638032,-0.0062421755096131
2018-10-25,0.0138918445141087,0.00781850880678463,0.00376211830046786
2018-10-26,-0.0133050051228093,-0.00688159020560029,-0.0025347686786036
2018-10-29,-0.00483608009256372,-0.0037797309084818,-0.00288347698647861
2018-10-30,0.0111988131717829,0.00576929160628529,0.00226009811209698
2018-10-31,0.00773549629469295,0.00331759841564093,0.000529090602165155
2018-11-01,0.00988420719731786,0.00874809267968599,0.00739086350752882
2018-11-02,-0.00527803383456198,-0.00431094571739954,-0.0039532854350939
2018-11-05,0.0042336829417456,0.00230837237083009,0.00117481737315695
2018-11-06,0.00466877374512872,0.00218018585143323,0.000607961000428957
2018-11-07,0.0171184128480839,0.0106828463571093,0.00639677847591101
2018-11-08,-0.00180752657228329,-0.00179638894077816,-0.0017512849544288
2018-11-09,-0.00854637918928318,-0.00671393477374043,-0.00473547604031346
2018-11-12,-0.0153652377348806,-0.0103847417376774,-0.00655652054796523
2018-11-13,-0.00138210922791757,-0.000648546393276273,-0.000137285442217372
2018-11-14,-0.00443361037158485,-0.000829382666723553,0.0012644629572989
2018-11-15,0.00853236755121799,0.00567568451628798,0.00374928770261096
2018-11-16,0.0031281553817534,0.00392025767594417,0.00423175169089498
2018-11-19,-0.013340176545485,-0.00797854718150687,-0.00435161858274211
2018-11-20,-0.0148244023776341,-0.00930228617236428,-0.0056307512852092
2018-11-21,0.00287054434531073,0.0020650741844282,0.00143609395958226
2018-11-23,-0.00536132350655385,-0.0033853355870076,-0.00199952916371822
2018-11-26,0.012724044700162,0.00759389301833683,0.0041904451621388
2018-11-27,0.00219368444352338,0.000437507534249956,-0.000385541005985233
2018-11-28,0.0187846312350505,0.0124233275367659,0.00799049791470778
2018-11-29,-0.00117958049684878,0.000328858538150125,0.00130676390421142
2018-11-30,0.00490036072541524,0.00310796740025282,0.00209790150835761
2018-12-03,0.0115645087191276,0.00904949252075662,0.0071056065907715
2018-12-04,-0.0248501743468889,-0.0135220957207658,-0.00604415220311268
2018-12-06,-0.000942311722359348,-8.01233004101848e-05,0.000613281085075879
2018-12-07,-0.0174852891074033,-0.00885911686330315,-0.00336754446868514
2018-12-10,0.00122888132331396,0.000226608686877797,-0.000238768171205048
2018-12-11,-0.000189817124972702,-0.000815631996024301,-0.00129974141780439
2018-12-12,0.00396799653009125,0.0023672006047899,0.00105723051137625
2018-12-13,-0.000433312020643429,-0.000574760405581633,-0.000529376477528821
2018-12-14,-0.0150153223444434,-0.00984133171660361,-0.00611390709053745
2018-12-17,-0.0147104335952256,-0.00734830433752026,-0.00263998434754937
2018-12-18,-0.000392976098309286,0.00066206050752393,0.00136991492792691
2018-12-19,-0.0122402054979783,-0.00813669322365846,-0.00492137312170911
2018-12-20,-0.0116068136796341,-0.00460041810155611,-0.000763138626216256
2018-12-21,-0.0167405296024833,-0.0111168239769219,-0.00710599255739735
2018-12-24,-0.01979132181163,-0.00984416335945089,-0.00363429059525025
2018-12-26,0.039646311797908,0.0233286984036051,0.0123635012505401
2018-12-27,0.00715472616900128,0.00637093718017118,0.00559438869676177
2018-12-28,-8.3088262318794e-05,0.00172711133333964,0.0030019209810035
2018-12-31,0.00753955976357221,0.00571083326650578,0.00460102885729954
2019-01-02,0.0011094025637802,0.00121293907894804,0.00135453252455762
2019-01-03,-0.0173887150715795,-0.00767755174786015,-0.00125928786192724
2019-01-04,0.025180573707865,0.01270734937397,0.00439235428984108
2019-01-07,0.00637572362706653,0.00411244271067984,0.00229177126379181
2019-01-08,0.00699556550655632,0.00339622184982008,0.00100719504906969
2019-01-09,0.00443853649782697,0.00408596303040581,0.00355893227324526
2019-01-10,0.00218519302443056,0.000171687299717891,-0.000900396259443327
2019-01-11,0.000780242723166036,0.00137117020273109,0.00182800969070482
2019-01-14,-0.00470037134586297,-0.00259940458549307,-0.00134662913032452
2019-01-15,0.00890075369476649,0.00506041651531887,0.00253818069841132
2019-01-16,0.00219819492398001,0.00186568748756605,0.00145518032721441
2019-01-17,0.0057555749607383,0.00300913483285001,0.00115220290581293
2019-01-18,0.00943734539424134,0.00362832394643091,4.29461646510808e-05
2019-01-22,-0.0101051475140673,-0.00499692900540837,-0.00159508658213583
2019-01-23,0.00148602294603488,0.000576020141675402,1.52602798757492e-05
2019-01-24,0.000586541053974044,0.000669305388031895,0.000961870488955421
2019-01-25,0.0080002989476074,0.00730850507448925,0.00600113442952538
2019-01-28,-0.00570120787398453,-0.00285280556487577,-0.00111440963774755
2019-01-29,-0.000213121718267418,0.00145779837749738,0.00243635355694055
2019-01-30,0.0134675897611161,0.00992293436899983,0.00738867605464755
2019-01-31,0.00753395403688817,0.00566104481349106,0.00461827423164545
2019-02-01,-0.000350525838328176,-0.00159814091567717,-0.00259723343676585
2019-02-04,0.00497384118307448,0.00188116341892289,-7.42160341890572e-05
2019-02-05,0.00378501452429007,0.00317458000381171,0.00272519502513386
2019-02-06,-0.00165340933574716,-0.00215661419140223,-0.00211572278576384
2019-02-07,-0.00705712313212621,-0.00334267075365074,-0.000824590186251916
2019-02-08,0.00149131923788954,0.0018955186919839,0.00204207377350647
2019-02-11,-0.000200482798440471,-0.00133292878002272,-0.00191882237180642
2019-02-12,0.0103638060966053,0.0066205854358914,0.0039529357108914
2019-02-13,0.00195274227936732,1.12403601520423e-05,-0.00120994765205491
2019-02-14,-0.000744354305822293,0.00146644223904829,0.00289612795158221
2019-02-15,0.0092187279719329,0.00670076994312146,0.00467605856902614
2019-02-19,0.00307917544660969,0.00510227003037212,0.00577597821697489
2019-02-20,0.00141962045376984,0.000525726798409343,7.02156098277831e-06
2019-02-21,-0.00427193391522571,-0.00534546440955075,-0.00564400584876368
2019-02-22,0.00561741352649264,0.00474286518291056,0.00412850780651846
2019-02-25,0.000832408096084683,3.92832214541624e-05,-0.000514142383066896
2019-02-26,-0.000108223953887453,0.000803015106307094,0.00147517904675824
2019-02-27,-0.00140528859703035,-0.00286947395977444,-0.00366786474278769
2019-02-28,-0.00230998655229398,-0.00298133208407686,-0.00327752398929533
2019-03-01,0.00296494913415682,-0.00195301368307392,-0.00454486673635459
2019-03-04,-0.00286378597417642,-0.00170288890845552,-0.00064321049119549
2019-03-05,-0.000898458253300702,-0.00020639925889354,0.000218051384493158
2019-03-06,-0.00465653173427808,-0.00255661636279672,-0.000971976678241347
2019-03-07,-0.00643918473693318,-0.00354923007973976,-0.00141362871543277
2019-03-08,-0.000362054326534669,0.00209493860554899,0.0032573712488106
2019-03-11,0.0110365108215636,0.00583885028741075,0.00257979055756098
2019-03-12,0.00389893088245625,0.00409146778404873,0.00405569098396819
2019-03-13,0.00595620233272416,0.00496231831839078,0.00393101849887345
2019-03-14,-0.00180925333346223,-0.00356399141282151,-0.00422796240474162
2019-03-15,0.00472507690891226,0.00440149825787506,0.00411452225179734
2019-03-18,0.0028244059229283,0.00162234388448141,0.000725935703174654
2019-03-19,0.000407825574268705,0.000647892554368645,0.000636407705098118
2019-03-20,-0.00106329451352955,0.00185622741836539,0.00382637930869411
2019-03-21,0.00858566881145506,0.00452233931550339,0.00199110665987699
2019-03-22,-0.0144237454725088,-0.00718976861558529,-0.0021149082366379
2019-03-25,0.000418691666430182,0.00217467835240698,0.00308915646428738
2019-03-26,0.00538249098945898,0.00227514497605791,0.000409518204310721
2019-03-27,-0.00441509332932739,-0.00319424884217928,-0.00197337370666696
2019-03-28,0.0016264467428012,-0.00161962084520292,-0.00307135419167345
2019-03-29,0.00497539789168211,0.00298048974728032,0.00152587686885368
2019-04-01,0.00840648761219829,0.00322711014543096,-0.000372913608329271
2019-04-02,0.000932326822423968,0.00159622108206475,0.00193880569277609
2019-04-03,0.000799544939159388,-0.000361284750521775,-0.00121720587956523
2019-04-04,0.00248156108464632,0.00222357459845507,0.00197642973128005
2019-04-05,0.00381304700401216,0.00227232689314724,0.00132208529421415
2019-04-08,0.000883462969614457,0.00106527817043572,0.000888822208929185
2019-04-09,-0.00339761997732672,-0.000806532875195995,0.000749647262197542
2019-04-10,0.00327389028450566,0.00306797911078604,0.00289461982272585
2019-04-11,-0.00172748351514228,-0.00390237041510203,-0.00482597018329016
2019-04-12,0.00485093267173148,0.00197869064395564,-0.000118578332269827
2019-04-15,-0.000579527668559843,-0.000466869508913893,-0.000230884252583986
2019-04-16,-0.000713875363995087,-0.00276728131031792,-0.00385880248469277
2019-04-17,-0.00212928359653755,-0.00165302545706336,-0.00123058790699111
2019-04-18,0.00188796480354026,0.00176648635343629,0.00176707424050979
2019-04-22,0.00054740084674626,7.50737678072155e-05,-0.000311024754527933
2019-04-23,0.00716635682040026,0.00442834934879646,0.00279720433268137
2019-04-24,-0.00110437336493647,0.000567890776719703,0.00172685929135443
2019-04-25,-0.000532553812823877,-0.000407687923271254,-0.000427408758005376
2019-04-26,0.00465376468425833,0.00464969770698631,0.0044477608266134
2019-04-29,0.000601555349419413,-0.000847676796452813,-0.00169521669567244
2019-04-30,0.000913270523477094,0.00151749417721175,0.0018665520082074
2019-05-01,-0.0067185192016253,-0.00552190217760537,-0.00441684929572347
2019-05-02,-0.00239319110633297,-0.0027445160952074,-0.00292967949337218
2019-05-03,0.00855485574303068,0.00670583121112395,0.00524359868302708
2019-05-06,-0.00290374142531087,-0.0010862466419097,0.00018709596793144
2019-05-07,-0.0126880197041181,-0.00667082799633906,-0.00265468406156017
2019-05-08,-0.00154734759646809,-0.00178460375840503,-0.00191327704594688
2019-05-09,-0.00191638028287542,-0.000252319588449623,0.000869323437412073
2019-05-10,0.00414266108397736,0.00282136762251167,0.00181265474878454
2019-05-13,-0.0185836534280926,-0.00876360596760336,-0.00247775637571664
2019-05-14,0.00696991286004702,0.0038593292060427,0.00182429933810917
2019-05-15,0.00494823261377892,0.00358384056471966,0.00286239252032878
2019-05-16,0.00649319271279898,0.00234170780852866,-0.000164681413456846
2019-05-17,-0.00583295462270115,-0.00488469957711768,-0.00387519582884751
2019-05-20,-0.00546666349892936,-0.00374853526552901,-0.00268332505612189
2019-05-21,0.00686819950627078,0.00364636538802149,0.00155823464164954
2019-05-22,-0.00225649417715722,-0.00103359464696776,-1.81679910650888e-05
2019-05-23,-0.00839238355423692,-0.00265327824091709,0.0010905283347323
2019-05-24,0.00189397642399666,0.00133244351170517,0.000890452455626445
2019-05-28,-0.00739025232478676,-0.00452455417711234,-0.00220145772357935
2019-05-29,-0.00537247479055802,-0.00336531154687733,-0.00206231178386086
2019-05-30,0.00322509259009753,0.00396610139411457,0.0043018043122597
2019-05-31,-0.00876708865910433,-0.00170470925412518,0.00266244977487058
2019-06-03,-0.000109826180162509,0.00353968886829087,0.00549163905584017
2019-06-04,0.0170309390737536,0.0100175495225177,0.00514284058569222
2019-06-05,0.00718537638329599,0.00497028446687087,0.00336571006197121
2019-06-06,0.00551080228728691,0.0040225523131876,0.0028578310581127
2019-06-07,0.00896458523143703,0.00740144628997797,0.0062749466152301
2019-06-10,0.00218171336322879,-0.00142970249184024,-0.00358685097981906
2019-06-11,-0.000313636489393521,-0.000420432649415242,-0.000431787464484579
2019-06-12,-0.000635165978305062,0.00105962675583637,0.00205866321546765
2019-06-13,0.00416082669113627,0.00421254802442867,0.00406496987463998
2019-06-14,-0.000842589543474968,-0.000448539463380664,-0.000133422042808306
2019-06-17,0.000222724113523132,-1.36035270817958e-05,-0.000148697035411716
2019-06-18,0.00907517523710079,0.00698091666807038,0.00542778450152852
2019-06-19,0.0026852586958763,0.0033277655848169,0.00359024033234971
2019-06-20,0.0103249614675762,0.0114812083877228,0.0110750786354206
2019-06-21,-0.000908437149886376,-9.06603515590249e-05,-8.18069396077551e-05
2019-06-24,0.000852714975692079,0.00396794349339995,0.00547568297640363
2019-06-25,-0.00749769354538572,-0.00403216017427532,-0.00174154437972923
2019-06-26,-0.00212331769521279,-0.00381204416803033,-0.0046839813344047
2019-06-27,0.00304020984980049,0.00228120900109774,0.00197459927864991
2019-06-28,0.00443317822874066,0.00336411050864805,0.00253862861580769
2019-07-01,0.00519991946688004,-0.000617382128669719,-0.00358993331518202
2019-07-02,0.00457499064415157,0.00753093441789893,0.00861134078918464
2019-07-03,0.00675171786458979,0.00488679266209985,0.00365646150290533
2019-07-05,-0.00265996198636983,-0.00494326744801846,-0.0062253255916689
2019-07-08,-0.00513952348976092,-0.00460647887261595,-0.00397966113880346
2019-07-09,0.00128379562069275,0.0013394962572921,0.00116948853727428
2019-07-10,0.00545591166034156,0.00647285505262752,0.00638884436691668
2019-07-11,0.000537659313637143,-0.00217206136958842,-0.00380300966048506
2019-07-12,0.00431729129512077,0.00407765509603719,0.00366025139165233
2019-07-15,0.000476897605166759,0.000693528954091749,0.000943407973605082
2019-07-16,-0.00364590667652692,-0.00427724107866373,-0.00438482174523189
2019-07-17,-0.00332980873173292,0.00188300702235966,0.00476878910446583
2019-07-18,0.00458696771094256,0.00597617318179733,0.00631966660707349
2019-07-19,-0.00609872889998709,-0.00691451648908106,-0.00681305184859731
2019-07-22,0.0019959151771499,0.00130508869916646,0.000874785220474349
2019-07-23,0.00499058956503945,0.00175145493417281,-0.000207416606187337
2019-07-24,0.0044145417512467,0.00398682321197025,0.00352043951526784
2019-07-25,-0.00470227116698685,-0.00458948058693226,-0.00424743568977175
2019-07-26,0.00550691654980133,0.00371676228218515,0.00243174955052741
2019-07-29,-0.000699534919702868,0.000982831573937695,0.00181711899006436
2019-07-30,-0.00158385888549549,-0.000277227302010244,0.000449414004603586
2019-07-31,-0.00980791083509756,-0.0081095642557634,-0.00619393458437398
2019-08-01,-0.00342996245769464,0.0044871739590628,0.00913128539221001
2019-08-02,-0.00619761257748981,-0.00419941434448256,-0.00257298373885182
2019-08-05,-0.0217964119256743,-0.00938179254528454,-0.00137264087652388
2019-08-06,0.0121917159990051,0.00944488162168827,0.00728750244638485
2019-08-07,0.0019914672233037,0.00409273485713241,0.00473409518833352
2019-08-08,0.0162081926817765,0.0110908636249767,0.00743204049698823
2019-08-09,-0.0059318997570631,-0.00461301896914196,-0.0036436362176836
2019-08-12,-0.00813578285835411,-0.00207914248947082,0.0017902933429821
2019-08-13,0.0114909428368344,0.00539974889956281,0.00145968065727041
2019-08-14,-0.0223027917313418,-0.0114058217459019,-0.00414975502167514
2019-08-15,0.0034149733395971,0.00457487653619365,0.00533345320046752
2019-08-16,0.0109005423707796,0.00511854425231036,0.00145228833767788
2019-08-19,0.00799329393438115,0.00191161010893382,-0.00179566840607888
2019-08-20,-0.00490848941847713,-0.00077704821889474,0.00180857660643084
2019-08-21,0.00592748818126648,0.00261606715471926,0.000434598360434379
2019-08-22,-0.000720669795972451,-0.00134033214278184,-0.00173679986707384
2019-08-23,-0.0179185736666031,-0.00626526414356858,0.000860315992721212
2019-08-26,0.00876403037580412,0.00532234324446896,0.0029726294841872
2019-08-27,-0.00175064096859548,0.00150860331927416,0.00341842665565338
2019-08-28,0.00538670899762936,0.00290423264737788,0.00140757956094222
2019-08-29,0.00930912154918257,0.00411366056095837,0.000911932474908775
2019-08-30,-0.000586178836278883,-0.00079845740521614,-0.000798474830146666
2019-09-03,-0.00306664400115138,0.00110390918363634,0.00329845674149698
2019-09-04,0.00986267290936827,0.00763081308216036,0.00590965191314009
2019-09-05,0.00707898087546161,-0.00158566566291934,-0.00656465906208433
2019-09-06,-0.000172801633232878,-0.00159037276762275,-0.0020784060451998
2019-09-09,-0.000588225589624814,-0.00222524706428556,-0.00343850735735711
2019-09-10,-0.00177115786545841,-0.00407584110266212,-0.00554820087255413
2019-09-11,0.00619705588280513,0.00482576225617909,0.00355922615995033
2019-09-12,0.00275300397421464,0.0016867751236592,0.000761292525376666
2019-09-13,-0.00227393274841989,-0.00468851368300616,-0.00634159807814982
2019-09-16,-0.00120158448900527,0.00162890724146519,0.0033157116211163
2019-09-17,0.00248504633111466,0.00241450939993848,0.00239904853877142
2019-09-18,-0.000114052272649235,-0.00118234831546252,-0.00156229923403782
2019-09-19,0.000396817181218423,0.00109180483453347,0.00137505887417784
2019-09-20,-0.00202330432630615,0.00202933493429896,0.00442741926727547
2019-09-23,0.000514835213918729,0.00163894816828086,0.00217996539717405
2019-09-24,-0.00524959366931832,-0.00135356896531696,0.00122906956064337
2019-09-25,0.00222110488644499,-0.00331998652011531,-0.00641502340387305
2019-09-26,-0.00148036546416625,-0.000576199423075349,0.000147861137899088
2019-09-27,-0.00468225068664808,-0.00362440810525957,-0.00259047052128392
2019-09-30,0.00223804842233331,-0.00136209810133867,-0.00294589741896353
2019-10-01,-0.00869183358859092,-0.00388695341516971,-0.000818863426273346
2019-10-02,-0.0126177811246825,-0.00504796133608956,-0.000411937749495307
2019-10-03,0.00752929503917906,0.00653429032867498,0.00590548391419905
2019-10-04,0.0110193161804221,0.00725018979355115,0.00483427011718044
2019-10-07,-0.00463836126339003,-0.00512382263466041,-0.00518804884767127
2019-10-08,-0.0113340841827548,-0.0050478700230984,-0.00118840473681457
2019-10-09,0.00743358765051235,0.00433944413278028,0.00210333127097741
2019-10-10,0.00391171920707958,-0.000366061483400792,-0.00309454895932414
2019-10-11,0.00705620916889098,0.00208999581102614,-0.00128557866619121
2019-10-14,-0.000214016250039937,0.00113555651412867,0.00197384357160594
2019-10-15,0.00674194549507454,0.00200444794441251,-0.00104596252752154
2019-10-16,-0.000514668177241531,0.00112205851308045,0.00202517623462646
2019-10-17,0.00246587687492165,0.0017413052424399,0.00116918825297421
2019-10-18,-0.00351928819889006,-0.00223192972155176,-0.00127565025813686
2019-10-21,0.00458038555014356,0.00128167793333831,-0.000862063621015915
2019-10-22,-0.00208710059537365,-0.000317441245081155,0.00083223103335622
2019-10-23,0.00259900576694347,0.00213281227162199,0.00172221957681167
2019-10-24,0.00200074716442696,0.00255115000179165,0.0025533421960011
2019-10-25,0.00329459215748163,0.00209387145012965,0.0010694905967225
2019-10-28,0.00327280679077829,-0.000272809446374672,-0.00239476691215933
2019-10-29,-0.000424744960002965,-0.000616745196317242,-0.000561116591389665
2019-10-30,0.00348840021469763,0.004119758774767,0.00450884413147369
2019-10-31,-0.000495838420760998,0.00275555880841743,0.00474076245781757
2019-11-01,0.00731386492680804,0.0043884901450725,0.00229825050256469
2019-11-04,0.00241808283042587,1.88675113190474e-05,-0.00169099105879442
2019-11-05,-0.00304103423935201,-0.00594280679085881,-0.00733723063555578
2019-11-06,0.000899961881877331,0.00190758036615413,0.0025089959334647
2019-11-07,0.000461568768027198,-0.00412139069651388,-0.00680051404299531
2019-11-08,0.00120053775222756,-0.000697739518907918,-0.00171297172641779
2019-11-11,-0.00165934341924122,-0.00128331319846289,-0.000858092513462038
2019-11-12,0.00200161447343847,0.00184211286444086,0.00162345493677844
2019-11-13,0.00093123361834313,0.00184181798061633,0.00238461409856694
2019-11-14,0.00209056666985612,0.00304324405113943,0.00372111415845504
2019-11-15,0.00545565238953178,0.00278450147459136,0.0010895840756994
2019-11-18,0.00105768939855666,0.00153767638833041,0.00179479156501674
2019-11-19,8.30643084002139e-06,0.000453443586197977,0.000819232525167202
2019-11-20,-0.00255713369295225,-0.0008146541840251,0.000505480100683386
2019-11-21,-0.00208488550182592,-0.00279878120449464,-0.00312586807429333
2019-11-22,0.00157266979051568,0.000596094710020006,3.02934304901021e-05
2019-11-25,0.00576586110394112,0.00278917518399771,0.00106668738369019
2019-11-26,0.00248210755220564,0.00280646787654559,0.00287594159534357
2019-11-27,0.00277676108812094,0.00025598961029924,-0.00128906234397865
2019-11-29,-0.00242699858097481,-0.000504697003611141,0.000426354125426729
2019-12-02,-0.00720559154721209,-0.0052720413521313,-0.00413717219582332
2019-12-03,-0.00351559097066514,0.00127116732389815,0.00442926440551178
2019-12-04,0.00441596484216943,0.00178410085964234,-9.41247248493091e-05
2019-12-05,0.0012627972383484,0.000460260593115742,-0.000220082304579461
2019-12-06,0.00600882868948138,0.00132126257481508,-0.00146010699504862
2019-12-09,-0.00246318300191654,-0.00144190339582134,-0.000705966731715412
2019-12-10,-0.000725733214338201,-0.000141508856599418,4.77229017950199e-05
2019-12-11,0.0033742670175021,0.00417741318560905,0.00457588971250811
2019-12-12,0.00575245542594314,0.00145266560234655,-0.00163250107440968
2019-12-13,0.00151535779941743,0.00288968250425542,0.00387603402803796
2019-12-16,0.00502115018142679,0.00224767083585762,0.000168403812091369
2019-12-17,0.000162665286535402,7.81724651236214e-05,3.71546749581396e-05
2019-12-18,-0.000213648363191809,-0.000628314893610565,-0.00104390257746589
2019-12-19,0.00361600659584948,0.00289180352713669,0.00231852534554524
2019-12-20,0.0036078828951663,0.00244326003260703,0.0016166225980667
2019-12-23,0.00143946074404087,0.00130752853915158,0.00102014360672922
2019-12-24,0.00114084896634183,0.00280487281560421,0.00352884738633867
2019-12-26,0.00518919154091657,0.00498820386765509,0.00453380466418341
2019-12-27,-8.86085295895178e-05,0.000150274208029045,0.000399490010786298
2019-12-30,-0.00426312648965596,-0.0023878527426752,-0.00127468980586008
2019-12-31,0.00177137042357571,0.000784096408105203,-0.0001495155767244
2020-01-02,0.00867895377016635,0.0076695950763222,0.00686064060598037
2020-01-03,-0.00406270558361582,0.00120174567966423,0.00438211079433025
2020-01-06,0.00399327827104785,0.0042606851579453,0.0038606425384938
2020-01-07,-0.00199940219209683,-0.000781244737200675,-0.000237753049363399
2020-01-08,0.00327930895624287,0.00020466785368453,-0.00158691381560163
2020-01-09,0.00493160359700806,0.00215769413215888,0.000627037670987087
2020-01-10,-0.00148339923372758,0.000608220779973575,0.00180944028647076
2020-01-13,0.00464333459534993,0.00129182209905157,-0.000629974428279821
2020-01-14,-0.00111098397474625,-0.000490344407954927,6.69751423772764e-05
2020-01-15,0.00264276784708222,0.00321720509166379,0.00343419902674076
2020-01-16,0.00629154981877315,0.00325158042407042,0.00120038146195901
2020-01-17,0.0025938624544329,0.00181569970372325,0.00116425811591832
2020-01-21,-0.00106213743155214,0.000282049477989877,0.00132125227672031
2020-01-22,0.000148581086217315,0.000190321434275775,0.00021007164902207
2020-01-23,0.00139288732654832,0.00176183008309799,0.00202065317642775
2020-01-24,-0.00617284862057595,-0.00209264272013377,0.000513707332926468
2020-01-27,-0.0114649666769716,-0.00461846439883116,-5.74235580856237e-05
2020-01-28,0.00715489241480648,0.0021686301481118,-0.000877046835693231
2020-01-29,0.000359513645444642,0.00213799091910033,0.00329206717023844
2020-01-30,0.00270002741333685,0.00188207974383436,0.0013819325396039
2020-01-31,-0.0134446199865538,-0.00637497666220138,-0.00170034689542239
2020-02-03,0.00520797570425581,0.00187737143807357,-6.08260930666669e-05
2020-02-04,0.0103120753102014,0.00291833579951958,-0.00165038514223822
2020-02-05,0.00892833182891184,0.00499865783992245,0.00210086424493563
2020-02-06,0.00330181250361268,0.00320707646581159,0.00290999744229747
2020-02-07,-0.0035201824004381,-0.00080569575241496,0.00111122112204303
2020-02-10,0.00642353200566865,0.00486092588675135,0.00378772180264874
2020-02-11,0.000804418250737336,-0.000588683753849075,-0.00146427493886121
2020-02-12,0.00481683175871315,0.00237786778287724,0.000664459383549865
2020-02-13,-0.000195690996983642,0.00111123765834076,0.00174212362209899
2020-02-14,0.0019469571690653,0.00246479972106373,0.00272497238676797
2020-02-18,-0.000620583807950219,0.00231351642980205,0.00370806995182032
2020-02-19,0.00439060696422737,0.0038045160186016,0.00311343637156773
2020-02-20,-0.00258748545682876,-0.000306037710846583,0.00115609906396908
2020-02-21,-0.00633190654947617,-0.000382114033900028,0.00303531335262905
2020-02-24,-0.0248544448515642,-0.0123888143164465,-0.00413818317680065
2020-02-25,-0.0257513722883512,-0.0189249445310314,-0.0133413231170552
2020-02-26,-0.00255759666059858,-0.000876393087779427,-7.97490236526151e-08
2020-02-27,-0.0354247305673797,-0.0211941063635376,-0.0114741470188428
2020-02-28,-0.00588931629187312,-0.00842132009689836,-0.00772410779874905
2020-03-02,0.0351297190689639,0.0228641683261144,0.0143766631126419
2020-03-03,-0.0186004353855941,-0.00355255362801402,0.00548865913781853
2020-03-04,0.0335820533865191,0.0209060350137998,0.0122578370974917
2020-03-05,-0.0235447579902524,-0.00899891914685285,6.26267620676057e-05
2020-03-06,-0.0121713294013059,-0.00563215800316816,-0.000784160410504714
2020-03-09,-0.0614134742850761,-0.0363920812689427,-0.0193451520348096
2020-03-10,0.0374498765345048,0.0160077015393327,0.00185012616129983
2020-03-11,-0.0403526338132956,-0.0277589391068776,-0.0196840523000842
2020-03-12,-0.0804797524963178,-0.0576836182267868,-0.0404663756084605
2020-03-13,0.064685517768174,0.0334843695875412,0.0138834734598801
2020-03-16,-0.0860418228897974,-0.0509691825896149,-0.0256942890660254
2020-03-17,0.0420417646479628,0.0241166604236434,0.0102351916194544
2020-03-18,-0.0438866146397712,-0.033767134396687,-0.0267187487908002
2020-03-19,0.000137840824802515,-0.0028433651783277,-0.00372149012463679
2020-03-20,-0.0304282216291875,-0.0114288275833209,0.00176154730772199
2020-03-23,-0.0148530446289228,0.00121956407877432,0.0103174020339035
2020-03-24,0.076655444825477,0.0557335630463463,0.0390189825323343
2020-03-25,0.0106657267011365,0.00420894088204509,0.0006181442202773
2020-03-26,0.0482359193612335,0.033005473374589,0.0223317600486178
2020-03-27,-0.0237333529548063,-0.0146550398006545,-0.00790923383845472
2020-03-30,0.02665208643238,0.017916640999091,0.0119887027591443
2020-03-31,-0.0149276627482598,-0.0149608812796951,-0.0132999829483345
2020-04-01,-0.0346511317885231,-0.0191204993621373,-0.00903597794514095
2020-04-02,0.0201161949036471,0.015677091482001,0.0119062055250517
2020-04-03,-0.0109958510741877,-0.00580813831666769,-0.00255960408902469
2020-04-06,0.0560531362117548,0.0393832657287455,0.0266589813840169
2020-04-07,-0.000164816472435956,-0.00194117721077464,-0.00308014707025134
2020-04-08,0.0258397794596729,0.014247011137699,0.00690186886181412
2020-04-09,0.015001560678898,0.0146780227363527,0.013263853960636
2020-04-13,-0.00580475331307482,-0.00081716786602266,0.00154340215987076
2020-04-14,0.0245134829849452,0.0170446954973127,0.0117383661159485
2020-04-15,-0.0166151404789928,-0.00966558114603594,-0.0043306439659846
2020-04-16,0.00387980329064419,0.0024626109599939,0.00161437791228301
2020-04-17,0.0194084570360146,0.00799797663093613,0.00123078773789307
2020-04-20,-0.0131191935018099,-0.00637052246070057,-0.00209629462873389
2020-04-21,-0.0246944277501285,-0.0161914853288592,-0.0100423210474945
2020-04-22,0.0194123749087896,0.0152389360811337,0.0113178779991676
2020-04-23,0.00100337224300449,0.00261655518844089,0.00322704312046011
2020-04-24,0.0107468985336761,0.00595933407772212,0.00299418251670186
2020-04-27,0.0103387831957744,0.0042187863010685,0.000204711933029534
2020-04-28,-0.00368811018354096,-0.00232263498621832,-0.000971346859698618
2020-04-29,0.0214469019752118,0.0143496515952727,0.00931689686599305
2020-04-30,-0.0094977352902578,-0.00977878982790972,-0.00917922399522863
2020-05-01,-0.0204237330707833,-0.0113485064881106,-0.00553779407917746
2020-05-04,0.00257359048287855,0.00229644108352162,0.00194464697174854
2020-05-05,0.00774173737933698,0.00549513117562231,0.00374836870840767
2020-05-06,-0.00707895946052999,-0.00752847750250119,-0.00737036451704002
2020-05-07,0.0117996230160725,0.0113979864232008,0.0106680124167461
2020-05-08,0.012307881181912,0.00595034064401812,0.00184845358316366
2020-05-11,-0.000739117599962924,-0.00215532765492044,-0.00292767178872996
2020-05-12,-0.0152264766175706,-0.00816850468997731,-0.00349261862560498
2020-05-13,-0.0129807122496703,-0.00592319407274551,-0.00159651314733351
2020-05-14,0.0106152079403886,0.00858634157990615,0.00686924779262775
2020-05-15,0.00417619979371096,0.0035454642521513,0.00281001627710813
2020-05-18,0.0229962457205782,0.0118011276791267,0.00440838991245157
2020-05-19,-0.00697138665567537,-0.00202164754606794,0.000935949673620157
2020-05-20,0.0138523975254964,0.00914920571431729,0.00590737167300543
2020-05-21,-0.00691480269974648,-0.00693144691038745,-0.00618082801719664
2020-05-22,0.00229993161464899,0.00290140786951321,0.00310109522394107
2020-05-26,0.00817221660420654,0.00194996874608295,-0.00161875497174834
2020-05-27,0.0121659354822664,0.00809598747614265,0.00533371968360931
2020-05-28,-0.00123123634857229,-0.000310843798011913,9.00311376728955e-05
2020-05-29,0.00462114996168783,0.00486942391038442,0.00482742003159633
2020-06-01,0.00365456715336769,0.00307350669113659,0.00243626342352177
2020-06-02,0.00581218925431564,0.00211023329060528,-0.000116023966284417
2020-06-03,0.0082092161943058,0.000560853413605891,-0.00391167851468873
2020-06-04,-0.00144562193568542,0.000325533775235982,0.000781423295611537
2020-06-05,0.0179774586163341,0.00649960272067224,-0.000387784493965922
2020-06-08,0.0108606402120342,0.00902057824579976,0.0073070368251712
2020-06-09,-0.00464251493156553,-0.000421310129876117,0.00209004640827918
2020-06-10,-0.00228354275277958,0.00266112753862353,0.00561532156735826
2020-06-11,-0.0464859119639994,-0.0297412947051513,-0.0180401679610091
2020-06-12,0.00950011826712066,0.0057870084477024,0.00312981940298916
2020-06-15,0.00720792339085353,0.00401609890542723,0.00193618078363451
2020-06-16,0.0151427355871717,0.0089853628988034,0.00480203873526314
2020-06-17,-0.0029750425453126,-0.00120681206509843,-4.50295408251698e-05
2020-06-18,0.000333793084293776,0.000257026818840155,0.000415603128493179
2020-06-19,-0.00343552424341567,-1.67148573858586e-05,0.00172732190661998
2020-06-22,0.00568787098157986,0.00459688591322799,0.00350119851266084
2020-06-23,0.00449193512880389,0.00432438835407159,0.0037752402394396
2020-06-24,-0.0205660132263821,-0.0131517575802231,-0.00793999566061978
2020-06-25,0.00853278604778431,0.00525085178226588,0.00310126349836193
2020-06-26,-0.0182835339302865,-0.0100817161707119,-0.00470135462510247
2020-06-29,0.0119101685759539,0.00772963959714453,0.00496478137115869
2020-06-30,0.0105116989426148,0.0070646686839659,0.0044545185090045
2020-07-01,0.00499955936405543,0.00199189041524,0.000132797659261472
2020-07-02,0.00474488097934558,0.00360198774941484,0.00279371462983005
2020-07-06,0.0128007636872367,0.00884613706472419,0.00583635445378569
2020-07-07,-0.00729861300783825,-0.00277678384703901,8.27026696567244e-05
2020-07-08,0.0065841377928862,0.00498753288677983,0.00353462550074761
2020-07-09,-0.00450438549020686,-0.00272162897937234,-0.00123772141105748
2020-07-10,0.00771237764300622,0.0039654284622366,0.00149890316954471
2020-07-13,-0.00669635851392942,-0.00375248369086534,-0.00179861879937466
2020-07-14,0.0108253506560694,0.00762483172009161,0.00525385888776694
2020-07-15,0.00740497452033225,0.00473185805019391,0.00288931359602827
2020-07-16,-0.00350600031977159,-0.00382504343329087,-0.00352824817269576
2020-07-17,0.00311853148578099,0.00344760575867134,0.00324279389673507
2020-07-20,0.00701282876941582,0.00540974056964283,0.00413279077738373
2020-07-21,0.00301336718232195,0.00434249812764731,0.00467925730185077
2020-07-22,0.00610689326688889,0.00672863217590381,0.00639937711469911
2020-07-23,-0.00856454847612346,-0.00351404441800105,-0.0005392256550391
2020-07-24,-0.00434380811801979,-0.00119840046361239,0.000445045451443003
2020-07-27,0.00765414820137112,0.00819654025183322,0.00749281057373305
2020-07-28,-0.00400246251156544,-0.000492393776203525,0.00154931102236933
2020-07-29,0.0107207215053503,0.00835367718125081,0.00646548489715043
2020-07-30,-0.00345564901520396,-0.00328739495610098,-0.00273589662449611
2020-07-31,0.00725485979911675,0.00628412461882122,0.00519479798716156
2020-08-03,0.00562625623427801,0.00363705634445821,0.00222984149575349
2020-08-04,0.00556004408513144,0.00810672792951589,0.00891186470977239
2020-08-05,0.00556418225882475,0.00459354830830985,0.00331571734069564
2020-08-06,0.00678921840715638,0.00694616534889602,0.00644416404861561
2020-08-07,-0.0012259287426788,-0.00414174733677677,-0.00539724037086403
2020-08-10,0.00193903321068773,0.000364403138772315,-0.000565452529198072
2020-08-11,-0.0123163750573706,-0.018408767912678,-0.0199571978966024
2020-08-12,0.0103919753885465,0.00506628748759438,0.00160166321813405
2020-08-13,0.000710206408687256,0.00448680124506133,0.00572083715399098
2020-08-14,-0.000357724452316144,-0.000938764110382684,-0.00108591865406678
2020-08-17,0.00487541133157554,0.00742351620286213,0.00811989725990471
2020-08-18,0.00280166090016853,0.00376373421375048,0.00404103503409476
2020-08-19,-0.00661877627581973,-0.0103014445827006,-0.0112439337478636
2020-08-20,0.00346988023209169,0.00400429403369085,0.00415867534544372
2020-08-21,0.00211036180306459,-4.46747303020083e-05,-0.00104391539764832
2020-08-24,0.00740145310514869,0.00330386184139218,0.000785428767730077
2020-08-25,0.00268314144960648,0.00145897579141646,0.0004631876863189
2020-08-26,0.00916031991700819,0.00786232112366358,0.00638600280764651
2020-08-27,0.000239563003266175,-0.00268111675322896,-0.00422693542996625
2020-08-28,0.00707057319216385,0.00798735587098237,0.00781205351845951
2020-08-31,-0.00255220124941215,-0.000946920041698882,5.74963147917729e-05
2020-09-01,0.00798152188282826,0.00582631027002878,0.00449390266415932
2020-09-02,0.0103976279837318,0.00429791382371982,0.000957772944672511
2020-09-03,-0.0282104571916414,-0.018905076235849,-0.0122306760262275
2020-09-04,-0.00681257114546077,-0.00478412006839457,-0.00384818576898104
2020-09-08,-0.0218369218560479,-0.0136079625750019,-0.00791860056903174
2020-09-09,0.0167193398942617,0.0121773946380467,0.00863935406620035
2020-09-10,-0.0140900228754318,-0.00917943212382892,-0.00568290207550219
2020-09-11,0.000557763969883474,0.000630718570650612,0.000760071933647443
2020-09-14,0.0112361331114383,0.00833336274959366,0.00595846504091533
2020-09-15,0.00375336259105497,0.00180493076469731,0.000601005459684745
2020-09-16,-0.00294905103608472,-0.00141932066225364,-0.000569935733176319
2020-09-17,-0.00755223951005305,-0.00568799667645828,-0.00415426108422227
2020-09-18,-0.00916924220062001,-0.00565417552121052,-0.00342154171148311
2020-09-21,-0.010731616010275,-0.0101345513685158,-0.00864172297725512
2020-09-22,0.00766290871494694,0.00388063400291709,0.00160143324661046
2020-09-23,-0.0207132993806867,-0.0169970303562401,-0.0134391928083927
2020-09-24,0.00255354183891909,0.00238540924215902,0.00211195959570651
2020-09-25,0.0127305254626923,0.00757595750002497,0.00432307766385695
2020-09-28,0.0142769556084716,0.0107787059415779,0.0079353124137546
2020-09-29,-0.00343978971474357,-0.000430492724878107,0.00119096524580285
2020-09-30,0.00519472967807603,0.00161424177031491,-0.000607587242773855
2020-10-01,0.00608486190455098,0.00558183532066109,0.00482877838726161
2020-10-02,-0.00778340516575869,-0.00521719749561078,-0.00351087326813211
2020-10-05,0.0140408179817902,0.00850280156306327,0.00425077644490933
2020-10-06,-0.0123172649240023,-0.00946928848964388,-0.00686682618537423
2020-10-07,0.013591333793407,0.0078684567910029,0.00393136059679575
2020-10-08,0.00762760398617901,0.00577513801909485,0.00445343707801318
2020-10-09,0.00891059735735293,0.00888149569025552,0.00792925914037851
2020-10-12,0.0126903479735,0.00759447431804941,0.00439452862036897
2020-10-13,-0.0065707431979879,-0.00663800608503892,-0.0057849767465767
2020-10-14,-0.00468430038471015,-0.00228565289003901,-0.000824822561426564
2020-10-15,-0.000731006377290601,2.61054927770375e-05,0.00029503056201616
2020-10-16,-0.000887839655142497,-0.00131281561265628,-0.00145172294472511
2020-10-19,-0.0122771324898899,-0.00788781352646824,-0.00506930374611765
2020-10-20,0.00347185662189085,0.00267108165986321,0.0017887872104589
2020-10-21,-0.000893665520495976,0.000605257871765715,0.00116174500548338
2020-10-22,0.00305993177508702,-0.000577978721102852,-0.00268729989560705
2020-10-23,0.00275136373943809,0.00178543387453539,0.00126528322759329
2020-10-26,-0.0145685109328679,-0.00870128091965144,-0.0046316720632629
2020-10-27,-0.00227096328316103,-0.000506391741371738,0.000650213102348383
2020-10-28,-0.0289657382330801,-0.0211459726843599,-0.0151297542757156
2020-10-29,0.00729467676260878,0.0029915152524859,0.000119171665946154
2020-10-30,-0.00820755442793519,-0.00488161305804223,-0.0030542586534337
2020-11-02,0.0101089952164376,0.00845967088993817,0.00696070913128112
2020-11-03,0.0144677417850852,0.00968561531633397,0.0061013717855712
2020-11-04,0.0186656039491086,0.01314036333647,0.00990591827748632
2020-11-05,0.017884193233278,0.0154560936885771,0.0126798944297173
2020-11-06,-0.000379613955554448,-0.000606557804347069,-0.00099846967264725
2020-11-09,0.00488659221300861,-0.00663153519935529,-0.0124660304064227
2020-11-10,-0.00112609289122348,-0.0006156269768621,-0.000583079585408987
2020-11-11,0.00566935194471364,0.00303073967284625,0.00156762962127551
2020-11-12,-0.00658526753738946,-0.00191214511996262,0.00118484109361297
2020-11-13,0.0116245193263553,0.0082944113995106,0.00566679118507128
2020-11-16,0.00990520171203438,0.00603944667175589,0.00342757893260591
2020-11-17,-0.00441108330082424,-0.00296002290440714,-0.00167989094190425
2020-11-18,-0.0102333821621657,-0.00753122005897338,-0.00546030546414473
2020-11-19,0.0032884105021421,0.00190549677517149,0.0011316642872327
2020-11-20,-0.00500093444109994,-0.00223088763224682,-0.000448183849357618
2020-11-23,0.00262673058803817,-0.00242432357882394,-0.00490658606686759
2020-11-24,0.0112002584297815,0.00382984297081591,-0.000396351929886031
2020-11-25,-0.00124742746011613,-0.000805540572550471,-0.000470681883396694
2020-11-27,0.00151305981821042,-0.000394938051050992,-0.00100973992866662
2020-11-30,-0.00427543691936858,-0.00404827278673697,-0.00359629846194497
2020-12-01,0.0103238803958505,0.00940364172544242,0.00747118573116706
2020-12-02,0.00226810045143589,0.00251455510401008,0.00221923642234991
2020-12-03,0.000836959952063387,0.00250155023593651,0.00335151354838783
2020-12-04,0.00621811156096753,0.00261898340888897,0.000165151048405431
2020-12-07,0.000157747235463112,0.00347639516513332,0.00509816796322238
2020-12-08,0.00278991851217125,0.00258580965236305,0.00232550888246319
2020-12-09,-0.00902647953276904,-0.00911281442801344,-0.00838663990745009
2020-12-10,-0.000227232507385234,-7.75579439736285e-05,0.000230720473779265
2020-12-11,-0.000552120324381035,0.000378700915957097,0.0010063883084489
2020-12-14,-0.00419061620514144,-0.0037610827954436,-0.00322848294189822
2020-12-15,0.0121146464417131,0.0100076625079828,0.00785351283102436
2020-12-16,0.00172400284170209,0.00195600854906086,0.00179303796048809
2020-12-17,0.0054528521174235,0.00524435927017103,0.00454301475935983
2020-12-18,-0.00344757294700452,-0.00262963713661776,-0.00204124509125589
2020-12-21,-0.00311077515972348,-0.00241388503801979,-0.00175714481451676
2020-12-22,-0.00197152839016781,-0.00240068550418082,-0.00220807377583677
2020-12-23,0.00117512790883431,0.00158987351890552,0.00142969433539324
2020-12-24,0.00365307586698844,0.00329692270216858,0.0029312939212262
2020-12-28,0.00651794416797103,0.00340886283351363,0.00152176230450441
2020-12-29,-0.00117877572666472,-8.51373961650588e-05,0.000453477974820814
2020-12-30,0.00197390575336121,0.00279437076489786,0.00299201079490901
2020-12-31,0.00450294539584997,0.00363581420685854,0.00290537174320218
2021-01-04,-0.00864059966255669,-0.00118007210495338,0.00269319091666617
2021-01-05,0.00557267584691301,0.00360064608615262,0.00202118995414806
2021-01-06,0.00257400686520032,-0.00253291376390314,-0.00541786706517374
2021-01-07,0.0112996280195831,0.00596274903544405,0.00234508681066118
2021-01-08,0.000850382770333935,-0.00642041046916808,-0.00970045215835137
2021-01-11,-0.00578335325760862,-0.00434710117616774,-0.00338879036571519
2021-01-12,0.000799407806796315,0.0016816879161031,0.00193769411063978
2021-01-13,0.00207116297886408,0.00113837867532121,0.000905633724447287
2021-01-14,-0.00308155549080431,-0.00245091330977759,-0.00211855950522784
2021-01-15,-0.00680388688116062,-0.00607095500721602,-0.00482651107026044
2021-01-19,0.00718779731309141,0.00619191062635622,0.00513388886090078
2021-01-20,0.0127413692661367,0.0110953831681354,0.00920503744930089
2021-01-21,0.000523312520841568,-5.93371511785618e-05,-0.000488094538719552
2021-01-22,-0.00346682647254211,-0.00335795907780306,-0.00281571763562564
2021-01-25,0.0036461632624863,0.00319962817088332,0.00306121667469563
2021-01-26,-0.00152949727160852,-0.00148223124081551,-0.00134400600760909
2021-01-27,-0.0200682419354185,-0.0135099836086333,-0.00876220439118412
2021-01-28,0.00671264243523066,0.00388151872512951,0.0018176646930633
2021-01-29,-0.0162326800070138,-0.0105527717841016,-0.00683425929308368
2021-02-01,0.0143796464484401,0.0109811142849628,0.00830858645871883
2021-02-02,0.00984280066369639,0.00339641027417926,-0.000419161048288761
2021-02-03,0.000233112612330667,-0.000596688676725159,-0.0011967956321987
2021-02-04,0.00690563441047932,0.000215511627720297,-0.00318499205938978
2021-02-05,0.0039241158532201,0.0039066340930019,0.0032955133578652
2021-02-08,0.00682709556153127,0.00623459080996558,0.00535728413081041
2021-02-09,-0.000130034930013867,0.000674077498252768,0.00108508783251386
2021-02-10,0.000271880959036985,0.00133315200502609,0.00198474812361338
2021-02-11,0.000347458568638139,-0.00155392735735982,-0.00242530049510091
2021-02-12,0.00331809440543156,0.000885565404426583,-0.000749262495358792
2021-02-16,-0.00284964853497066,-0.00582530250154947,-0.00745219556328985
2021-02-17,-0.000883375091598405,-0.00255250748720634,-0.00306341683013548
2021-02-18,-0.00341923823503037,-0.00216427698416946,-0.0013288947983061
2021-02-19,-0.00139962247633,-0.000850143581532762,-0.000892114050823078
2021-02-22,-0.00481952102487753,-0.000511170200591833,0.00153108873137075
2021-02-23,0.000818841367199493,0.000225447334674998,-1.64283897403424e-05
2021-02-24,0.00860706186010011,0.00498871050278167,0.00254324140468692
2021-02-25,-0.0224911905986963,-0.0200844128788919,-0.0182055535960676
2021-02-26,-0.00564262550350825,-0.00637758032597919,-0.00520951004093166
2021-03-01,0.0191066558582203,0.0114064366156492,0.00630327261381343
2021-03-02,-0.0055161486352735,-0.00208529764764964,2.04216088993017e-05
2021-03-03,-0.0122342515885562,-0.0107171509076996,-0.00942246131215612
2021-03-04,-0.0113786109957262,-0.00988416515935311,-0.00864352076688839
2021-03-05,0.0146406735170165,0.00900645917970231,0.00514904537928483
2021-03-08,-0.00541309984162879,-0.00606464899646204,-0.00617725243325945
2021-03-09,0.0140226902799371,0.0136409440863338,0.0125598033722275
2021-03-10,0.00569929587205973,0.00491095857962831,0.00423527870155282
2021-03-11,0.00798984689422013,0.00476594768553312,0.00264256091000652
2021-03-12,0.000335249897179334,-0.00118198076519579,-0.00254596493201592
2021-03-15,0.00533355100066733,0.00438833688677415,0.00359984174722752
2021-03-16,-0.000934103930232714,-0.00044333177078307,-0.000171172216196948
2021-03-17,0.00327582233851414,0.00307457613331555,0.00249983004795473
2021-03-18,-0.0128447470455102,-0.0102871268506506,-0.00860348700029283
2021-03-19,-0.00112375079965038,-3.39710947563098e-05,0.000452469575939783
2021-03-22,0.00656826334450945,0.00444325008383531,0.00326375685699293
2021-03-23,-0.00653282885085075,-0.00452594882632943,-0.00257608084103959
2021-03-24,-0.00358909099309681,-0.00134749398895922,3.9670704775652e-05
2021-03-25,0.0040055789072564,0.00157571963574168,7.17742457415609e-05
2021-03-26,0.0128427365454397,0.0079346350827677,0.00435367313305817
2021-03-29,-0.00193700284698492,-0.00408501068772126,-0.0050939177793313
2021-03-30,-0.00391982637880983,-0.00582020502738412,-0.00627669202223455
2021-03-31,0.00461794791887843,0.00546496409702982,0.00520052158945097
2021-04-01,0.0103451297530311,0.00966411974472006,0.00880021459618176
2021-04-05,0.0111631435010518,0.00637823166351439,0.00306566840241016
2021-04-06,0.000816792100509089,0.0029281185017036,0.00417750151307673
2021-04-07,0.000582505378998989,-0.000279890126344023,-0.000744709741492844
2021-04-08,0.00521603563298772,0.00592015596994117,0.00602373572558926
2021-04-09,0.00479911221403142,0.0010923333623119,-0.00113366801769921
2021-04-12,-0.000376279234432187,-0.00148764478077315,-0.00195618629831573
2021-04-13,0.00349369480620774,0.00428846203967337,0.00467096631421145
2021-04-14,-0.00328938662435931,-0.00310062991361665,-0.00281896409313085
2021-04-15,0.0108512870088053,0.0110145953138226,0.0106358687577665
2021-04-16,0.00300821890039723,0.00250691506474812,0.00173507565299365
2021-04-19,-0.00431204098969068,-0.00341033205667343,-0.0027234117273933
2021-04-20,-0.0052035814811314,-0.00202708314207439,6.16353358633519e-05
2021-04-21,0.00861310663326686,0.00733977992129764,0.00602153675211274
2021-04-22,-0.00787638996158202,-0.00599101241852218,-0.00437065097218961
2021-04-23,0.00815999535709108,0.00413628313444389,0.00157995934147528
2021-04-26,0.00182978860712468,0.00144292074686852,0.00100039838419477
2021-04-27,-0.000817526272514113,-0.00172059776723663,-0.00239348002258112
2021-04-28,0.000196211885414944,0.000921579814346654,0.00132377200093582
2021-04-29,0.00450963328321463,0.00171474883486622,-2.94487604371441e-05
2021-04-30,-0.00550562689925364,-0.00390811467873611,-0.00263076453432784
2021-05-03,0.0031935392784552,0.00474868083264839,0.00522166497688562
2021-05-04,-0.00553710817573402,-0.00458850509530992,-0.00352388375980774
2021-05-05,0.000787090274949075,0.00149838407224156,0.00182675045748632
2021-05-06,0.00810014500004746,0.00827186624039539,0.00757419597681102
2021-05-07,0.00675696259849241,0.00597555195565969,0.00502224985541067
2021-05-10,-0.00781975522871817,-0.00469577617144309,-0.00286508836708484
2021-05-11,-0.00728852546410068,-0.00483442683792923,-0.00329021733684227
2021-05-12,-0.0184717165902699,-0.0143114993300851,-0.0112824201590706
2021-05-13,0.0103554379432174,0.00786994078055975,0.00617495423174341
2021-05-14,0.0134152000777133,0.0105051835354623,0.00821910187456846
2021-05-17,-0.000967874962526853,0.00139686698906429,0.00234323980282931
2021-05-18,-0.0066980124516367,-0.00382135042985065,-0.00200088437597257
2021-05-19,-0.00232706243167431,-0.00188494142337203,-0.00177356308121171
2021-05-20,0.00947653780067204,0.00755434153657819,0.0062512184576937
2021-05-21,-0.0005745578068304,-0.000208144120641129,3.09289602674734e-05
2021-05-24,0.00842795120668111,0.00577816720333082,0.00397172695813265
2021-05-25,-0.000500341338709666,0.00207733626961099,0.00352585314723533
2021-05-26,0.00130018446953949,0.00027357781045598,-0.00038036508900173
2021-05-27,0.000284789288049803,-7.5362356908081e-05,-0.00042243462589404
2021-05-28,0.00179926864332461,0.00181513049016796,0.00163284405109849
2021-06-01,-0.000992141749925868,-0.00115914011321658,-0.00114512481286823
2021-06-02,0.00186096114605074,0.00229330577800452,0.00239387891400933
2021-06-03,-0.00518030218089437,-0.00738374985518502,-0.00800050838180197
2021-06-04,0.00894688879381749,0.00864849979569032,0.00818635637017515
2021-06-07,-0.000453770885624416,0.00032085543411553,0.000597700074561846
2021-06-08,0.000149141967558741,5.30272767813865e-05,0.00028744216933404
2021-06-09,-0.00107245758557468,-0.000442943784532912,0.00022910694339877
2021-06-10,0.00450363419823565,0.00428628152723625,0.00410434987193
2021-06-11,4.98390891656708e-05,-0.00235394364550257,-0.00346725121040764
2021-06-14,0.000893729500129013,-0.0011242415615039,-0.00233221588987427
2021-06-15,-0.00182765005830525,-0.00181806402218576,-0.00161411110524712
2021-06-16,-0.00684133589221309,-0.00872807258627143,-0.00948398927139508
2021-06-17,-0.00298123848579575,-0.00695555670315491,-0.00788900150718314
2021-06-18,-0.0107810527721826,-0.00671748460873405,-0.00344820007205337
2021-06-21,0.0123572095134568,0.00941924404362223,0.00668809922467926
2021-06-22,0.00403991326987447,0.00208071992688241,0.00107541619186766
2021-06-23,-0.00122972931139889,-0.00126645460456251,-0.00135753869532559
2021-06-24,0.00465508667305487,0.00276398531498914,0.00152465992307431
2021-06-25,0.00296434233659723,0.00208297059891565,0.00122554387636349
2021-06-28,0.00192003685853215,0.00177627538096847,0.00184010115174911
2021-06-29,-0.000568053645310208,-0.00222719437057589,-0.00278198480616816
2021-06-30,0.00131502500682745,0.00202462474356757,0.00233306994488787
2021-07-01,0.00470131466073032,0.00344878435400348,0.00240575178023505
2021-07-02,0.00713482510894479,0.00637167533412464,0.00571705057148932
2021-07-06,-0.000434043091986006,0.0016471987701408,0.00305014133127291
2021-07-07,0.00350013304652479,0.00344918379145998,0.00337096434370752
2021-07-08,-0.00632640549794626,-0.00359419973394773,-0.00161159988429845
2021-07-09,0.00836746208363849,0.00490679458839401,0.00218152823445058
2021-07-12,0.00268984880619174,0.00135180223124237,0.000496053745055426
2021-07-13,-0.00290644766813387,-0.00215266798831251,-0.00186996329106167
2021-07-14,0.00270056281612261,0.00451274603047457,0.00539865502098856
2021-07-15,-0.00229421752927925,-0.000612247641133433,0.000710621203250086
2021-07-16,-0.00726230504936888,-0.00639045259559714,-0.00533258903522287
2021-07-19,-0.0108412891122851,-0.00495133551557592,-0.000656229384567866
2021-07-20,0.0112074830502793,0.00652304224902463,0.00340135585863646
2021-07-21,0.00552773245050014,0.00167519491591084,-0.000995807872316999
2021-07-22,0.00210144669836705,0.00211226055122215,0.00213695309125506
2021-07-23,0.00776366489695452,0.00397707755781284,0.00153273769456286
2021-07-26,0.00165823712135121,0.000463524896417238,-0.000248415528241852
2021-07-27,-0.00305252378640257,-0.00079530612368006,0.000839670624895385
2021-07-28,0.000261555642762246,0.00126903395526779,0.00173087732481888
2021-07-29,0.00412257816408205,0.0040855676809947,0.00335275904275797
2021-07-30,-0.00439259968695939,-0.00369707681269513,-0.00269849783212805
2021-08-02,-0.00136354854519863,-0.00026157158377657,0.000754249686799191
2021-08-03,0.00646310139541597,0.00395436751809625,0.00232994037174019
2021-08-04,-0.00393690813200135,-0.00246389356182078,-0.00150636702660568
2021-08-05,0.00430699973372247,0.00126849237302182,-0.000741538646893315
2021-08-06,-0.0017633914259318,-0.00688702740819323,-0.0093463143968638
2021-08-09,-0.0026377888930928,-0.00537452022119203,-0.00641901621949087
2021-08-10,0.000837577344039583,0.000228162599837626,-0.000287786282595581
2021-08-11,0.00347793448423301,0.00496746901900635,0.00532699703737426
2021-08-12,0.00231901800605669,0.00130234855114783,0.000560972710424123
2021-08-13,0.00346334730544995,0.00592837106671839,0.00714281344159151
2021-08-16,0.00260428337625533,0.00297880813241974,0.00308996375227191
2021-08-17,-0.00544474237488472,-0.00377901370861503,-0.00261930421078749
2021-08-18,-0.00872930897162716,-0.0054056914864468,-0.00325444061913522
2021-08-19,0.00116704813716479,0.000594922951268728,0.00047088511707527
2021-08-20,0.00632621948212139,0.0038798310765911,0.00217514101160832
2021-08-23,0.00828052281418279,0.00750650667930857,0.00639438816278267
2021-08-24,0.000950196383391333,-5.40472928123352e-06,-0.000754865349641898
2021-08-25,0.000592688780478144,-0.00166596434016394,-0.00302102832750458
2021-08-26,-0.00460916386896137,-0.00266801271382311,-0.00143063586487166
2021-08-27,0.00898114096748095,0.00904133060786145,0.00849266691015814
2021-08-30,0.00322074776039744,0.00145560627438271,0.000623779519072122
2021-08-31,-0.00117198070177686,-0.000707444346086825,-0.000591840622247717
2021-09-01,0.000474013763023229,0.000387383847095413,0.000348040773278347
2021-09-02,0.00231552847515186,0.00117414090065932,0.000605570721272986
2021-09-03,0.000636571696577848,0.00195534927246111,0.00218044302632938
2021-09-07,-0.00521205565755322,-0.00766673065140415,-0.00852059435795441
2021-09-08,-0.000950445855035929,-0.000548676137618747,-1.82953631986179e-05
2021-09-09,-0.00269930025355885,-0.00032816294679794,0.00117261958543217
2021-09-10,-0.00712947489828204,-0.00599647708574569,-0.00514609426602464
2021-09-13,0.002502295574047,0.00241678995871847,0.00225223829601518
2021-09-14,-0.0032972592093734,-0.00014826744823665,0.00181721095444295
2021-09-15,0.00592541455265768,0.00228445076864381,6.51859967951622e-05
2021-09-16,-0.00384813269997049,-0.00724240436108116,-0.00853100680859114
2021-09-17,-0.00824233600927627,-0.00599432495152324,-0.00456191065617113
2021-09-20,-0.0121185214922101,-0.00528485597692571,-0.000833035734988011
2021-09-21,-0.0001484994587306,0.00104552212853096,0.00147818871221334
2021-09-22,0.0075243345135122,0.0041788542977213,0.00218224062105823
2021-09-23,0.00766044222145167,0.00092579662331933,-0.00343918947046913
2021-09-24,0.000887676421891394,-0.00025143756431986,-0.00109741568577273
2021-09-27,-0.00234838436472415,-0.00157967363971434,-0.00130525224266431
2021-09-28,-0.0174743759573755,-0.0134582129457486,-0.0104855888903629
2021-09-29,0.00100032173358665,-2.37119735005649e-05,-0.00042896899096013
2021-09-30,-0.00785849390234542,-0.00131284786988335,0.00221290700641915
2021-10-01,0.0101408168357963,0.00752586948488925,0.00587402910165608
2021-10-04,-0.00997009245263259,-0.00558122091507548,-0.00294978181607275
2021-10-05,0.00754656329566445,0.00325896039804162,0.000477507306674163
2021-10-06,0.00361828748778601,0.00281146261383558,0.0021529223807631
2021-10-07,0.00599000899981731,0.00200632427444245,-0.000585606647170187
2021-10-08,-0.00163463752543055,-0.00135050175424131,-0.00129140861148912
2021-10-11,-0.00622518514974125,-0.00470346977896669,-0.0037169624298964
2021-10-12,-0.00106214778515406,0.00103675195762615,0.00243806718950858
2021-10-13,0.00484935348946733,0.00672696142374046,0.00718491106414727
2021-10-14,0.0139360591831143,0.00960940870444653,0.00672016065029285
2021-10-15,0.00400842568131239,-0.0014026716185228,-0.00446290190586573
2021-10-18,0.00198093650415061,0.000511288338857105,-0.000414298548641071
2021-10-19,0.00613476892283939,0.00376501031002028,0.00184534529764826
2021-10-20,0.00397486328688762,0.00404529345131541,0.00363211872525766
2021-10-21,0.00173332207664756,0.000421229886887863,-0.000540186760106298
2021-10-22,3.8105499344551e-05,0.00164915246742597,0.00254491013911737
2021-10-25,0.00510454060592227,0.00471711401184044,0.00417455406662439
2021-10-26,0.000102599949230975,-0.00109326721272915,-0.00145919841103616
2021-10-27,-0.00272155793452222,-0.000158527728980285,0.00169907195513369
2021-10-28,0.00743413404153661,0.00411207952065196,0.00177869724165313
2021-10-29,0.000816280720671977,-0.00100323376224074,-0.0017690291558021
2021-11-01,0.00189027697031285,0.00214556457409964,0.00205080225078234
2021-11-02,0.00326409017508422,0.00209543341048845,0.0015459961867061
2021-11-03,0.00373921211482602,0.000190009705140768,-0.00191711973682145
2021-11-04,0.00544568580197093,0.00654566412098117,0.00698278395485855
2021-11-05,0.00462945831310892,0.00636913947976546,0.00714949335742462
2021-11-08,0.000610123605688362,0.0002445312336882,-0.000394837883880417
2021-11-09,-0.00169168522758638,0.000729294173446027,0.00232689542297173
2021-11-10,-0.00620525482613941,-0.00344609726072586,-0.00257728716569078
2021-11-11,0.000496665421803577,0.000756193417328577,0.000487877451705488
2021-11-12,0.00643677141120755,0.00477180698485146,0.00367199180523483
2021-11-15,-0.000273392090832792,-0.001197151947117,-0.0019318924292399
2021-11-16,0.00235514623710627,-4.86426061176977e-05,-0.00133327776242426
2021-11-17,-0.00067016831960134,0.00196828280769568,0.00345010196670333
2021-11-18,0.00245733453430441,0.00104882780736204,0.000300870488670534
2021-11-19,-0.00192460007513105,-0.00212918355255145,-0.00174795561490942
2021-11-22,-0.00522546333559332,-0.00884094938706703,-0.0104959036566567
2021-11-23,-0.000216786167964721,-0.00253076263987262,-0.00384691222133639
2021-11-24,0.0023487222519326,0.00186661098348553,0.0017471628966723
2021-11-26,-0.0167136059757997,-0.00832905877993984,-0.00201328800862317
2021-11-29,0.00945002206543916,0.00522519046077634,0.00236487144927574
2021-11-30,-0.0156387915597792,-0.00991061989042226,-0.00545602018644345
2021-12-01,-0.00829849699202251,-0.00408558319841087,-0.00138217377711578
2021-12-02,0.0114834549979783,0.00573464444968771,0.00207111552048027
2021-12-03,-0.00553187921876525,-0.000777973995866653,0.00226461600983106
2021-12-06,0.0087301011963209,0.00406031470031524,0.000820913746123025
2021-12-07,0.0165228365153689,0.0102798048503813,0.00575030988430433
2021-12-08,0.001851498335174,0.00065687012192578,-0.000326917782237544
2021-12-09,-0.00576005863508305,-0.00427301991599985,-0.0028499851374194
2021-12-10,0.00802217425727239,0.00593527243647524,0.00436772488031569
2021-12-13,-0.00635778244350857,-0.0026068192350781,6.17150890590734e-06
2021-12-14,-0.00661068036849963,-0.00620675023424311,-0.00555668653784645
2021-12-15,0.012782238947223,0.00851804646335245,0.00538720393707917
2021-12-16,-0.00555393744221718,-0.00065709933468917,0.00214813300704635
2021-12-17,-0.00850362793138494,-0.0052949349236547,-0.00293643539111707
2021-12-20,-0.00901625558387037,-0.00659017333678434,-0.00480432870594378
2021-12-21,0.0137684909629364,0.0077826563904549,0.00361461539495086
2021-12-22,0.00903418106989344,0.00758751081920078,0.00620070094882503
2021-12-23,0.00499545978124984,0.00315537431542904,0.00171210539422906
2021-12-27,0.0115931602125744,0.00775461721653564,0.00509456830872781
2021-12-28,-0.00110208404860472,-0.00152940958238729,-0.00160744862876896
2021-12-29,0.000482129523639104,-0.000713438544410529,-0.00175143835613402
2021-12-30,-0.00116271757140847,0.00123996254360059,0.0026484706895877
2021-12-31,-0.00144593048368319,0.000165541830181612,0.000841830808758118
2022-01-03,0.00216325554912157,-0.00327695298638695,-0.00659978105334975
2022-01-04,0.000415970727050774,0.00154244200075915,0.00189876075648107
2022-01-05,-0.0160839343714355,-0.0114067878390336,-0.00834907801876699
2022-01-06,-0.00222296066540126,-0.00414819071595945,-0.00494295547206889
2022-01-07,-0.00303476933694931,-0.00165669852560787,-0.00112908980377495
2022-01-10,-0.00071806955127063,7.13504739901497e-05,0.000432314972045789
2022-01-11,0.00873253185874574,0.00816916991607458,0.00731015312493378
2022-01-12,0.00244471086121041,0.00205658985817781,0.00167455240175387
2022-01-13,-0.0110438940204656,-0.00694206915718808,-0.00387838983924079
2022-01-14,-0.000648885832105894,-0.00223561478406292,-0.00349348289813961
2022-01-18,-0.0150877397535398,-0.0111550037747185,-0.00882819866013297
2022-01-19,-0.00647710033164735,-0.000617419211967683,0.00261585377685865
2022-01-20,-0.00889007561152657,-0.00562301440510682,-0.00321287645696029
2022-01-21,-0.0154515211687478,-0.00918308083253027,-0.00455144477978761
2022-01-24,0.00385810067863712,0.00327535659808953,0.00256785231730168
2022-01-25,-0.00958050103466402,-0.0056377275086225,-0.00323556910888295
2022-01-26,-0.00433374497744934,-0.00707132382530924,-0.00844312542272227
2022-01-27,-0.00482001574721069,-0.00464309338875961,-0.00367014631507165
2022-01-28,0.0198014262180713,0.0122506190349808,0.00748167096398116
2022-01-31,0.0150013667272764,0.0104867049655604,0.00718070358814637
2022-02-01,0.00535368889456376,0.00324873875418702,0.00173619915954157
2022-02-02,0.00833866020278142,0.00627555557682247,0.00482125808448222
2022-02-03,-0.0193726627931507,-0.0131741195077059,-0.009183938090672
2022-02-04,0.00314858027213395,0.000818059174134437,-0.00119644371041725
2022-02-07,-0.00180014462698468,0.000313489588445181,0.00136594219409606
2022-02-08,0.00656426262441358,0.00406897312820356,0.00209077545997443
2022-02-09,0.0121840301288546,0.0085060086051891,0.00595167368693744
2022-02-10,-0.0156708544202478,-0.0122288048629545,-0.01020365466433
2022-02-11,-0.0128331253187708,-0.00250474219807187,0.00394628168388338
2022-02-14,-0.00277316922401645,-0.0020290155709104,-0.00214686068355841
2022-02-15,0.0116524165649793,0.00494093199110462,0.000792106276171879
2022-02-16,0.00213412829071265,0.00365405429456683,0.00425763928208515
2022-02-17,-0.015187280884338,-0.00592604028196987,-0.000167751186270519
2022-02-18,-0.00492860654403553,-0.0026090517084717,-0.00086364902534084
2022-02-22,-0.00838537752243969,-0.00486603350367577,-0.00262875395797336
2022-02-23,-0.0142617417686773,-0.00904639607656194,-0.00605563700115454
2022-02-24,0.0116292356850623,0.00649953592641388,0.00351975286718383
2022-02-25,0.017291129558098,0.0101317901758451,0.00551192086357027
2022-02-28,0.0001262663959442,0.00415349026574548,0.00688832460470954
2022-03-01,-0.0093939715195726,-0.000639527708279347,0.00477554776385714
2022-03-02,0.0121734722010654,0.00283922839699077,-0.0036147512834102
2022-03-03,-0.00295679138513043,7.6092930537675e-05,0.00201576428008571
2022-03-04,-0.00391467685319513,0.00240013761921831,0.00630958218664816
2022-03-07,-0.0225216933283608,-0.012085755421945,-0.00608400257042932
2022-03-08,-0.0039783852175018,0.00142690607864655,0.00333810633893851
2022-03-09,0.017860412111251,0.00443457404940248,-0.00333904931483193
2022-03-10,-0.00375935839160907,-0.00262505554903883,-0.00225443151492347
2022-03-11,-0.0109019588720964,-0.00818232596560765,-0.00603140939394575
2022-03-14,-0.00862035143968575,-0.0105883288657931,-0.0117797717476813
2022-03-15,0.0156760387659813,0.00620438743691958,0.000802328444805705
2022-03-16,0.0182278564922861,0.0123085385401058,0.00798054709352817
2022-03-17,0.0103049253790939,0.00699578806893992,0.0044488879933609
2022-03-18,0.00817747503202027,0.00401457564830028,0.0018259356016421
2022-03-21,-0.000771739441643168,-0.00149077922395446,-0.00300313677189698
2022-03-22,0.00808798289453073,0.00266780591967459,-0.00085715010494671
2022-03-23,-0.00826421819114779,-0.00134298944519493,0.00292443605221582
2022-03-24,0.0122288692221295,0.00796065458096608,0.00447383779503904
2022-03-25,0.00247094729320096,-0.00114793526267454,-0.00386891913121778
2022-03-28,0.0040962067588423,-0.000428914220448045,-0.00242236078360435
2022-03-29,0.0104398771078353,0.00754342754450723,0.00583938354467212
2022-03-30,-0.00374277778152754,-9.50280479388196e-05,0.00213141865471722
2022-03-31,-0.012087927340913,-0.00713272387715642,-0.00375541963346749
2022-04-01,0.00097952213008403,-0.00180230400057035,-0.00366413610863612
2022-04-04,0.00727230458834566,0.00533092670967819,0.00376152753624781
2022-04-05,-0.01192311980958,-0.0108609091048207,-0.0104353401708575
2022-04-06,-0.00811646464064109,-0.00529213977070078,-0.00370207135656677
2022-04-07,0.00416191160971522,0.00284631296160565,0.00165612342698433
2022-04-08,-0.00201892051125052,-0.00103633775505302,-0.000947749498278474
2022-04-11,-0.0136578003022126,-0.008506308407429,-0.00555997571290128
2022-04-12,-0.00171430290928914,0.00127237592125612,0.00312083737693607
2022-04-13,0.00986266925413225,0.00747611697885272,0.00575608132744349
2022-04-14,-0.0111924350624694,-0.00930323853204843,-0.00832887687661556
2022-04-18,0.000348668946879449,0.000254866427473494,-0.000107534966225242
2022-04-19,0.0107435056135002,0.00264488860752741,-0.00232817959906712
2022-04-20,0.000677091664939944,0.00280493724758379,0.0043691408749049
2022-04-21,-0.0128707076494917,-0.00974629672417258,-0.00776149060612227
2022-04-22,-0.0228747666412956,-0.016028290797708,-0.0109535140166493
2022-04-25,0.00348338398442939,1.2038632295118e-05,-0.00108244598291152
2022-04-26,-0.022348864227914,-0.0124308268714823,-0.00556138013276487
2022-04-27,0.000936543111873143,-0.0018764050718087,-0.00365246663964629
2022-04-28,0.020602458274273,0.0136170104862156,0.00861767269378003
2022-04-29,-0.0301079250866504,-0.0198363843258817,-0.013249107761283
2022-05-02,0.00221670171978724,-0.00348777183534104,-0.0067362276279126
2022-05-03,0.00404963198045208,0.00324849156953133,0.00264079747068502
2022-05-04,0.0259914962346152,0.0192992020322575,0.0146699559629181
2022-05-05,-0.0298182640427687,-0.0212314767930398,-0.0158178545757749
2022-05-06,-0.00518007929516445,-0.00399675790455991,-0.00357591997296729
2022-05-09,-0.0263197888931297,-0.0177735954998056,-0.010981177551143
2022-05-10,0.00133783309773469,-0.000121407269153832,-0.000505061347873985
2022-05-11,-0.0112757398038117,-0.00435996388146327,0.000150473480738238
2022-05-12,-0.0020377979463136,-0.00352862241917012,-0.00359044581644756
2022-05-13,0.0177918495212034,0.00861778947535654,0.00264547501491572
2022-05-16,-0.00187322283422285,0.00140336497782284,0.00332034294265619
2022-05-17,0.0150714557110631,0.00682304684863864,0.00125960711983588
2022-05-18,-0.0314823351160275,-0.0182383716804107,-0.00907872114139564
2022-05-19,-0.00307076125328754,0.00151017631646016,0.00400891844274278
2022-05-20,0.000883482550210824,0.00155373921621627,0.00219785923413431
2022-05-23,0.0148263931489134,0.00900085228490471,0.00458128318116828
2022-05-24,-0.00449229379974192,0.000219604383551343,0.00341596065625471
2022-05-25,0.00666639884556144,0.00341407175168606,0.00164820584458434
2022-05-26,0.0157522428451257,0.00940860219910584,0.00524798504577334
2022-05-27,0.0198354166187648,0.0127645839675809,0.00809657971498173
2022-05-31,-0.00652200293059719,-0.00788864855408088,-0.00882708383471726
2022-06-01,-0.00639705112196937,-0.00385959236977881,-0.00276790596655719
2022-06-02,0.0166118610199672,0.0129644386504709,0.00999044566689289
2022-06-03,-0.0143390731565288,-0.0112303433145472,-0.00874756771765258
2022-06-06,0.00124484157736298,-0.00145536155904136,-0.00341069470488231
2022-06-07,0.00872828441507847,0.00743261820449831,0.00644431609838139
2022-06-08,-0.00916193084569279,-0.00659689237250056,-0.00502652979632838
2022-06-09,-0.0194331751697251,-0.012908293653965,-0.00844339610763224
2022-06-10,-0.0228383260685462,-0.0136023008539229,-0.00860707162712181
2022-06-13,-0.0347927852900971,-0.0300296682231486,-0.026422141999997
2022-06-14,-0.00400929364506683,-0.0055035524185236,-0.00649880234324538
2022-06-15,0.0141059425092614,0.0138804145510935,0.0137754221022518
2022-06-16,-0.0246994285793517,-0.0121043449086559,-0.00394319450006774
2022-06-17,0.000932314556304091,-0.000903036271736159,-0.00170051729110532
2022-06-21,0.0192462759385357,0.0103553024363547,0.00435536671554564
2022-06-22,0.000212078928852489,0.00324979483659982,0.00570768542704132
2022-06-23,0.00779386801984282,0.00478076293680738,0.0033608440571758
2022-06-24,0.0249807427470228,0.0147607739770974,0.00782005695335395
2022-06-27,-0.00373117588137498,-0.00359806838259155,-0.00373524529979022
2022-06-28,-0.0163818805242746,-0.0103053106525957,-0.00610723137882844
2022-06-29,7.63393869242075e-05,0.00141208304254206,0.00274304685026392
2022-06-30,-0.00633898778244779,-0.00366075946973793,-0.0011872737600212
2022-07-01,0.00945012883489843,0.00776055475620317,0.0072117372490739
2022-07-05,-0.000241854570263915,-0.00343777106222166,-0.00432384757662137
2022-07-06,0.000268100924363445,-0.00439528648903226,-0.00713675243239529
2022-07-07,0.0114243425742743,0.00609457985567142,0.00220706358143304
2022-07-08,-0.00122222198168502,-0.00182149876779608,-0.00254619909834668
2022-07-11,-0.00888671145197878,-0.005081297008348,-0.00188219726085953
2022-07-12,-0.00721624371297667,-0.00476704624157465,-0.00283108050065024
2022-07-13,-0.00329334859517735,-0.000356077553826602,0.00157727150822273
2022-07-14,-0.00390113474586056,-0.00610993075180298,-0.00715688160417671
2022-07-15,0.0154251333962602,0.00990498532933612,0.00649620608952323
2022-07-18,-0.00680315069610638,-0.00462254714851201,-0.00336197169100324
2022-07-19,0.0213953025131327,0.0129596074773956,0.00698707543108292
2022-07-20,0.00406025334510268,0.000590842491013046,-0.00130104584819465
2022-07-21,0.0106962706630989,0.0114657884568155,0.0118425899380711
2022-07-22,-0.00602784990308008,-0.00115220519942639,0.00254603651288517
2022-07-25,0.000343130266300441,-0.000964679178536487,-0.00187713353822484
2022-07-26,-0.00954488460572405,-0.00611566198197508,-0.00375096159162292
2022-07-27,0.0219936036064559,0.0160346331988531,0.0116537893758582
2022-07-28,0.0122419006359964,0.0117910983816631,0.0113760073290237
2022-07-29,0.0119822445331029,0.00808737949503617,0.00536928761127119
2022-08-01,-0.00121753182106368,0.00139819451568868,0.00315106279377667
2022-08-02,-0.00725414566966465,-0.00823958425976485,-0.00929091267074252
2022-08-03,0.0131841932478053,0.00947150485087876,0.00708092396239678
2022-08-04,0.00162039415895503,0.00506430659839808,0.0067866653423816
2022-08-05,-0.003922832809257,-0.00727212464652786,-0.00966580701221986
2022-08-08,0.000507051508701915,0.0030092339049439,0.00454830753047011
2022-08-09,-0.00316827474691157,-0.00196435481706425,-0.00146347755664316
2022-08-10,0.0166095715642611,0.0100182723678491,0.00577854535599578
2022-08-11,-0.000927640766265858,-0.00231910191566464,-0.00344674099729363
2022-08-12,0.014860116164011,0.01175666981312,0.00942632940211837
2022-08-15,0.00232832183403438,-0.000360425020487267,-0.00135038681787739
2022-08-16,0.00127665570717795,0.000253371530703843,-0.000399018454513923
2022-08-17,-0.00699922464593085,-0.00685092014414171,-0.00676559151232857
2022-08-18,0.00225737460034382,0.00128382204720681,0.000862552026616324
2022-08-19,-0.0123434551115791,-0.0107016214626867,-0.00967152633343471
2022-08-22,-0.0177609235678261,-0.0131683997807811,-0.00999441866852853
2022-08-23,-0.00148133625837196,-7.45059235971175e-05,0.000391314687867617
2022-08-24,0.00252175014061524,0.00150271120450213,0.0005088912075069
2022-08-25,0.0122412131511556,0.00942650037149203,0.00771727771195884
2022-08-26,-0.0284122107101567,-0.0202567181218317,-0.0142708755802343
2022-08-29,-0.00579661689642281,-0.00457345202098353,-0.00407331691572526
2022-08-30,-0.0096459639668757,-0.00764808008878561,-0.00591392697736114
2022-08-31,-0.00727413331292264,-0.00677170485911871,-0.00625765348794256
2022-09-01,0.000836288849442947,-0.00261606878985834,-0.0048756241582303
2022-09-02,-0.00699477610916667,-0.00167040916621882,0.00171905145516741
2022-09-06,-0.00471668021930165,-0.00613194136360501,-0.00734057359332846
2022-09-07,0.0160427659225621,0.0131594186214829,0.0110557071794159
2022-09-08,0.00425888892644454,0.000843019786177375,-0.00131900657910873
2022-09-09,0.0129665410056567,0.00911357988292373,0.00628576127875871
2022-09-12,0.00886440246333812,0.00603916451870854,0.00378189739485152
2022-09-13,-0.0366503250683614,-0.0264019089013158,-0.019200618992457
2022-09-14,0.00271845637011822,0.00107242608176494,0.000192738127867708
2022-09-15,-0.0112941411028561,-0.0112055282362793,-0.0103843226847582
2022-09-16,-0.00546713238002658,-0.00222432483482299,-0.000299328417434142
2022-09-19,0.00599716813350567,0.00336053819724755,0.00142239169013065
2022-09-20,-0.0103735401671364,-0.00871578513068539,-0.00763524238592576
2022-09-21,-0.0130917213007729,-0.00656402122234417,-0.00224497064680227
2022-09-22,-0.00828509337394085,-0.00811289440772889,-0.0087229169830713
2022-09-23,-0.0150074314505855,-0.0123864195862726,-0.00971320195075943
2022-09-26,-0.0107404684377193,-0.0120118711834678,-0.0131092386873174
2022-09-27,-0.00251978320682451,-0.0024706311653237,-0.00288171842194103
2022-09-28,0.0200723744150188,0.0206662413295645,0.021149089324485
2022-09-29,-0.0171960512382481,-0.0116564917016198,-0.0081864484213979
2022-09-30,-0.0126241579356903,-0.00836504404671026,-0.00565874912124997
2022-10-03,0.0247387806065909,0.0222450823437071,0.0199605301241972
2022-10-04,0.0264283148377478,0.0195910019716253,0.0144195292413742
2022-10-05,-0.00336333828798694,-0.00491626355989977,-0.00614816767159634
2022-10-06,-0.0089161224509032,-0.00681652510190469,-0.00563588398337323
2022-10-07,-0.0239025677692026,-0.0179155948690142,-0.0136217251465276
2022-10-10,-0.0082165076330164,-0.00908824893914324,-0.00920337728972119
2022-10-11,-0.00501864455119955,-0.0030471587417509,-0.00150316061970007
2022-10-12,-0.00177723002650551,0.00050467263444959,0.00192179259778485
2022-10-13,0.0200003875012935,0.0104143235836831,0.00415972256734097
2022-10-14,-0.0200357623864747,-0.0159064718339015,-0.0128101537569662
2022-10-17,0.0209511790168032,0.0138325892151947,0.00899606906813544
2022-10-18,0.00986894770846795,0.00704817885614073,0.00518725902001453
2022-10-19,-0.00805524441180349,-0.00950846680208093,-0.0103304963303859
2022-10-20,-0.00761405179889296,-0.00645728356448549,-0.00598081735639776
2022-10-21,0.0214499893836458,0.0171726337842694,0.0135426695526859
2022-10-24,0.00933589541248048,0.0049852058370649,0.00218251117763898
2022-10-25,0.0142497769796251,0.0116714648911527,0.0104622235590069
2022-10-26,-0.00488138165131593,-0.000902051402096205,0.0016874911366723
2022-10-27,-0.00371897045413477,-0.00128756201974297,0.000764707868105943
2022-10-28,0.0174974917034024,0.00805764710197367,0.00201794338863717
2022-10-31,-0.00704827894958975,-0.00678564481737026,-0.0064292075574418
2022-11-01,-0.00249833395908452,0.000317924258472379,0.00167625555657973
2022-11-02,-0.0209440537527234,-0.0147159659294296,-0.010300234496332
2022-11-03,-0.00905420768157852,-0.00719000490500174,-0.00597489947687331
2022-11-04,0.014370540234386,0.0143365575585621,0.0126722654494173
2022-11-07,0.00690297447363183,0.00290905314415765,0.000267929651449527
2022-11-08,0.00729226202485897,0.0101375097802018,0.0112123931409689
2022-11-09,-0.0166418566225644,-0.0107016124218781,-0.00631984356138073
2022-11-10,0.0492516889652977,0.0406981319978795,0.0345955423459726
2022-11-11,0.00819530121178945,0.00597064788496568,0.00405320249391541
2022-11-14,-0.00682625543794271,-0.00430574390453492,-0.00285465758332017
2022-11-15,0.00791669893290208,0.00699825739433435,0.00658102840501072
2022-11-16,-0.00559610152897881,-0.00254740003647582,-3.19452619427307e-05
2022-11-17,-0.00385417823727188,-0.00504548736109506,-0.00581605134105887
2022-11-18,0.00259055161504577,-0.000334295257227195,-0.00211573352629438
2022-11-21,-0.00353028865560687,-0.00337157568622454,-0.00301747715195422
2022-11-22,0.0114553800031502,0.00845310289456485,0.00667914319689653
2022-11-23,0.00620268914417342,0.0060542149949393,0.00591272394270925
2022-11-25,-0.000123933912070584,2.56066714198475e-05,6.69374298589818e-05
2022-11-28,-0.0135147488010413,-0.00985133599812984,-0.00699327604566111
2022-11-29,-0.00130223726550511,-0.000678907087876988,-0.000721398523778304
2022-11-30,0.0273780439629916,0.0211940847297665,0.0168820018146435
2022-12-01,0.0023420002956533,0.00695883021118942,0.00966359153397744
2022-12-02,-0.00106533156747446,-0.00093294628058793,-0.000570351530884936
2022-12-05,-0.0171206591868375,-0.0158177641215484,-0.0145979060823819
2022-12-06,-0.0106438149391405,-0.0049874387758302,-0.00104627327380312
2022-12-07,0.000417838342949259,0.00359664414653116,0.00570140322626607
2022-12-08,0.00578659529319099,0.00271538024103757,0.000343402732778462
2022-12-09,-0.0063622443488201,-0.00470031938822521,-0.00413982987091711
2022-12-12,0.010564811069716,0.00478588485116263,0.00127475494311736
2022-12-13,0.00866439691615666,0.0103066072187797,0.0109976633223135
2022-12-14,-0.00508415254070066,-0.00312026425258075,-0.00155241497593544
2022-12-15,-0.0210108205579188,-0.0158342376873582,-0.0114679114632359
2022-12-16,-0.00882695847418539,-0.00435817170356047,-0.00194087206619932
2022-12-19,-0.00787671714742756,-0.00697243520665988,-0.00663432737432436
2022-12-20,0.0020283756655211,0.00301813100802574,0.00248529194397568
2022-12-21,0.0119197398279016,0.0073710381761468,0.00448315864205943
2022-12-22,-0.0126521510584968,-0.0102315030087374,-0.00802891075548276
2022-12-23,0.00444887843310223,0.00249398033434247,0.000814464514906275
2022-12-27,-0.00314902778681274,-0.00195728643614518,-0.00200289842852467
2022-12-28,-0.010632554169683,-0.00793971409734566,-0.00603907138477281
2022-12-29,0.0154511373414083,0.0116273453820846,0.00904376146398358
2022-12-30,-0.00205526295514936,-0.00118709360895888,-0.0010501954128753
2023-01-03,-0.00174786868844454,0.00194535175670157,0.00438050498347987
2023-01-04,0.00788400349381528,0.00812961968963832,0.00820607122589811
2023-01-05,-0.0105198209010166,-0.00917944576758208,-0.00773526488052618
2023-01-06,0.0215033700289871,0.0193602859408253,0.0176396614439174
2023-01-09,2.51321291246496e-05,0.000913188943401088,0.00152004342511329
2023-01-10,0.00534904783916764,0.00285375803815321,0.00069212121310602
2023-01-11,0.0106925944476498,0.00775932738887215,0.00615955030561216
2023-01-12,0.00496168807458927,0.00694277162830198,0.0081311516558097
2023-01-13,0.00377102624368866,0.00360869508094398,0.00263411022079027
2023-01-17,-0.0024330073314302,-0.00333500815108115,-0.0037656684814286
2023-01-18,-0.011559774044029,-0.00521721230522097,-0.000166290175206443
2023-01-19,-0.00442701683315572,-0.000147712717496155,0.00181675076932179
2023-01-20,0.0139086637407371,0.00682791110781545,0.00194361558014118
2023-01-23,0.00946581600965909,0.00566672710381002,0.00287784901632608
2023-01-24,7.99745597154051e-05,0.00180959433099021,0.00307005205713659
2023-01-25,0.000870715471075356,0.00161492107703226,0.00193618856304007
2023-01-26,0.00752500815398966,0.00232706407456624,-0.00086632289644752
2023-01-27,0.00154753642116064,0.000422392335572565,-0.000333689455946528
2023-01-30,-0.0106071397183404,-0.00769770381896043,-0.0057862727576817
2023-01-31,0.0126328844385947,0.00952703724240824,0.00752791381562737
2023-02-01,0.0104811180543894,0.0102611648824584,0.00984430562678094
2023-02-02,0.00953027614010575,0.00199018426363998,-0.00201901355347075
2023-02-03,-0.01207265454373,-0.0142379027530373,-0.0149702895068969
2023-02-06,-0.00554354627926278,-0.00469185426285287,-0.00465883732934193
2023-02-07,0.0103094205715396,0.00615559364271071,0.00321758799548295
2023-02-08,-0.00813143574201619,-0.00392655303396121,-0.00106229882605417
2023-02-09,-0.00817620109070858,-0.00743662590144195,-0.00677273401640173
2023-02-10,0.00157520986765314,0.000437606031165937,-0.000657355994901976
2023-02-13,0.00912079460117609,0.00519342349640291,0.00294757362005053
2023-02-14,-0.000745518253720034,-0.00117337647156188,-0.0017226365239117
2023-02-15,0.0013017048306518,-0.00161688673715654,-0.00321426832536514
2023-02-16,-0.0114285530908821,-0.00791842195274179,-0.00570323117839338
2023-02-17,-0.0014191557821638,0.000199630482162985,0.00126990301702388
2023-02-21,-0.0175114858324868,-0.0136874710807447,-0.0114958387676444
2023-02-22,-0.00148698027023378,-0.00165002360586138,-0.00138824655419872
2023-02-23,0.00458975966508121,0.00349533033483376,0.00298588403781256
2023-02-24,-0.00987005878648908,-0.00865175637072016,-0.00778221241901442
2023-02-27,0.00342091403199316,0.00344360993351161,0.00341485068873573
2023-02-28,-0.00234432648262956,-0.000316859224136378,0.00088541401592267
2023-03-01,-0.00329085672134878,-0.0024734268792391,-0.00261679309543895
2023-03-02,0.00575183242693362,0.00271364693050569,0.000511746740988105
2023-03-03,0.0147076074493637,0.0127122671845131,0.0112484017869945
2023-03-06,-0.00012892688187699,-0.00136124015246422,-0.00201990882851833
2023-03-07,-0.0140005505804879,-0.012008242008183,-0.00980076100262763
2023-03-08,0.00122672697743907,0.000618539806513577,0.000221016188833088
2023-03-09,-0.0131536909435683,-0.00520954734280701,-9.53140154802113e-05
2023-03-10,-0.0075458977390311,0.0027797894948274,0.00950622212151657
2023-03-13,0.00236723699581551,0.00805551036896278,0.0113064680255712
2023-03-14,0.0117008292090067,0.00445714234051644,-0.000554442674551954
2023-03-15,-0.00277811514384352,0.00243620548026796,0.00624467989801412
2023-03-16,0.0133389436161074,0.00702984580165509,0.00227323966895248
2023-03-17,-0.00525960759639698,0.00438990234322705,0.00995812939282091
2023-03-20,0.00732767404896429,0.00389563436913143,0.00138707796594002
2023-03-21,0.00774691416911216,-0.000328357390644845,-0.00520307451554593
2023-03-22,-0.0106186991798407,-0.000977226617418899,0.00525755019971061
2023-03-23,0.00399047266115142,0.0059212957604377,0.0068686269773241
2023-03-24,0.00415460007678117,0.000543155015360367,-0.00128683200959233
2023-03-27,-0.000661246101370736,-0.00445763903250187,-0.00714139150655413
2023-03-28,-0.00103762015393451,0.000772848086952409,0.00153994710399591
2023-03-29,0.0109593707599626,0.00559620373762563,0.00218259526009365
2023-03-30,0.00574062107868268,0.00556859740365518,0.00507814642658151
2023-03-31,0.011302153574239,0.00711355062136519,0.00485562783633286
2023-04-03,0.00423996080428737,0.00488410796258337,0.00518886702661965
2023-04-04,-0.00193048299833934,0.00349598700609039,0.00650354814768055
2023-04-05,-0.00175451720411558,-0.0004589350862044,0.00065461564796747
2023-04-06,0.00243709643487141,0.000241558316376872,-0.000850491844183432
2023-04-10,-0.00090406299749922,-0.00379992499757517,-0.00585314717602223
2023-04-11,0.000806650264911868,0.00161387459844031,0.00181589337916104
2023-04-12,-0.00248060433225687,-8.76771193971651e-05,0.00140914729271843
2023-04-13,0.0116468910774359,0.00919319892412414,0.00671620809955382
2023-04-14,-0.00421815795766489,-0.00688130338973947,-0.00801769028541694
2023-04-17,0.00178831928802407,-0.000911471981254377,-0.00280706971214048
2023-04-18,0.00107267079124525,0.00170325901965879,0.00201099705157997
2023-04-19,-0.000826420290253726,-0.0018124755996391,-0.00233758389613662
2023-04-20,-0.00339157506685228,-0.000293324822052852,0.00186539197983672
2023-04-21,-0.000610117896316365,-0.0026907394607624,-0.00370489778373367
2023-04-24,0.00162543802501152,0.00249883471048301,0.00317261520670926
2023-04-25,-0.0112010389804969,-0.00419181650199063,0.000721388766780698
2023-04-26,-0.00432214889200276,-0.00445188365086904,-0.00446144568414388
2023-04-27,0.0152795452986819,0.00833666362626334,0.00337918522260888
2023-04-28,0.00760276865128446,0.00620419757794255,0.00563207618999535
2023-05-01,-0.00243380069915471,-0.00457014319041777,-0.00635830773629755
2023-05-02,-0.00575998370179281,0.00245913928101112,0.00762465827045438
2023-05-03,-0.00399065700610324,0.000319265952792525,0.00309488742973949
2023-05-04,-0.00498289436281399,-0.00183297962906892,-9.4643992099375e-05
2023-05-05,0.0127063499395268,0.0039972860956537,-0.00129574345004802
2023-05-08,-0.000275849700825725,-0.00108965819154416,-0.00199948831057715
2023-05-09,-0.00292092051555051,-0.000724016118673952,0.000325719697305927
2023-05-10,0.00434284592256545,0.00384851171834047,0.00396426200437917
2023-05-11,-0.00188215808812332,-0.0020897377471111,-0.0016134190122036
2023-05-12,-0.00181883592092187,-0.00258166018718664,-0.00330450507016174
2023-05-15,0.00275294718605612,0.00170738920779867,0.000792703610001922
2023-05-16,-0.00691867654271004,-0.00727233516045841,-0.00704434481158209
2023-05-17,0.00904170393307639,0.00439544723599488,0.00130930027172754
2023-05-18,0.00579060362570658,2.68439166122227e-05,-0.0034763136546603
2023-05-19,-0.000551778597240516,0.00080323603082949,0.00102285557818275
2023-05-22,-9.35361202227704e-05,-0.000843145696192566,-0.0013179851208991
2023-05-23,-0.00869398051165487,-0.00490077915009253,-0.00234992904539061
2023-05-24,-0.00685874996862668,-0.00627973294460401,-0.00561834705067025
2023-05-25,0.00533938732509843,0.000358950663179175,-0.00279371544625624
2023-05-26,0.010946264596204,0.0079394487016263,0.0058281569266239
2023-05-30,0.00170781835337777,0.00369817335716305,0.00510756440806674
2023-05-31,-0.00390355418237798,-0.00144108041787078,0.000313052944618222
2023-06-01,0.00866862472540761,0.00742007968670067,0.00633182042180076
2023-06-02,0.0092991727920278,0.00155602683148235,-0.00326624705163001
2023-06-05,-0.000961837925661191,0.000469892857164061,0.00110794952706741
2023-06-06,0.00191346105693888,0.00151738779207195,0.00122926154834602
2023-06-07,-0.00469658437451168,-0.0065548650675542,-0.00755786447750541
2023-06-08,0.00683260324626549,0.00800868509134461,0.00846849776172083
2023-06-09,0.000807249827639532,-0.000673335454849545,-0.00170603803574335
2023-06-12,0.00733452143637031,0.00472871862226745,0.00311797454306789
2023-06-13,0.00382701736204828,-0.000321925409908138,-0.00307481439946799
2023-06-14,0.00114289193107984,0.00107095139180608,0.00106270331143901
2023-06-15,0.0113981500663205,0.00989880646008772,0.00893617593175275
2023-06-16,-0.00331068219855205,-0.00316723485502338,-0.00321049729247756
2023-06-20,-0.00488615063797102,-0.00443330675990965,-0.00346419357821908
2023-06-21,-0.0041510909074767,-0.00269199126852571,-0.00160063174483697
2023-06-22,0.00133048989588847,-0.00208826543410606,-0.00415435676108003
2023-06-23,-0.00535858948960937,-0.00205651707089999,0.000213833621168079
2023-06-26,-0.00284742585395847,-0.000989946357885853,0.000284998112815448
2023-06-27,0.00796204531187648,0.00346000544277531,0.000513659684540916
2023-06-28,0.000574775495996062,0.000680461087701342,0.00106731950802152
2023-06-29,0.00201910299143746,-0.000864281648723435,-0.00324635387892561
2023-06-30,0.0103248579337965,0.0081109326251203,0.00641075578020069
2023-07-03,0.00059880401558786,-0.00022870937786443,-0.00105336247129775
2023-07-05,-0.00202222167806077,-0.00282466074564275,-0.00342282280539132
2023-07-06,-0.00737935751099783,-0.00670244802270925,-0.00651058157225048
2023-07-07,-0.00139639200349036,0.000296094395448338,0.000986009427231726
2023-07-10,0.00262129628870147,0.00275658082857755,0.00306660646344019
2023-07-11,0.00568001258354043,0.00464707914265661,0.00387624793349508
2023-07-12,0.00876679339162043,0.00984840775614954,0.0103804517481076
2023-07-13,0.0072525420017818,0.00622594121228726,0.00592156468410712
2023-07-14,-0.00131158417826374,-0.00234502903826095,-0.00312207116676755
2023-07-17,0.00301515774287078,0.00232966284853015,0.00191972771480313
2023-07-18,0.00720377530065913,0.0068637262836302,0.00612109691717708
2023-07-19,0.0021362280021054,0.00200490648540325,0.0020796268911915
2023-07-20,-0.00660676119634527,-0.00656501687496197,-0.00668039271304186
2023-07-21,-0.000223409014094511,-0.000558522535236277,-0.000587182734418411
2023-07-24,0.00290728401320567,0.00056712252167726,-0.000898152469760206
2023-07-25,0.00255374627827464,0.00228924999191985,0.00174097542157039
2023-07-26,0.000954520057714615,0.00215570163709955,0.00288434494775809
2023-07-27,-0.00796484519224083,-0.00996710407437544,-0.0110611661498963
2023-07-28,0.00895565084130183,0.00770365450356891,0.00663255063245214
2023-07-31,0.00191812581911983,0.00193928420075251,0.0018814035566272
2023-08-01,-0.00390998191356987,-0.00548264171779641,-0.00630498776570322
2023-08-02,-0.0118053118614451,-0.00864712075364161,-0.00640344668287525
2023-08-03,-0.0030647969133787,-0.003363388609295,-0.00391513917561308
2023-08-04,-0.00219311974666157,0.00130172968688174,0.0039822357556626
2023-08-07,0.00651337878342194,0.00319051488893093,0.00096805276089248
2023-08-08,-0.00360676751143604,-0.00249397679186627,-0.001181940851949
2023-08-09,-0.00576106940911126,-0.00437481025009679,-0.00318125460481684
2023-08-10,-0.000585193262372174,-0.0020014019907795,-0.00327485568259495
2023-08-11,-0.000994914232974986,-0.00161256263118018,-0.00228852589280252
2023-08-14,0.00395263460189913,0.00160153877634664,0.000106504987622079
2023-08-15,-0.0097760808228181,-0.0069669041890612,-0.00505716664552975
2023-08-16,-0.00683180583251772,-0.00607252522509552,-0.00546944096634331
2023-08-17,-0.00637828509169442,-0.00451552182970741,-0.00326098405211763
2023-08-18,0.000702240230061313,0.00103354877049738,0.00139588127487871
2023-08-21,0.00485906873516237,0.00238832176491249,0.000294431109234615
2023-08-22,-0.00195890934588238,-0.000834410952660457,-0.000145725715340006
2023-08-23,0.0110120550531139,0.0108234070802333,0.0107320770759941
2023-08-24,-0.011481856906334,-0.00791596530592914,-0.00571350347110741
2023-08-25,0.00547855900437765,0.00312164450142951,0.00159904216806015
2023-08-28,0.005637666011326,0.00458219884997918,0.00387372743352956
2023-08-29,0.0132538014278037,0.0114523095575458,0.0101194881112593
2023-08-30,0.00353477627558276,0.00265857789495416,0.00194408288783105
2023-08-31,-0.00113638640409134,-0.000645680949979383,-0.000134955251378121
2023-09-01,0.000930885628052601,-0.000470612298218182,-0.00173558087619519
2023-09-05,-0.00488017334244432,-0.00571762375556692,-0.00617109290300752
2023-09-06,-0.00608832159067327,-0.005137098555959,-0.00440469802994657
2023-09-07,-0.00200584873875298,-0.000409319418923748,0.000773344752565951
2023-09-08,0.00125996005997742,0.0008907630831263,0.000638472538100698
2023-09-11,0.00527555894754898,0.00332385240938962,0.00184450453583547
2023-09-12,-0.00476489567658287,-0.00368378535449765,-0.00263557349623575
2023-09-13,0.00081940006223619,0.000299580593561085,0.00012735674799872
2023-09-14,0.00672436591146466,0.00387731642089012,0.00184168440330521
2023-09-15,-0.00928883674428704,-0.00514964675418395,-0.0028756680944722
2023-09-18,0.00115465142490263,0.0020068976519037,0.00232902784607423
2023-09-19,-0.00211885193302048,-0.00218607682243921,-0.00236594067174008
2023-09-20,-0.00735743830708915,-0.00460382332895981,-0.00284206578466092
2023-09-21,-0.0146912343421374,-0.0119356219334809,-0.0101079990771376
2023-09-22,-0.00108777187422404,0.000653413748413603,0.00184961281038116
2023-09-25,0.00211351964501257,-0.00102404528760899,-0.0032260283675466
2023-09-26,-0.0125849006110912,-0.0094251842207537,-0.00693550706149932
2023-09-27,-0.0013643755993473,-0.00400953572263624,-0.00537812460817106
2023-09-28,0.0044120486684537,0.00233386802589328,0.00133515637734064
2023-09-29,-0.00294719620003495,-0.00372767229249323,-0.00372330129853634
2023-10-02,-0.00217912346042233,-0.00485134193472303,-0.00651345429171801
2023-10-03,-0.0118255341419553,-0.00948456365132233,-0.00819338707620359
2023-10-04,0.00644819796374805,0.00519735293384044,0.00468654302043889
2023-10-05,-0.000296799722995745,-0.000176714364436672,8.89640114648619e-05
2023-10-06,0.00942862383408605,0.00576232033567063,0.00276799109178086
2023-10-09,0.00823703690255156,0.0109893441454957,0.0125433231842715
2023-10-10,0.0037987713942367,0.00168962914576637,0.00026878310948426
2023-10-11,0.00455655217102364,0.00524691640097813,0.00561660697219877
2023-10-12,-0.00614349321600925,-0.0062139491614526,-0.00658909229280953
2023-10-13,-0.000130128984213386,0.00714595930670902,0.0107091361619415
2023-10-16,0.00733886981664344,0.00256487949543005,-0.000670465003669907
2023-10-17,-0.000832553361955301,-0.00201249923102545,-0.00338246475518874
2023-10-18,-0.00968065984660867,-0.00421403200709808,-0.00152699368874191
2023-10-19,-0.00629381418651315,-0.00255513422373374,-0.000922482614170053
2023-10-20,-0.00897289137324151,-0.00399989472516766,-0.000528810067039496
2023-10-23,-0.00125473946573766,-0.000537181487524462,0.000344771718221248
2023-10-24,0.00619849237476809,0.00418722465446167,0.00294082377498262
2023-10-25,-0.0119380537118981,-0.00831698298804415,-0.00655200471450439
2023-10-26,-0.00866008564277176,-0.00368818964663275,-7.16071928970128e-05
2023-10-27,-0.00230764590342739,0.00103015052317222,0.00275168262182165
2023-10-30,0.00866754710150257,0.00373514123923218,0.000562371846393776
2023-10-31,0.00426698857811721,0.00124699422475283,-0.000599312056577272
2023-11-01,0.00936843379631317,0.00742404533280033,0.00686119043166912
2023-11-02,0.0162835534022706,0.0119623819954395,0.00922523672677563
2023-11-03,0.00843250931542736,0.0073960648050489,0.00690807539855771
2023-11-06,0.000482685930207325,-0.00224395322059906,-0.00396129179574484
2023-11-07,0.00243300700331023,0.00181368751874875,0.00189346978459811
2023-11-08,-7.01281205549645e-06,-0.00111613697623722,-0.00115525641945685
2023-11-09,-0.00682979445651029,-0.00537659870597701,-0.00510155896112604
2023-11-10,0.011502608122023,0.00534939670172929,0.00184763540811526
2023-11-13,-0.000260307149584771,0.00077897401576979,0.00116586700868194
2023-11-14,0.0179158269703306,0.0156885174045283,0.0145093601295776
2023-11-15,0.000651747738213955,-0.00154630878112575,-0.00326909327797436
2023-11-16,0.00285892800819552,0.00531267031510907,0.00676011488456226
2023-11-17,0.00104897444055056,0.000756775940616792,0.00059984501947432
2023-11-20,0.00613524840445706,0.00379170381265506,0.00238125844916758
2023-11-21,-0.000534188740048378,0.00193358128679189,0.00310362437454948
2023-11-22,0.0026300209627908,0.000783992345309597,-0.000249740341665017
2023-11-24,0.000495016652719249,0.000314323745042033,-0.000324980994982238
2023-11-27,-8.38375138167589e-06,0.00268050177969332,0.00451550811324102
2023-11-28,0.0025662882891061,0.00493058239353777,0.00606070042387727
2023-11-29,0.000110032414663474,0.00133001023016743,0.00233171544702432
2023-11-30,0.00224301374128738,-0.000298388495834442,-0.00202926750549905
2023-12-01,0.00740335990123877,0.00963453799812864,0.0107301574710878
2023-12-04,-0.00677567343373691,-0.00906492673038217,-0.00971778783763234
2023-12-05,0.000169229578753604,0.000718622925491685,0.00162625759953753
2023-12-06,-0.00244155028860347,-5.93389456808901e-05,0.00155121374430335
2023-12-07,0.00612156838059552,0.00385819904456985,0.00219284506063129
2023-12-08,0.00146017682715063,-0.00279824471688749,-0.00529271469712287
2023-12-11,0.00201790970423872,-0.000789410154265377,-0.00210349486857618
2023-12-12,0.00381227791891007,0.00267969278664812,0.00205830533371269
2023-12-13,0.0147751347446714,0.0162527763287251,0.0168531686016916
2023-12-14,0.0039850156586374,0.0051484147438886,0.00604650015773957
2023-12-15,-0.0023171928996706,-0.00332313206440754,-0.00357707673094337
2023-12-18,0.00473589566339393,0.00340204091136112,0.00217615065734547
2023-12-19,0.00573397690036077,0.00521374101568517,0.00462019115548831
2023-12-20,-0.0111405625621939,-0.00706562995456784,-0.00383181748339306
2023-12-21,0.00813701099515266,0.0061196931386551,0.00434350069326
2023-12-22,0.00195778082452952,0.00187984210882566,0.00155943568106063
2023-12-26,0.00420241399335733,0.00417232157429059,0.00380240339072284
2023-12-27,0.00267951655596992,0.00398658794786922,0.00502068867993053
2023-12-28,-0.000660936284370473,-0.00221863769916403,-0.00315704221564447
2023-12-29,-0.00272088473476953,-0.00246003638656769,-0.00233198229985561
2024-01-02,-0.00508600436728917,-0.00432043362376744,-0.00387911037812818
2024-01-03,-0.00712761453590855,-0.00556884739254787,-0.00399307855191477
2024-01-04,-0.00307887185901206,-0.00286564037374088,-0.00307497279604799
2024-01-05,0.000745796301989574,-0.000190067974408154,-0.00100480720980229
2024-01-08,0.0109748086954789,0.00602308483375798,0.00328058387878197
2024-01-09,-0.00122363333924046,-0.00078329262240298,-0.000526606966286724
2024-01-10,0.00413874254477754,0.00186352076113102,0.00038265939475671
2024-01-11,0.000379057856615961,0.00160863351326507,0.00259681251596555
2024-01-12,0.00180440874826593,0.00347214928128054,0.00422974113936576
2024-01-16,-0.00469625482450593,-0.00623401232377402,-0.00719005994897678
2024-01-17,-0.00587327425234724,-0.00634527564161721,-0.00627154263330875
2024-01-18,0.00771681377871429,0.00595283671810931,0.00425485129609205
2024-01-19,0.0102823059917853,0.00700661736608691,0.00467866599058469
2024-01-22,0.00161908888301968,0.0008762967560669,0.000722728705177876
2024-01-23,0.00247100807527236,0.00180285487479132,0.00103643270582536
2024-01-24,-0.000234328637814204,-0.00222567348789632,-0.00328300582445695
2024-01-25,0.00518101657089922,0.004794117221881,0.00455411415175695
2024-01-26,-0.0012645433980671,-0.00125564558428676,-0.00130432597908048
2024-01-29,0.00764163537912532,0.00722496241766923,0.00689438264709727
2024-01-30,-0.000344705882765651,0.000298555871818705,0.000726410298466271
2024-01-31,-0.0122916861787913,-0.00625345511166113,-0.0017727066092078
2024-02-01,0.0121299025916611,0.0106926735285231,0.00952418273853806
2024-02-02,0.00617518536955976,-0.000353075971702003,-0.0048832712670546
2024-02-05,-0.00443755239730681,-0.00563213478347763,-0.00663943478040684
2024-02-06,0.00338409303499267,0.00410517793562709,0.00459413050064994
2024-02-07,0.00646708719227785,0.00365722409103578,0.00170791369882516
2024-02-08,-6.32173900094177e-05,-0.000820666309387902,-0.00144375566813149
2024-02-09,0.00405633254661447,0.00147173352319971,-0.000147310436409365
2024-02-12,-0.000517123893172178,-0.000634379203826695,-0.000534332933609559
2024-02-13,-0.0134968587517321,-0.0130826097494524,-0.0126667942028629
2024-02-14,0.00758461087595968,0.0053301165183123,0.00404399410663484
2024-02-15,0.00646910360724695,0.00582315316976517,0.00519479520321553
2024-02-16,-0.00405320825225514,-0.00266304725142378,-0.00213714143072053
2024-02-20,-0.00362717802196904,-0.000809905665531133,0.000850409724304887
2024-02-21,0.000410495106294873,-0.000332503342478918,-0.000990250307317187
2024-02-22,0.0166097897375253,0.0104811676792995,0.00637942720280543
2024-02-23,0.00157623061225653,0.00290606008690958,0.00373970613425007
2024-02-26,-0.00330156297127955,-0.00276007841915305,-0.00236218018094109
2024-02-27,0.00115620668904698,0.00010399016478338,-0.000656189616507519
2024-02-28,-0.000513505230577341,0.000698614470180712,0.00159772655193103
2024-02-29,0.00359307154313266,0.00359024020146681,0.0034318780952949
2024-03-01,0.00985816335085503,0.0105630875239619,0.010315753969842
2024-03-04,0.000537140700979859,0.00295144387283265,0.00364100789294392
2024-03-05,-0.00677749454560739,-0.00195259270545567,0.00127088539101823
2024-03-06,0.00511800362165229,0.00519418532087829,0.00495554841411132
2024-03-07,0.00867788830779881,0.00680519542994334,0.00535675323958644
2024-03-08,-0.00388293813319982,-0.000704050675900904,0.00102936235077043
2024-03-11,-0.000630310989270067,-0.000286172364413918,-0.000211509426185565
2024-03-12,0.00710178745320806,0.00161841791114824,-0.001695152186483
2024-03-13,-0.000775088316389269,0.000413720628511168,0.000745026433555285
2024-03-14,-0.00273965001353961,-0.0038838539302069,-0.00480822863130568
2024-03-15,-0.00598310889018908,-0.00465814527486736,-0.00370038279233857
2024-03-18,0.00479719868484395,0.00307845439934986,0.00179378457625045
2024-03-19,0.00461934262279902,0.00321265622078287,0.00247666379189304
2024-03-20,0.00882518572854807,0.00818895918925362,0.00728648034561835
2024-03-21,0.00255057916086394,0.00141929505781491,0.00072235142896293
2024-03-22,-0.00182961902467245,-0.00173027186563335,-0.00101841285375706
2024-03-25,-0.00215539947581679,-0.001244191712264,-0.000928711744443355
2024-03-26,-0.0010055491618394,0.000256412450067742,0.00101029224314032
2024-03-27,0.00782847288911648,0.00696551209795759,0.00621886329732322
2024-03-28,0.00104211782740238,0.00289201297255355,0.00343279107666112
2024-04-01,-0.0012759147192919,-0.000579962247143705,-0.001078806016888
2024-04-02,-0.00382296439258917,-2.04668661823175e-05,0.00166899833677501
2024-04-03,0.00187382362241,0.00303692345965173,0.00343262819600796
2024-04-04,-0.00999589235489183,-0.00668060775988573,-0.00401246085104085
2024-04-05,0.00940757682129897,0.00784880113490798,0.00562328176500281
2024-04-08,0.000844896844791288,0.00127316539484387,0.00113452385608155
2024-04-09,0.00187332010408104,0.00294805053074243,0.0035887587733978
2024-04-10,-0.0102858890562348,-0.0106951049042829,-0.0111592429828569
2024-04-11,0.00783960815715093,0.008278720325291,0.0075291944442543
2024-04-12,-0.0119530804831786,-0.00917804372138493,-0.00645938496474326
2024-04-15,-0.0087896464962622,-0.00318205621209625,-0.000699185449230827
2024-04-16,-0.00172928925854565,-0.00158759997859731,-0.00175048710453373
2024-04-17,-0.00483660666057731,-0.00321406386670694,-0.00144652598327657
2024-04-18,-0.00165272026116433,-0.00104521069920774,-0.000985019414250812
2024-04-19,-0.00653856815901554,-0.00325386149882578,-0.00115514561260759
2024-04-22,0.00490787186973827,-0.00154384752543444,-0.00460441605275634
2024-04-23,0.009378371971035,0.00564573277734434,0.00334563971091172
2024-04-24,-0.000870588718076348,-0.00146437537368132,-0.00191962605180035
2024-04-25,-0.00282490517302249,-0.00136389916640442,-0.000879130882848844
2024-04-26,0.00817731156275057,0.00623244976892962,0.00491078384894983
2024-04-29,0.00303456640827145,0.00227399430439365,0.00207070545203748
2024-04-30,-0.0151348714709667,-0.0140751730772155,-0.0126059005056886
2024-05-01,-0.00129543666849172,0.00163204164748293,0.00332859584299811
2024-05-02,0.00764383122865609,0.00507946898834552,0.00375915609770473
2024-05-03,0.0103910967652594,0.00738488978048395,0.00569796893487561
2024-05-06,0.00939973439392229,0.00800923476932323,0.00659957245664971
2024-05-07,0.000682180923402107,5.01221380930774e-05,-1.15486592067171e-05
2024-05-08,-0.000497011402486148,-0.00138751398529885,-0.00197424468255576
2024-05-09,0.00649008822458807,0.00758223750381797,0.00767272485746498
2024-05-10,0.00151845800780538,0.0018639895131777,0.00152708004183524
2024-05-13,-0.000893949534029467,-0.00243617745909571,-0.00284477475811462
2024-05-14,0.00480820801176296,0.00513840817326,0.0050812112798857
2024-05-15,0.0119439744063954,0.0112853931924697,0.0105812397824232
2024-05-16,-0.00222761789102018,-0.00248290434315232,-0.00255459915251165
2024-05-17,0.00248929730058466,0.00406697009183546,0.00413861716807351
2024-05-20,0.00117391028657393,0.0012061755643161,0.000951287093034313
2024-05-21,0.00207305436724828,0.00150418966815019,0.00132750957950738
2024-05-22,-0.00426950323253272,-0.00635499589822646,-0.0068910090862363
2024-05-23,-0.00819242270308295,-0.00952447209830718,-0.00959250343685276
2024-05-24,0.00551517111946493,0.00386334094124741,0.00278043852624645
2024-05-28,0.00105074199419976,0.00157823256007127,0.0011243139980348
2024-05-29,-0.00701976602129834,-0.00704538120829259,-0.006840884110812
2024-05-30,-0.00461686471425051,-0.00159142718382516,0.00058095203353855
2024-05-31,0.00716564115804233,0.00425180670291955,0.00283520942457026
2024-06-03,0.00219905042845108,0.00427452899062597,0.00553976930813045
2024-06-04,0.000544285315498047,-0.000316254622495822,-0.000167290716274827
2024-06-05,0.0110556135930528,0.00981164084582528,0.0085716006542529
2024-06-06,0.000681692863679439,0.00173212068228265,0.00204155360472166
2024-06-07,-0.00559475300274581,-0.0121633952330402,-0.0152852731382102
2024-06-10,0.00317352832847073,0.00329913192539549,0.00281689666925127
2024-06-11,0.00274043282233172,0.00323892804697201,0.00369257247793011
2024-06-12,0.007394429724385,0.00616627869891695,0.0054932753797676
2024-06-13,0.00145688361012053,0.000622256516262355,0.000803974488169668
2024-06-14,0.00201591066910478,0.00412694979545042,0.00500288945662466
2024-06-17,0.00538271779836229,0.00151864790029107,-0.00103038033331555
2024-06-18,0.00286890429394264,0.00336085963741722,0.00370618120416928
2024-06-20,-0.00117874030440036,0.00112828744216174,0.00191520452586745
2024-06-21,-0.0026007050695293,-0.00449070327585071,-0.00496544829770524
2024-06-24,-0.00211984980570672,-0.000423854976679852,0.000551331911259421
2024-06-25,0.00266916136129384,0.000896630175651365,5.40763476958393e-06
2024-06-26,-0.000527398788453883,-0.00319072474603652,-0.00480641870744528
2024-06-27,0.00261827777512201,0.00418125203243364,0.00476816322470564
2024-06-28,-0.00366974618522613,-0.00327187806566825,-0.00327680675380944
2024-07-01,0.0011625459795204,-0.00018081150000507,-0.00157881618641329
2024-07-02,0.00575693410908475,0.00429755439207666,0.00351580346150017
2024-07-03,0.00536381584634182,0.00671576313267518,0.00738666214647071
2024-07-05,0.00651727665037025,0.0076433166243129,0.00799733512595676
2024-07-08,-0.000285274564080579,-0.00244392802626968,-0.00324699126137217
2024-07-09,0.000809446936251324,0.000565066022370969,0.000248347128613302
2024-07-10,0.00837786791543161,0.00610187851725963,0.00444937492595017
2024-07-11,-0.0044873003498451,0.00171533761956848,0.00528239601193365
2024-07-12,0.00519441052493687,0.00352471026051931,0.00254847409256804
2024-07-15,0.00220668611070741,0.00139186881086425,0.000529329958695014
2024-07-16,0.00718053882966307,0.00905589078477742,0.00953169333583894
2024-07-17,-0.0115970255904295,-0.00796096776189007,-0.00526269570731773
2024-07-18,-0.00706981540029201,-0.00614715211125511,-0.00535486261265734
2024-07-19,-0.00742235248455997,-0.00859514410772103,-0.00863820195250977
2024-07-22,0.00818416857617741,0.00499587723251788,0.00280698227150733
2024-07-23,-0.000829067438327581,0.000280113692831429,0.000880775057092308
2024-07-24,-0.0187025919137582,-0.0127625897482163,-0.00873841167137122
2024-07-25,-0.00551011881767873,-0.0059598806560821,-0.00536619722711103
2024-07-26,0.0104891799115657,0.00942320840475335,0.00842376706955244
2024-07-29,0.000498042657075969,0.000363609060597152,0.000428447590645607
2024-07-30,-0.00284446267698386,0.000488538688247552,0.00231634754593332
2024-07-31,0.0155487184054062,0.0144899176550023,0.0132455028832241
2024-08-01,-0.011246101923643,-0.00687371369848814,-0.00357313389985451
2024-08-02,-0.0135360468231673,-0.00591270568400202,3.92708580835669e-05
2024-08-05,-0.02446578481483,-0.0174789113929116,-0.0121352145033174
2024-08-06,0.00568594587864792,0.00038530600124098,-0.00319329191321274
2024-08-07,-0.00577654852753494,-0.00441493133133172,-0.00365378066810099
2024-08-08,0.019762396377186,0.0147298347646981,0.0104402155339267
2024-08-09,0.00417828589129943,0.00383143724650375,0.00368001431211324
2024-08-12,0.00241420341779353,0.00524714588807335,0.00641817929175342
2024-08-13,0.0134468172536383,0.00894873236135314,0.00624843741126462
2024-08-14,0.00184181395839069,-0.000127720182229788,-0.000966195525887173
2024-08-15,0.0134004115414776,0.00779066085737632,0.00358105021323912
2024-08-16,0.00422837348820781,0.00720813401060095,0.00817330732766293
2024-08-19,0.0076192306979012,0.00470601876019589,0.0029127462861337
2024-08-20,-0.000532487573292475,0.0011076183138049,0.00221813617312612
2024-08-21,0.00282082391907663,0.0018972308829987,0.00145065489419869
2024-08-22,-0.00793655125084728,-0.00806851231650154,-0.0077878299818704
2024-08-23,0.0101178163621736,0.00935674480170764,0.00850285042941871
2024-08-26,-0.00171071653496053,-0.000701286959744418,-0.000249158150791838
2024-08-27,0.00132834372289475,0.00126087792119042,0.00106007704498756
2024-08-28,-0.00539817243576443,-0.00478739113416979,-0.00405445959884576
2024-08-29,0.000415204211721188,0.000903727218755202,0.00088340441057353
2024-08-30,0.00657505871649112,0.00211883585223491,-0.000670198764465424
2024-09-03,-0.0162364278087957,-0.00972240939278304,-0.00483394399325534
2024-09-04,-0.000991338927582234,0.000591460413662534,0.00190881325604677
2024-09-05,-0.00087784970798284,0.0014537731306658,0.00270893878168855
2024-09-06,-0.0140618582960659,-0.00990940885548574,-0.00669971216632144
2024-09-09,0.00951967480079514,0.00700523295000389,0.0051898004280822
2024-09-10,0.00435173178135558,0.00434513651249663,0.00433374435386318
2024-09-11,0.00797696774110961,0.00455468286961437,0.00231730269193858
2024-09-12,0.00833376644990753,0.00819897944065978,0.00714982642446602
2024-09-13,0.00536497640424807,0.00557850122810493,0.00531992030971551
2024-09-16,0.00143601769033902,0.00137485765096148,0.00146975153402456
2024-09-17,-0.000407803613237545,-0.00163236268341957,-0.00226297370808871
2024-09-18,-0.0035781351941585,-0.00449674188193241,-0.00494087510274157
2024-09-19,0.0151244749416878,0.0122144507921588,0.00945680001857014
2024-09-20,-0.000142395097685282,0.00223712971374073,0.00317271402128172
2024-09-23,0.00213212704404461,0.00158208020829667,0.00108787517862996
2024-09-24,0.00379789595934501,0.00520257728444877,0.00549649543638039
2024-09-25,-0.00230883316155165,-0.0024637407137543,-0.00270102763846194
2024-09-26,0.00360907920682812,0.00307557585722745,0.0024298589116035
2024-09-27,-0.00155590036634076,-0.00171420640278899,-0.00122396566091806
2024-09-30,0.0021314097023987,-0.000682319038511207,-0.00229538746773083
2024-10-01,-0.00575382006424308,-0.000946738776813675,0.00191536347910031
2024-10-02,7.29599884691899e-05,-0.000450886648713067,-0.000952872897675228
2024-10-03,-0.00204240609546587,-0.00236375044915393,-0.00279871186669042
2024-10-04,0.00610521761831561,0.00163213980163843,-0.00173260803385941
2024-10-07,-0.0079338735256099,-0.00627415947938764,-0.00517970413123438
2024-10-08,0.00691207093390725,0.00309386686531882,0.000958609384547218
2024-10-09,0.00462240810212492,0.00116616562428271,-0.00105280128178723
2024-10-10,-0.00067624395839826,0.000934642932743174,0.00163622371327246
2024-10-11,0.00591314293423173,0.00580061799963777,0.00519556818535944
2024-10-14,0.00620238885662082,0.00323845725034968,0.00125531018586525
2024-10-15,-0.00535678627822836,-0.00173752396777777,0.00075793962850551
2024-10-16,0.00413322792141102,0.00381348457945374,0.00342821933152659
2024-10-17,0.000148511441216281,0.000242443449937789,-0.000253866614636867
2024-10-18,0.00425376789027672,0.00486470086519564,0.0047984632636439
2024-10-21,-0.0021049847135079,-0.00279915446689258,-0.00363764458035476
2024-10-22,0.000559312194229731,0.00219491879645133,0.00269868381511449
2024-10-23,-0.00874622229745236,-0.00815957866015174,-0.0072816112434702
2024-10-24,0.00272073322947007,0.00355790426779962,0.00384201129191939
2024-10-25,-0.000291511420226209,-0.000210554637932957,-0.00036984400658615
2024-10-28,0.00224534957177,0.000976073097199547,1.20046038383212e-05
2024-10-29,0.00242634172136292,0.00363842578919067,0.00392285258131112
2024-10-30,-0.00201721851562264,-0.00050551918099123,0.000153089224536441
2024-10-31,-0.0172850118041854,-0.0138076234440519,-0.0107410454586382
2024-11-01,0.00237403800571697,-0.00039574492292052,-0.00233323426800842
2024-11-04,-0.00104693903478461,0.000613838831883315,0.00191661283061107
2024-11-05,0.00995217709431055,0.00674238605592392,0.0045163540066909
2024-11-06,0.0158243005816397,0.0022623769549973,-0.00577431546968922
2024-11-07,0.00859748261090043,0.00989577407229952,0.0103596106451424
2024-11-08,0.00300129301209596,0.00100546213586009,0.000119758561809511
2024-11-11,-0.00186090174411411,-0.00608149332195763,-0.00785964664554309
2024-11-12,-0.00397624779437917,-0.00528110379832608,-0.00603345866350025
2024-11-13,-0.000683870728281667,-0.0024381748864723,-0.00313578997489733
2024-11-14,-0.00541565595679665,-0.00389411316319105,-0.00275465797264085
2024-11-15,-0.0103812950966708,-0.00674017234832659,-0.00420271368190835
2024-11-18,0.00540504766204879,0.00736638684278417,0.00783545021538302
2024-11-19,0.0040341545331996,0.00460216225745252,0.00463978574068755
2024-11-20,0.000684808572869355,0.00120398071692648,0.0011938176717275
2024-11-21,0.005075183524874,0.00463544642979408,0.00389859345444235
2024-11-22,0.00383289523411197,0.00493316250033628,0.0050541470943068
2024-11-25,0.000846873306411526,-0.00297104567015662,-0.00350386373020034
2024-11-26,0.00415962934815069,0.00256685199405815,0.0013023918058771
2024-11-27,-0.00179928301697543,4.68821553569175e-05,0.00136776987152208
2024-11-29,0.00625401040242022,0.0063170842761025,0.00613889962740841
2024-12-02,0.000550179707327981,-0.00131340296838395,-0.00212228848931786
2024-12-03,0.000287699052101376,2.37282571446955e-05,-0.000395152196044512
2024-12-04,0.00565150489934467,0.0048143566549339,0.00429480080269298
2024-12-05,-0.00206685430676612,-0.00269858186570748,-0.00275510873931775
2024-12-06,0.00186945836493793,0.00183019079023777,0.00194343001079942
2024-12-09,-0.00347402651848714,-0.000960779395183245,4.5540091108806e-05
2024-12-10,-0.00135001037693655,0.00128880648745301,0.00230026993802054
2024-12-11,0.00684244335052723,0.00551011150956224,0.00399746489186235
2024-12-12,-0.00596924395272566,-0.00719452624725739,-0.0074686751858091
2024-12-13,-0.00183559629816611,-0.00429090383727573,-0.00555692599645396
2024-12-16,0.00368953205140734,0.00281885479459754,0.00213365490894004
2024-12-17,-0.00367998676194406,-0.00301973386215615,-0.00238763402604658
2024-12-18,-0.0265341131988006,-0.0216302220606733,-0.0177881605345301
2024-12-19,-0.0005567159614423,-0.000931131967078642,-0.00147836817517896
2024-12-20,0.0110207691147352,0.00953526849613997,0.00820747251404391
2024-12-23,0.00387688551089101,0.000710043310187538,-0.00138710798828997
2024-12-24,0.00914548680892689,0.00619111711400632,0.00414905267103884
2024-12-26,0.000804320504405331,0.00191086130736723,0.00234894678751942
2024-12-27,-0.00936824526368927,-0.00763084356905142,-0.00625904279271205
2024-12-30,-0.00886181101752483,-0.00503711463437647,-0.00203461099539472
2024-12-31,-0.00247061254060269,-0.000719455453623535,4.45329157806032e-05
2025-01-02,-0.000552769434237122,0.00230364201148436,0.00355557767210407
2025-01-03,0.00905417940253532,0.00388023960869045,0.000743051071991545
2025-01-06,0.00438780639991898,0.0023286737757906,0.000968806895801831
2025-01-07,-0.00893511354032608,-0.00538176079410535,-0.00352215310382525
2025-01-08,0.0018745423603094,0.00249494743799406,0.00272987826438489
2025-01-10,-0.011986493731231,-0.00706485395435511,-0.00462580386950038
2025-01-13,7.01753978459391e-05,-0.0021505425391293,-0.00322106951328462
2025-01-14,0.00165854261009623,0.00208262242646889,0.00211934219604048
2025-01-15,0.0163535899206939,0.0135988442542213,0.011914207921343
2025-01-16,-0.000608735287874864,0.00136292300420887,0.0024511672938706
2025-01-17,0.00757710537453621,0.00388267599360802,0.00172297941692079
2025-01-21,0.00920654399297704,0.00928629572633715,0.00873286317514181
2025-01-22,0.00475200577410899,0.00344781238113884,0.00219220052180067
2025-01-23,0.00396552554026838,0.00172678079591674,0.000175325250430083
2025-01-24,-0.00150758507998923,0.000609802800727697,0.00181340242339506
2025-01-27,-0.0117079796775428,-0.00805174487651904,-0.00476957650316033
2025-01-28,0.00775042848537373,0.00648724307046889,0.00521767108673787
2025-01-29,-0.00408863225536299,-0.00349704826640637,-0.00296972546228313
2025-01-30,0.00602332910115675,0.00700770514223147,0.00701423713930112
2025-01-31,-0.00422093956478779,-0.00256942434494093,-0.00164774400700278
2025-02-03,-0.00477879169714654,-0.00185250569975059,-0.000132911746257224
2025-02-04,0.00659943804179712,0.00643594841388784,0.00595846019115689
2025-02-05,0.0044450998571606,0.00503099946201108,0.00540139483784969
2025-02-06,0.00239796059985835,0.0007813267340282,-0.000222709851680302
2025-02-07,-0.0074760728979698,-0.00495996185060568,-0.00353761481623205
2025-02-10,0.0071051206766502,0.00757632375872032,0.00703280144995132
2025-02-11,-1.43910409957763e-05,-0.0011769291960452,-0.00189824368997188
2025-02-12,-0.0031615369555637,-0.0030716030728658,-0.00340853397360584
2025-02-13,0.0101803042161978,0.0096145622256175,0.00911828368015152
2025-02-14,-0.00110682117265549,-0.0026933246904828,-0.00279756609096257
2025-02-18,0.00346890814827945,0.00426861948559586,0.00370581700046256
2025-02-19,0.00210113897846502,0.00172012835317531,0.00151922269621214
2025-02-20,-0.00307234401754162,-0.00144016307636674,-0.000275711866334729
2025-02-21,-0.0131851937860977,-0.00730670812418259,-0.00304638655495247
2025-02-24,-0.00288384272916897,-0.000384195760926743,0.00111746699084362
2025-02-25,-0.0045093669709891,-0.00381368273160684,-0.0022964807193499
2025-02-26,0.000831054336871607,0.00132066595164937,0.00170810888890285
2025-02-27,-0.0144093547118732,-0.0120806468903871,-0.00982412584589937
2025-02-28,0.0124064175485415,0.00760763114360895,0.00499598759300605
2025-03-03,-0.0123350421307635,-0.00455748369927939,0.00015002758943197
2025-03-04,-0.0089140698026761,-0.00453015065470134,-0.00219966335697146
2025-03-05,0.00824891443031099,0.00450073650150627,0.00161919743465065
2025-03-06,-0.0147617969282069,-0.0102779973002013,-0.00706117659917436
2025-03-07,0.00440911925690153,0.00261550455558313,0.00133018051147935
2025-03-10,-0.021484808707474,-0.0137586922600497,-0.00782053739687224
2025-03-11,-0.00583541936114413,-0.00211894644041965,-0.000406534420700491
2025-03-12,0.00438430124140963,0.00300092349419978,0.00171352172070762
2025-03-13,-0.00848632859617306,-0.00122019349990991,0.00293728527799319
2025-03-14,0.0162165007104751,0.00955767719467308,0.00492444954269194
2025-03-17,0.00679499709079032,0.00542066878989394,0.00427610879137927
2025-03-18,-0.00736305960546571,-0.00219530479629527,0.000724431480719964
2025-03-19,0.00942964735008204,0.00723810776366115,0.00572486475137747
2025-03-20,-0.00229390879196759,-0.00139739606287196,-0.000661983185212935
2025-03-21,-0.000625252157751743,-0.00205784652389648,-0.00265246969341328
2025-03-24,0.013302833933455,0.00639408784233049,0.0017214630838438
2025-03-25,0.00253234660145823,0.00272536676157287,0.00271871706233917
2025-03-26,-0.00986567864265643,-0.00675684520886267,-0.00475923708138791
2025-03-27,-0.000868675347924753,0.00181177691328751,0.00288609153403718
2025-03-28,-0.0145637186241853,-0.00620187065739551,-0.000595063386460462
2025-03-31,0.00710098717743721,0.00768331039644114,0.00750058848542049
2025-04-01,0.00241308469607929,0.00179600861136317,0.00165920243766348
2025-04-02,0.00517346889368183,0.00344118612858665,0.00213656961173196
2025-04-03,-0.039000146153161,-0.0235793197444839,-0.0124827352367816
2025-04-04,-0.0488932764507551,-0.0344185902361668,-0.0234589844739983
2025-04-07,-0.00476445123935549,-0.00923942991879076,-0.0117439411797841
2025-04-08,-0.0124889854080585,-0.007728209346637,-0.00507809627585906
2025-04-09,0.0873985959106569,0.0609674648421007,0.0413391436877026
2025-04-10,-0.0332363947893915,-0.0173623269970217,-0.0083125278140508
2025-04-11,0.015619219788482,0.0122839880489354,0.00882436059036404
2025-04-14,0.00799269469706156,0.00542940630247434,0.0044068709717858
2025-04-15,-0.00142035459359837,0.000650327967399222,0.00191769162975651
2025-04-16,-0.0140947552519027,-0.00189466679863032,0.00482852587259363
2025-04-17,0.000418111452143088,-0.00109511171577273,-0.00202657298454226
2025-04-21,-0.0164872029972904,-0.00551404199652802,-1.47038921205437e-05
2025-04-22,0.0194689257315007,0.00964576839908362,0.00384394765050774
2025-04-23,0.0101046059252524,0.00201830555715584,-0.00212058445423562
2025-04-24,0.0188354377955204,0.0155150687276915,0.012843973675449
2025-04-25,0.00507550046247739,0.00185102457975115,0.000433231769947891
2025-04-28,0.00212836145999389,0.00474895050989099,0.00598345942507801
2025-04-29,0.00441089247850093,0.00157805146218187,0.000349048308235234
2025-04-30,-0.000274385686726442,-0.00128118328627658,-0.00150007751324557
2025-05-01,0.00315684593194146,-0.00273825874753707,-0.005847443100933
2025-05-02,0.011378926698781,0.0061809547804893,0.00229258700197252
2025-05-05,-0.00178018043151808,0.00415099062069013,0.0065219567486007
2025-05-06,-0.00363055165567574,0.00346143072089911,0.006915158830902
2025-05-07,0.00212903780039571,-0.000985893686860635,-0.00218095321479217
2025-05-08,0.00282600574138261,-0.00338667141508909,-0.00693314229033631
2025-05-09,-0.000219574960714029,0.0013622357119531,0.00209116741775949
2025-05-12,0.0229829383666948,0.00788624841532849,-0.00108664486526149
2025-05-13,0.00563438182056186,0.00418004407564959,0.00296020110249455
2025-05-14,-0.00145502140540142,-0.00555448500923913,-0.00742237038007601
2025-05-15,0.00615746015800367,0.00806713679677508,0.00886885232226996
2025-05-16,0.0038904848006791,0.000225094635250091,-0.00159818298248151
2025-05-19,0.00210990413967126,0.00363403921317415,0.00397948858362129
2025-05-20,-0.000955246577073799,0.00265507563200878,0.00406696048968988
2025-05-21,-0.013435729282696,-0.00831313309947608,-0.0056134846443259
2025-05-22,-0.000194686860326609,-0.00107868776687273,-0.00103707462693562
2025-05-23,-0.00298130984094494,0.00278555573807075,0.00567920382322062
2025-05-27,0.0153535415927732,0.00719784907520987,0.00281613880566531
2025-05-28,-0.00513106595871125,-0.00414954227488454,-0.00351995831218701
2025-05-29,0.00416578999386272,0.00449324323316219,0.0046229737087327
2025-05-30,-0.00125567555237391,-0.00146118994958921,-0.00112087670958205
2025-06-02,0.00682511637735275,0.00861312323727454,0.00830633615178658
2025-06-03,0.00358063017316819,0.000397846985976225,-0.00132913251673501
2025-06-04,0.00116474043180839,0.00331436152677034,0.0047929511846502
2025-06-05,-0.0046674669989543,-0.00441935927291506,-0.00414955087022267
2025-06-06,0.00607791271966043,-0.00020868798929313,-0.00412678334266998
2025-06-09,0.00137468013166702,0.00208477599695278,0.00241314666263077
2025-06-10,0.00473595939121359,0.0033352470552433,0.00247216038193283
2025-06-11,-0.00132487089279878,0.000966001314010813,0.00243043253870212
2025-06-12,0.00485660313958121,0.00618001410317921,0.00665883795835799
2025-06-13,-0.00800374044942545,-0.00323940790734613,-0.000903128010806224
2025-06-16,0.00589901286984353,0.000476394044945095,-0.00256890591757924
2025-06-17,-0.00629543535323791,-0.00292103957822643,-0.000452466468873438
2025-06-18,-0.000595664195402579,-0.00126305188219572,-0.00140695071957418
2025-06-20,-0.00185719856295346,-0.00112034731491953,-0.000576437425605457
2025-06-23,0.00855699065284878,0.0065765681365384,0.00527755560743543
2025-06-24,0.00761353008141787,0.00246285617064348,-1.11485961468687e-05
2025-06-25,0.000793929404788263,0.00114442872879833,0.00124722378990181
2025-06-26,0.00650526156015458,0.00452717874377373,0.00344219899352201
2025-06-27,0.0019008895334247,-0.00270027306274015,-0.00499222963310497
2025-06-30,0.00542169649730322,0.00638258300956667,0.00662312534099937
2025-07-01,0.00044803282235949,0.00160545163016027,0.00183821140000538
2025-07-02,0.00396950844521178,0.00312385633930623,0.00217877224443384
2025-07-03,0.00527584402403423,0.00136738231755362,-0.0010706397323986
2025-07-07,-0.00620340390741265,-0.00433033759730483,-0.00327736082016633
2025-07-08,-0.00163072822659195,-0.0032552462398636,-0.00389019468804293
2025-07-09,0.0057639405608177,0.00541491125122889,0.0052184163519261
2025-07-10,0.00242601240900509,0.00183471364440552,0.00130285708514786
2025-07-11,-0.00231643814136985,-0.00051810656222087,-3.14650884859907e-05
2025-07-14,0.00111864319518715,-6.57159057513283e-05,-0.000693721671112223
2025-07-15,-0.00422663308623188,-0.00415668499928518,-0.0040984929132313
2025-07-16,0.00345023525161898,0.00361080145127412,0.0036068771502564
2025-07-17,0.00464652873725368,0.00243678687685853,0.00105636735441754
2025-07-18,-4.96499529867075e-05,0.000974494470698251,0.0016653051694143
2025-07-21,0.00340352473532252,0.00566454908980718,0.006578179381616
2025-07-22,0.00134800234452483,0.00315532411647423,0.00402846978119966
2025-07-23,0.00520793524926325,0.000258673260112093,-0.00259972629283214
2025-07-24,-0.000494808932813584,-0.0017337467460681,-0.00232774190060989
2025-07-25,0.00268716400946404,0.000381531096586035,-0.000576677289713944
2025-07-28,-0.00106982040689763,-0.00229804568428699,-0.00290400948445249
2025-07-29,-0.00117919064921659,0.00100849628008043,0.00265737944153081
2025-07-30,-0.00308163210342377,-0.00581508374199322,-0.00694711875271296
2025-07-31,-0.00225207600024018,-3.35021055225537e-06,0.00120571276937367
2025-08-01,-0.00993107275364779,-0.000242127604476775,0.00577781159682974
2025-08-04,0.0128779821945332,0.00939538496640658,0.0068504361805049
2025-08-05,-0.00404854044519045,-0.00251654753712188,-0.00157195065477391
2025-08-06,0.00584250056544648,0.00311673217232936,0.00136904242870247
2025-08-07,0.000100538314397702,0.0015077817800335,0.00198746409656974
2025-08-08,0.00598556249104325,0.00326754717826938,0.00135164712130692
2025-08-11,-0.00298801522971227,-0.00450372860318767,-0.00477972583264286
2025-08-12,0.00840508027954243,0.00504367420543233,0.00283761654813367
2025-08-13,0.00339989211740504,0.00336500910830884,0.00336751254343428
2025-08-14,-0.000883263105634325,-0.00234774911696292,-0.00316905836469273
2025-08-15,-0.00201356493304565,-0.00152197754744318,-0.00132310097852969
2025-08-18,-0.0004246732702204,-0.000735379513020608,-0.000911712579204805
2025-08-19,-0.00463525220222587,-0.00345029265971019,-0.00226052769545705
2025-08-20,-0.000966649084212971,0.00156900273543804,0.0028267286635756
2025-08-21,-0.00384960111532296,-0.00360626935697053,-0.00341713031593643
2025-08-22,0.0139125729573175,0.0117462478412207,0.0100449590007851
2025-08-25,-0.00396072055947143,-0.00330020825998584,-0.00283831848360251
2025-08-26,0.00433739107730944,0.00456292316843704,0.00448095417018462
2025-08-27,0.00221251936513392,0.00211352848981977,0.00204051605437066
2025-08-28,0.00380420052305788,0.00419831442406332,0.00420467031262777
2025-08-29,-0.0038891498179021,-0.000777210705822931,0.000773360639327945
2025-09-02,-0.00386240572958959,0.0014594290098369,0.0036759782624317
2025-09-03,0.00546421570149676,0.00553119968362936,0.00535694041746198
2025-09-04,0.00669262587326293,0.00419523716764594,0.0029754918915394
2025-09-05,-0.000494553776690206,0.00310826418010508,0.00508684484023053
2025-09-08,0.00341425361679546,0.0048503928760456,0.00539340815253155
2025-09-09,0.00138547989033341,-3.89606019130255e-06,-0.000935108411453447
2025-09-10,0.00294036878819923,0.00301464055199036,0.00301877717977099
2025-09-11,0.00665345196759855,0.0041683743850813,0.00266345181627559
2025-09-12,-0.00035840304373489,-0.000394088194618448,-0.000660391899601321
2025-09-15,0.00546468323994762,0.00567563902443886,0.00537851581290289
2025-09-16,-0.000839084224839049,-3.23818762505432e-05,0.000435990817941611
2025-09-17,-0.00198152122499368,-0.00309015012366223,-0.00355150538516673
2025-09-18,0.00300738515677087,0.00050979517843067,-0.00111991933970958
2025-09-19,0.00498164958810382,0.00502481180726219,0.0045025387787329
2025-09-22,0.00534987294776781,0.00627817041727619,0.00594892559026786
2025-09-23,-0.00366627162501021,-0.00100046680281418,0.000712353030114453
2025-09-24,-0.00372037371833009,-0.00452848411690468,-0.00474845288807364
2025-09-25,-0.00349193921109264,-0.00180960179502351,-0.00100513301550819
2025-09-26,0.0051086114614839,0.00417781210321772,0.00324270013759735
2025-09-29,0.00418894223923722,0.00625680593638361,0.00695605484377368
2025-09-30,0.00382604797503603,0.00391481979892211,0.00352627789055997
2025-10-01,0.00322050417275162,0.00293990629297852,0.00284252813559149
2025-10-02,0.000676719616001573,-3.57683645546574e-05,-0.000284802669674412
2025-10-03,0.000594781331265637,0.00150910437149601,0.00161865688625564
2025-10-06,0.00446310602738254,0.00577842170295119,0.005567786408041
2025-10-07,-0.0022003551259419,6.03505615895926e-05,0.00143436079821101
2025-10-08,0.006440267863434,0.00715609103939558,0.00681912376879191
2025-10-09,-0.00423550921551775,-0.0062432604699382,-0.00669542775367578
2025-10-10,-0.0199895007176604,-0.00943200994551592,-0.0025870719644749
2025-10-13,0.0147569721001171,0.0138763182104786,0.0120999673960994
2025-10-14,-5.37870840280398e-06,0.00181903543418005,0.00280716517415447
2025-10-15,0.00517177322820108,0.0062700092704821,0.00607896654243333
2025-10-16,-0.00264603047067803,0.00360031461159265,0.00682690594673793
2025-10-17,0.002495299946895,-0.00227620067112447,-0.00459836568055655
2025-10-20,0.0120940634761832,0.0146344455910255,0.0145746778069249
2025-10-21,-0.00625431708098969,-0.0156132988224554,-0.0185468908952564
2025-10-22,-0.00412796931566033,-0.00252169934476925,-0.00144591656500585
2025-10-23,0.00481668984333523,0.00314688782258921,0.00166983908265341
2025-10-24,0.00629515574630358,0.00347903270881247,0.00181545005288463
2025-10-27,0.00665421656864105,-0.00106102661312148,-0.00481254554269059
2025-10-28,0.00150054099893163,-0.000232645937556536,-0.000983629939549602
2025-10-29,-0.000640130555643769,-0.00232077293731822,-0.00357465870781468
2025-10-30,-0.00697872486782131,-0.000949594790767226,0.00201553212141683
2025-10-31,0.0021224935914128,0.000385813062459746,-0.000479784333120847
2025-11-03,0.001632986658275,0.00126743601373941,0.000910263718643799
2025-11-04,-0.0111101843807965,-0.00999515103831932,-0.00831375210755501
2025-11-05,0.00345264397749278,0.00343352614823826,0.00260451028883068
2025-11-06,-0.00819394094342176,-0.00439085253955586,-0.0015406454993886
2025-11-07,0.00144089154161267,0.00212546748196579,0.00229659203344708
2025-11-10,0.0150832034247064,0.0143013563745001,0.0123458409436069
2025-11-11,0.00253578964852428,0.00290574956764272,0.00311084301635123
2025-11-12,0.00207683387214277,0.00435748677069514,0.00508270332070091
2025-11-13,-0.0143725387093486,-0.011040314567266,-0.00855918272067464
2025-11-14,-0.00210129511307249,-0.00500785863330473,-0.00612598964634477
2025-11-17,-0.0084855489645024,-0.00723908651481276,-0.00577787852850531
2025-11-18,-0.00582576233959653,-0.00196821501168098,0.000323092986803307
2025-11-19,0.00318111303790233,0.00215798291937472,0.00135822758310151
2025-11-20,-0.0119851908965919,-0.00709947221733066,-0.00370865464978838
2025-11-21,0.00814458413225089,0.00541962586567665,0.00384552301145164
2025-11-24,0.0135135548190082,0.0117061264542496,0.00978612488585022
2025-11-25,0.007750003023582,0.00526615808079461,0.0037544721802593
2025-11-26,0.00640465537386987,0.00565627591514639,0.00479842006688036
2025-11-28,0.00543510783233107,0.00540016007290527,0.00466861981247732
2025-12-01,-0.00370719550311095,-0.00241986535395059,-0.00207118336854324
2025-12-02,0.00092049093194684,-0.000477086581301576,-0.0010454380957789
2025-12-03,0.00288393495837297,0.00201568570604152,0.00158667505532756
2025-12-04,0.000340092059175534,-0.000246354083058397,-0.000824314129341629
2025-12-05,0.00113450583330519,-1.30406808016025e-05,-0.000792398180721609
2025-12-08,-0.00287468422465544,-0.00268029428962657,-0.00252238711920354
2025-12-09,-0.000322222539737893,0.000489161101097174,0.000700510043957248
2025-12-10,0.00605420826117678,0.00518711863942051,0.0045573410218489
2025-12-11,0.00294891144870771,0.00388185642597872,0.00397051316197171
2025-12-12,-0.00831176159913999,-0.00465131700520462,-0.00262553611477284
2025-12-15,-0.00103442944566494,-0.000319876789433014,0.000152561952107833
2025-12-16,-0.00188263525288832,-0.000608141739301238,0.000370376471997492
2025-12-17,-0.0079647915311361,-0.00340654867477815,-0.000807490676051625
2025-12-18,0.00611975397480229,0.00397238607058343,0.00276047179410646
2025-12-19,0.00713869117216707,0.00425155971123997,0.00215787376391425
2025-12-22,0.00718816687745315,0.0086255787761523,0.0083778193527767
2025-12-23,0.0049399950255391,0.00549430533619744,0.00518042694294221
2025-12-24,0.00266083113422181,0.00137564737725645,0.000855633907323161
2025-12-26,0.00117996032423635,0.0031020233589556,0.00384627134297475
2025-12-29,-0.00705857517972492,-0.0123009956387296,-0.0135469487231285
2025-12-30,-0.00100765750338112,-0.000687492656579413,-0.000562194667099779
